word,count	
ABUJA,2	
ACCOUNTSFacebook,1	
ADVISORS,1	
ALAN,1	
ALLIANZ,1	
AMC,1	
ARD,1	
ASSOCIATES,2	
Abbey,3	
Abernathy,3	
AbernathyMany,1	
Abington,1	
Ablan,1	
Ackmans,1	
Act,8	
Action,1	
Acxiom,1	
Adam,2	
Addison,2	
Additional,9	
Adler,1	
Administration,2	
Admissions,1	
Adrian,1	
Ads,3	
Advertisers,1	
Advisors,1	
Aerie,1	
Africa,7	
African,7	
Africans,4	
Agency,10	
AggregateIQ,5	
Aghdam,6	
Aghdams,1	
Agreement,1	
Agriculture,1	
Ahmed,1	
Ainsworth,1	
Airbnb,5	
Alan,1	
Alaska,1	
Alastair,1	
Albany,2	
Albert,1	
Alberta,1	
AlbertaI,1	
Alec,1	
Aleksander,1	
Aleksandr,3	
Alerts,1	
Alex,3	
Alexa,9	
Alexander,1	
Alexandra,1	
Alexis,4	
Alibaba,2	
Alissa,1	
Alistair,2	
Alix,1	
Alliance,1	
Allison,1	
Alongside,1	
Alphabet,11	
Also,4	
Although,2	
Always,1	
Alyssa,1	
Alzheimers,2	
Amalgamated,2	
Amalgamateds,1	
Amazon,43	
Amazons,8	
America,4	
American,20	
Americans,10	
Among,2	
Amy,1	
Ana,1	
Analytica,146	
Analyticas,1	
Anbang,1	
Andrew,4	
Android,10	
Andy,1	
Angela,1	
Angelene,4	
Angeles,2	
Anger,1	
Anick,1	
Anne,2	
Another,3	
Anson,1	
Antitrust,1	
Antony,1	
Anyone,2	
Anyway,1	
Apology,1	
Appear,1	
Apple,13	
Apples,2	
Applications,1	
April,31	
AprilAnd,1	
Arabia,1	
Architects,1	
Area,2	
Arizona,1	
Arjun,3	
Arkansas,1	
Army,1	
Arthur,5	
Arthurs,1	
Article,1	
Articles,1	
Asian,3	
Asset,1	
Assistant,3	
Association,4	
Astronomer,2	
Athlete,1	
Atlanta,1	
Atlantic,2	
Attorney,5	
Auchard,2	
Aug,1	
August,3	
Aung,1	
Austin,1	
Australia,6	
Australian,17	
Austrias,1	
Authorities,1	
Authority,1	
Automatic,1	
Autopilot,3	
Autopilots,1	
Award,1	
Axios,1	
Aye,1	
Azerbaijan,1	
BERLIN,1	
BOSTON,2	
BRUNO,1	
BRUSSELS,2	
BTIG,1	
Babe,2	
Baker,6	
BakerElla,1	
Bakish,2	
Balsam,1	
Balsams,1	
Bandolino,1	
Bang,2	
Bank,7	
Bannister,1	
Bannon,1	
Barack,2	
Barbara,1	
Bargain,1	
Barley,5	
Barry,1	
Bartunek,1	
Baseball,2	
Basics,5	
Bates,2	
Batess,1	
Bath,1	
Bay,2	
Beau,1	
Beijing,4	
Beijings,1	
Belzberg,1	
Benckiser,1	
Bend,1	
Bengaluru,1	
Benioff,1	
Benkoe,2	
Bennett,1	
Bernard,2	
Bernays,1	
Bernice,1	
Best,3	
Beyond,1	
Big,7	
Bill,7	
Bitcoin,10	
Black,1	
Blackstone,3	
Blackstones,1	
Blacktivist,1	
Blockbuster,1	
Blockchain,1	
Blockstack,2	
Bloomberg,13	
Bloombergs,1	
Board,4	
Bob,2	
Boehler,1	
Boeing,3	
Bolton,2	
Book,2	
Boston,7	
Bostons,2	
Bosworth,2	
Bothered,1	
Botox,1	
Boudette,1	
Bowl,1	
Bowles,1	
Boys,2	
Bradley,1	
Bradsher,1	
Braking,1	
Brandeis,1	
Brands,1	
Brazil,1	
Break,1	
Breakigviews,1	
Breitbart,2	
Brent,2	
Brexit,23	
Brexits,1	
Brian,4	
Brief,4	
Briefing,6	
Brigham,1	
Britain,17	
Britains,9	
British,25	
Britons,1	
Broadcast,2	
Broadcom,2	
Broadway,1	
Bronx,2	
Brooklyn,1	
Brooks,1	
Brother,1	
Brown,2	
Browse,1	
Bruno,1	
Brussels,1	
Bruzzese,1	
Buchan,2	
Buck,1	
Buckley,1	
Budget,1	
Buffier,1	
Buhari,1	
Bumble,1	
Bureau,4	
Burroughs,1	
Business,2	
CAMBRIDGE,3	
CANAVAN,1	
CAPITAL,1	
CBS,3	
CEO,24	
CEOs,1	
CHANGING,1	
CHARLOTTE,1	
CHIEF,1	
CITY,1	
CNBC,1	
CNET,1	
CNN,2	
CONSULTING,1	
COO,2	
CROSSING,1	
CURRENCY,1	
CVS,2	
Caius,2	
Calif,3	
California,8	
Caliphate,1	
Callimachi,1	
Cally,2	
CalmThe,1	
Cambridge,184	
Camillus,1	
Campaign,1	
Canada,9	
Canadian,10	
Canadians,3	
Cap,2	
Capital,5	
Capitol,4	
Carbanak,1	
Carbonnel,1	
Cardi,1	
Cardozo,2	
Caribbean,2	
Carl,1	
Carr,5	
Carrel,1	
Carter,12	
Carters,2	
Casey,1	
Cassell,1	
Catherine,1	
Catz,2	
Center,10	
Central,1	
Ceremonial,1	
Cfius,1	
Chairman,3	
Chang,2	
Chapter,2	
Charles,1	
Charleston,1	
Chase,1	
Chases,2	
Cher,3	
Chester,4	
Chicago,2	
Chief,25	
Childrens,1	
Chin,1	
China,40	
Chinas,4	
Chinese,17	
Chocolate,1	
Chris,2	
Christ,1	
Christian,5	
Christopher,4	
Chuck,1	
Church,3	
Cindy,1	
Cinema,1	
Cinerama,1	
Citadel,4	
Citadels,1	
Citigroup,1	
City,3	
CityScope,1	
Civil,4	
Clarence,1	
Clark,5	
ClarkMonths,1	
Click,1	
Club,1	
Cobalt,1	
Codacons,2	
Coffee,1	
Cohen,5	
Cohens,3	
Collar,1	
Collection,1	
College,10	
Collins,4	
Colman,1	
Colombe,1	
Columbia,5	
Comcast,2	
Commerce,23	
Commerzbank,2	
Commission,21	
Commissioner,13	
Committee,22	
Committees,6	
Common,1	
Communications,4	
Community,1	
Companies,2	
Company,3	
Composite,2	
Comptroller,1	
Confederate,1	
Conference,1	
Congress,40	
Conservatives,1	
Consovoy,1	
Consular,2	
Consumer,5	
Consumers,1	
Contact,2	
Continent,1	
Convention,2	
Cook,4	
Cooney,2	
Coordinating,1	
Coram,1	
Corkum,4	
Cornell,1	
Corner,2	
Corp,1	
Cotton,4	
Council,5	
Counsel,1	
Court,6	
Courts,1	
CowleyBlackRock,1	
Cox,2	
Crawford,1	
Criminal,1	
Critics,3	
Cropley,1	
Crow,1	
Cruz,1	
Cue,1	
Culture,1	
Cunningham,2	
Currency,1	
Cushing,1	
Customers,2	
Czech,1	
DATA,3	
DATAPrivacy,1	
DIRECTOR,1	
DNA,4	
Dada,1	
Dadaist,1	
Dai,1	
Daily,1	
Daisuke,1	
Dakota,1	
Dalgleish,3	
Dame,1	
Damian,2	
Damien,1	
Damme,2	
Damore,2	
Dane,2	
Dar,1	
Dara,1	
Dasgupta,1	
Data,4	
David,16	
Davidson,1	
Dean,1	
Death,1	
December,6	
Deere,1	
Defense,2	
Delays,1	
Delivery,1	
Delrahim,1	
Democracy,3	
Democrat,12	
Democratic,10	
Democrats,4	
Denham,3	
Denhollander,1	
Dennis,1	
Department,16	
Departments,1	
Deputy,1	
Despite,2	
Deutsche,4	
Development,1	
Devet,1	
Diane,1	
Diego,1	
Dies,1	
Digital,6	
Dilma,1	
Dimon,14	
Dimons,5	
Directorate,1	
Disease,1	
Disney,1	
District,2	
Doctor,1	
Donald,16	
Dont,4	
Doppelt,1	
Dorothy,2	
Douglas,4	
Dow,6	
Dozens,1	
Dreamers,1	
Dress,1	
Drug,1	
Dubious,1	
Duchess,1	
Dumoulin,2	
Duo,1	
Dutch,1	
Duterte,1	
Dwight,1	
ECONOMIST,1	
EPIC,1	
ESG,1	
ETF,1	
EUROPEAN,2	
Earlier,1	
East,1	
Eastern,1	
EavisA,1	
EavisAfter,1	
EavisMick,1	
EavisTech,1	
Eaviss,1	
EbnerLake,1	
Ecclesiastes,2	
Echo,4	
EchoMetrix,5	
Eddie,3	
Eden,3	
Editing,19	
Educated,1	
Education,3	
Eerily,1	
Effectively,1	
Einhorn,3	
Einhorns,1	
Elections,2	
Electric,3	
Electronic,6	
Elisabeth,1	
Elizabeth,6	
Elkus,1	
Ella,1	
Ellas,1	
Elliott,2	
Elon,7	
Emboldened,1	
Emergency,1	
Emmanuel,3	
End,1	
Energy,14	
Engineering,1	
England,1	
English,5	
Entertainment,1	
Entrepreneurs,1	
Episcopalian,1	
Equifax,5	
Eric,6	
Errol,1	
Essen,1	
Eswar,1	
Ethiopia,1	
Europe,14	
European,50	
Europeans,10	
Europes,3	
Evans,1	
Even,2	
Evening,2	
Evercore,4	
Every,2	
Everyone,1	
Everything,2	
Everytown,2	
Evil,1	
Except,1	
Exchange,1	
Executive,19	
Expedia,1	
Experian,1	
Extended,1	
Eze,2	
FACEBOOK,2	
FAN,6	
FANG,3	
FANGs,1	
FARGO,1	
FEDERAL,2	
FIRM,1	
FLORHAM,1	
FRANCISCO,8	
FTC,11	
FTs,1	
Facebook,483	
Facebooks,17	
Factory,1	
Fair,2	
Falk,4	
Fallon,1	
FamilySafe,1	
Fannie,2	
Fare,1	
Fargo,2	
February,15	
FebruaryWASHINGTON,1	
Fed,17	
Federal,22	
Felicity,1	
Fellowes,1	
Fenway,1	
Ferguson,1	
Fernandez,1	
Ferrell,2	
Festival,1	
Fick,1	
Fidessa,1	
Fiennes,1	
Fifty,1	
Film,1	
Financial,4	
First,3	
FirstEnergy,1	
Five,2	
Flahive,2	
Fleetwood,1	
Florida,1	
Flying,1	
Focus,1	
Folk,1	
Following,1	
Food,1	
Foods,1	
Forbes,2	
Forest,2	
Format,1	
Forte,1	
Fortress,1	
Foundation,4	
Foundations,1	
Fox,2	
France,6	
Francisco,2	
Frank,4	
Free,6	
Freedom,3	
French,4	
Friday,26	
Friend,1	
Frontier,3	
Fumbuka,1	
GDPR,6	
GENERALE,1	
GIF,1	
GLOBAL,2	
GOP,2	
GROUP,1	
GSR,2	
Gadfly,2	
Gallup,1	
Gamble,1	
Game,1	
Garba,1	
Garner,1	
Gatess,1	
Gattaca,1	
Gebhardt,2	
Gelzinis,1	
General,9	
Generals,1	
Generation,1	
Geoffrey,1	
George,4	
Georgia,1	
German,7	
Germany,2	
Giannandrea,1	
Gibson,4	
Giovanni,2	
GlaxoSmithKline,1	
Gleicher,2	
Glendale,1	
Global,3	
Globe,1	
Gloria,3	
Glorious,1	
Glut,1	
God,1	
Goldman,3	
Gonville,2	
Good,4	
Goodluck,5	
Google,45	
Googlers,1	
Googles,4	
Gordon,1	
Gradalski,2	
Grail,1	
Grant,2	
Graphics,1	
Grassley,1	
Gray,4	
Great,4	
Greater,1	
Green,1	
Greenberg,1	
Greenfield,1	
Greenlight,1	
Greg,5	
Gregg,1	
Grenfell,1	
Gribbin,1	
Griffins,1	
Grobert,3	
Groberts,1	
Gross,1	
Group,9	
Groups,1	
Guard,2	
Guardian,1	
Guardsman,2	
Guinness,1	
Gulf,1	
Gun,2	
Gurman,1	
Gyimah,1	
HAL,6	
HARD,1	
HEAD,1	
Hackers,1	
Hague,1	
Hamer,2	
HamerA,1	
Hammond,2	
Hampshire,1	
Hancock,2	
Hansen,1	
Hares,1	
Hari,1	
HarrisonSanta,1	
Harvard,11	
Hattari,3	
Hawaii,3	
Hawking,17	
Hawkings,1	
Head,2	
Health,2	
Heard,1	
Hearings,2	
Heart,1	
Heating,2	
Hed,1	
Hedlund,1	
Height,2	
HeightDorothy,1	
Henderson,7	
Henry,4	
Hens,2	
Hensarling,1	
Heres,14	
Hes,4	
Hey,1	
High,2	
Highlander,4	
Hill,5	
Hillary,1	
Himani,3	
Himel,2	
History,5	
Holdings,1	
Holes,1	
Hollander,15	
Hollanders,4	
Hollywood,2	
Holy,1	
Home,5	
Homeland,1	
Honest,3	
Honey,1	
Hong,1	
Hook,1	
Hopefully,1	
House,41	
Houses,2	
However,2	
Htaike,1	
Huang,8	
Huckabee,1	
Hult,1	
Humana,1	
Hundreds,3	
Huynh,1	
Hyundai,1	
ICO,8	
ICT,1	
INDIVIDUAL,2	
INFORMATION,2	
INVESTMENT,4	
IRA,8	
ISIS,3	
Ian,1	
Icahn,1	
Iceland,1	
Idaho,1	
Idol,1	
Ikechukwu,1	
Ill,1	
Importantly,1	
Inc,33	
Incio,1	
Increasingly,1	
Index,1	
India,2	
Indian,3	
Indias,1	
Individual,2	
Indonesia,6	
Indonesian,9	
Indonesians,3	
Information,15	
Ingram,4	
Initiative,1	
Inquirer,1	
Inside,1	
Instagram,19	
Institute,4	
Institutions,1	
Insufficient,1	
Intel,1	
Intelligence,5	
Interchange,1	
International,3	
Internet,13	
Investigators,4	
Investment,1	
Investor,1	
Investors,4	
Iran,2	
Iraq,4	
Iraqwebservice,1	
Irving,1	
Irwin,1	
Isaac,3	
Islamic,4	
Island,1	
Isle,1	
Italian,1	
Italians,3	
Ithaca,1	
Ive,1	
Ivy,1	
Izzard,1	
JAKARTA,2	
JERSEY,1	
JPMorgan,5	
Jack,2	
Jackie,1	
James,9	
Jamie,5	
Jane,2	
January,3	
Janus,1	
Japanese,1	
Japans,1	
Jay,3	
Jeanswear,1	
Jeb,1	
Jeff,6	
Jeffrey,3	
Jen,1	
Jennifer,2	
Jerome,3	
Jersey,2	
Jesdanun,1	
Jesse,1	
Jewelry,1	
Jim,2	
Jimmy,2	
Joan,1	
Joe,2	
Joel,2	
Johannesburg,1	
John,10	
Johnson,7	
Jonathan,5	
Jones,7	
Jordan,1	
Joseph,4	
Josh,3	
Jourova,4	
Joyce,1	
Juanita,1	
Jubilee,1	
Judas,1	
Judge,2	
Judiciary,11	
Julian,1	
Julie,1	
June,3	
Justice,17	
Justin,1	
Kanupriya,1	
Kaplan,2	
Karsonya,1	
Kasich,1	
Kasper,1	
Kass,3	
Katarina,2	
Kate,2	
Keith,2	
Kelly,1	
Ken,2	
Kennedy,1	
Kenobi,1	
Kenya,5	
Kenyan,1	
Kenyas,1	
Kenyatta,1	
Kevin,1	
Keyhole,2	
Khanh,1	
Khosrowshahi,1	
King,4	
Kings,3	
Kirby,1	
Kirsten,1	
Kiss,1	
Klobuchar,1	
Knight,4	
Known,1	
Kogan,10	
Kongs,1	
Korea,1	
Korean,1	
Kuala,1	
Kubrick,5	
Kubricks,2	
Kudlow,1	
Kujawa,1	
Kushner,1	
Kwame,1	
Kyle,1	
LANCZ,2	
LEUTHOLD,1	
LIBERTYVIEW,1	
LLC,1	
LONDON,6	
LStar,2	
Labor,1	
Labour,1	
Labs,3	
Lachapelle,1	
Lake,1	
Larry,3	
Later,1	
Latest,6	
Law,2	
Leadership,1	
League,5	
Leap,1	
Lee,1	
LegiStorm,1	
Lenin,1	
Leninist,1	
Leonard,2	
Leslie,1	
Lesser,1	
Lester,1	
Leuthold,1	
Lewis,2	
Liam,1	
Liberties,3	
Life,2	
Lily,1	
Limiting,1	
Lincoln,1	
Lisa,1	
Listen,1	
Litt,4	
Live,4	
Lodging,2	
London,14	
Londons,1	
Longfin,1	
Longmeadow,1	
Looking,3	
Lookout,2	
Lord,1	
Los,2	
Lost,2	
Lou,3	
Louis,1	
Loyola,1	
Lucy,1	
Luff,2	
Luiz,1	
Lula,1	
Lumpur,1	
Luongo,1	
Luther,1	
Lyft,3	
Lyndon,1	
MAD,1	
MANAGEMENT,2	
MANAGER,1	
MARKET,2	
MCCARTHY,1	
MECKLER,1	
MITs,1	
MORGANLANDER,1	
MSCI,1	
Mac,1	
Machine,1	
Macron,4	
Made,1	
Magazine,3	
Maggie,2	
Magic,1	
Magistrates,1	
Mail,1	
Main,2	
Major,2	
Makan,1	
Makini,2	
Malaysia,2	
Maler,1	
Mali,1	
Malwarebytes,1	
Management,6	
Manager,1	
Manfredi,2	
Manhattan,1	
Many,3	
Marber,6	
Marc,1	
March,28	
MarchBALTIMORE,1	
Margrethe,1	
Marjory,1	
Mark,61	
Markets,1	
Marley,2	
Marlne,1	
Martin,7	
Mary,2	
Maryland,4	
Masa,1	
Mass,3	
Massachusetts,8	
Matt,3	
Matthews,7	
Max,1	
May,10	
Maybe,5	
Mayree,1	
Mays,1	
McCool,2	
McSweeny,2	
Meanwhile,1	
Media,5	
Meet,1	
Meghan,1	
Meituan,1	
Melinda,1	
Melora,1	
Memorial,1	
Memories,1	
Memphis,2	
Menier,1	
Menn,4	
MercedFacebook,1	
Mercer,1	
Messenger,2	
Mestrich,1	
Metallica,1	
MetroCard,1	
Mexico,3	
Michael,8	
Michele,1	
Microsoft,1	
Middleton,3	
Mike,8	
Milano,1	
Mile,1	
Millions,1	
Milton,1	
Minis,1	
Minister,6	
Ministry,4	
Minnesota,1	
Mississippi,3	
Mnuchin,1	
Mobike,1	
Mobility,1	
Model,3	
Moelis,1	
Mohammad,2	
Monday,19	
Monica,1	
Monteagle,1	
Montgomery,4	
Month,1	
Monty,1	
Moonves,1	
Moorthy,1	
Morgan,1	
Morning,6	
Morris,1	
Moscow,3	
Moses,1	
Mosul,2	
Motion,1	
Motor,1	
Motors,1	
Movie,2	
Movies,1	
Mozilla,2	
Much,1	
Mud,2	
Mueller,5	
Muellers,2	
Muhammadu,1	
Mukherjee,2	
Mulvaney,4	
Murray,10	
Murrays,3	
Museum,1	
Music,2	
MusicIts,1	
Musk,7	
Musks,1	
Muslim,1	
Muvija,1	
Myanmar,4	
Myers,1	
NBC,1	
NBCs,1	
NEED,1	
NORTH,1	
NRA,3	
NRATV,1	
NYC,1	
NYT,27	
Nader,1	
Naidoo,1	
Nairobi,1	
Najafi,4	
Name,1	
Nancy,1	
Nanjira,1	
Nasdaq,4	
Nash,6	
Nasim,5	
Nassar,4	
Nate,4	
Nathaniel,3	
Nation,3	
National,18	
Nationally,1	
Nations,1	
Natural,3	
Ndiso,1	
Neal,1	
Nearly,1	
Neeson,1	
Negro,4	
Neil,1	
Neither,2	
Nellie,1	
Nest,1	
Netflix,9	
Neurone,1	
Newell,1	
News,5	
NewsHour,1	
Newton,3	
Next,1	
Nicas,1	
Nick,2	
Nicole,4	
Nigeria,4	
Nigerian,5	
Nigerias,1	
Night,2	
Nights,2	
Nike,1	
Nikes,1	
Nine,2	
Nix,1	
Nonviolent,2	
North,3	
Notre,1	
November,3	
Nutrition,1	
OReilly,2	
Oakland,1	
Obama,4	
Observer,6	
Obviously,1	
October,6	
Odyssey,1	
Office,10	
OfficePresidents,1	
Officer,17	
Official,1	
Ohanian,2	
Olivia,1	
Olson,1	
Online,1	
Open,3	
Operating,1	
Opinion,2	
Optimus,2	
Oracle,2	
Oracles,1	
Oregon,1	
Organization,1	
Orr,2	
Ortutay,1	
OttawaThe,1	
Outside,2	
Oval,1	
Ovide,1	
Oxford,4	
Oxfords,1	
Ozer,3	
PARIS,1	
PARK,1	
PAULSEN,1	
PAYMENTS,1	
PBS,3	
PDP,3	
PEOPLE,1	
PEREZ,1	
PIRG,2	
PORTFOLIO,1	
PRESIDENT,2	
PRIVACYPrivacy,3	
PRODUCT,1	
PROTECTIONGrowth,1	
Pahl,2	
Pallone,5	
Pamela,1	
Pan,2	
Panchadar,3	
Paris,2	
Parisian,1	
Park,1	
Parker,12	
Parkers,1	
Parkland,2	
Parks,3	
Partners,2	
Party,7	
Parul,1	
Pasquale,4	
Patrick,2	
Paul,6	
Paulsen,1	
Penn,1	
Pennsylvania,1	
Pentagon,4	
Pentagons,1	
People,4	
Peoples,1	
Pep,2	
Perhaps,2	
Perry,2	
Pershing,1	
Pet,1	
Peter,12	
Peterson,1	
Pew,1	
Pfizer,1	
Phil,1	
Philadelphia,2	
Philippine,1	
Philippines,1	
Picture,1	
Pictures,1	
Pierre,1	
Pillsbury,1	
Pinpointing,1	
Pippa,1	
Pirates,1	
Pitruzzella,2	
Pivotal,3	
Place,1	
Plans,1	
Play,6	
Please,3	
Plessy,1	
Podcasts,2	
Point,8	
Points,2	
Poland,1	
Polar,1	
Police,6	
Policy,3	
Politico,1	
Poors,1	
Portola,1	
Post,3	
Postal,9	
Posts,1	
Poulin,1	
Powell,13	
Power,1	
Powers,1	
Prasad,1	
Prescott,1	
President,50	
Press,2	
Previously,1	
Prime,2	
Prince,1	
Princess,1	
Privacy,13	
Procter,1	
Prodrive,2	
Professor,1	
Progress,1	
Project,2	
Prospective,1	
Protecting,2	
Protection,7	
Protectionist,1	
Protext,1	
Pruitt,2	
Public,2	
Pulse,1	
Putting,1	
Python,1	
Qualcomm,1	
Quayside,1	
QuebecI,1	
Queen,1	
Quotation,1	
RAJAPPA,1	
RATES,1	
RBC,1	
RESEARCH,1	
RIPLEY,1	
Rachael,2	
Rai,2	
Rain,8	
Rains,2	
Raise,1	
Raleigh,2	
Ralph,1	
Raymond,1	
Rays,1	
Reacting,1	
Read,1	
Readers,1	
Reagon,2	
ReagonAs,1	
Rebel,1	
Recipe,2	
Reckitt,1	
Recode,1	
Recollections,1	
Reconcile,1	
Reddit,2	
Redeemer,1	
Redmayne,3	
Redstone,1	
Rees,3	
Reese,2	
Regulation,3	
Regulators,1	
Regulatory,1	
Remington,1	
Representative,1	
Representatives,1	
Reps,1	
Republic,1	
Republican,9	
Require,3	
Research,15	
Reserve,6	
Retailers,1	
Retirement,2	
Reuters,15	
Rev,4	
Revelations,1	
Review,1	
Reviews,1	
Rich,1	
Richard,2	
Richardson,4	
RichardsonAs,1	
Ride,2	
Rides,1	
Ridout,2	
Rifle,1	
Rigby,3	
Rights,1	
Rise,1	
Ritholtz,1	
Riyadh,1	
Rob,2	
Robert,13	
Robinson,1	
Rock,4	
Rockland,1	
Rodrigo,1	
Rodriguez,4	
Roger,2	
Rohingya,1	
Roose,2	
Rosa,2	
Rose,4	
Roskomnadzor,1	
Ross,2	
Roston,1	
Roundabout,1	
Rousseff,1	
Roy,1	
Royal,4	
Ruben,2	
Rudiantara,3	
Rukmini,1	
Rules,1	
Russell,4	
Russia,14	
Russian,25	
Russians,6	
Russias,2	
Ruth,2	
Ryan,3	
SAC,2	
SAN,8	
SCHAMOTTA,1	
SCL,4	
SCOPE,1	
SENIOR,2	
SFFA,2	
SNCC,3	
SOCIETE,1	
STONE,1	
STRATEGIST,3	
STRATEGY,2	
SUVs,1	
SYDNEY,3	
Sacco,2	
Sachi,1	
Sachs,1	
Safety,3	
Safra,2	
Saks,1	
Salvador,3	
Sambuli,2	
Samuel,1	
San,10	
SandRidge,1	
Sandberg,19	
Sanders,1	
Sandle,2	
Sandra,3	
Sandy,1	
Santa,1	
Sarah,2	
Sarkar,3	
Saturday,5	
Saudi,4	
Saudis,2	
Sauveur,1	
Saylor,1	
Schiappa,1	
Schiff,1	
School,4	
Schrems,1	
Schroepfer,4	
Schwarzman,1	
Science,4	
Scott,4	
Scottish,1	
Seabreeze,1	
Seaport,1	
Search,2	
SearchHelp,1	
Second,1	
Secretary,1	
Securities,1	
Security,7	
Seeing,2	
Sehgal,1	
Selma,1	
Sen,2	
Sena,2	
Senate,26	
Senates,3	
Senator,4	
Sense,1	
Separately,3	
September,4	
Septima,1	
Serena,1	
Service,8	
Services,2	
Settlement,1	
Setyo,1	
Several,1	
Shane,2	
Shares,4	
Shari,1	
Shaw,1	
Shea,1	
Shehu,1	
Sher,1	
Sherman,1	
Sheryl,12	
Shift,1	
Shira,1	
Shore,1	
Short,1	
Shounak,1	
Shows,1	
Shumaker,1	
Sidewalk,2	
Sign,4	
Silicon,10	
Silva,3	
Similarly,1	
Simon,1	
Simpsons,2	
Since,5	
Sinclair,2	
Siri,1	
Six,1	
Skadden,1	
Skripal,1	
Sky,2	
Skye,1	
Small,1	
Smartphone,1	
Smartphones,1	
Smith,3	
Smiths,1	
Smucker,1	
Social,2	
SoftBanks,2	
Son,1	
Sonam,2	
Song,1	
Songdo,2	
Soniac,4	
Soniacs,1	
Sony,7	
Sonys,1	
Sorkin,1	
SorkinJamie,1	
Sorrell,3	
South,6	
Southern,2	
Space,3	
SpaceX,1	
Special,1	
Spectator,1	
Spider,1	
Spoils,1	
Sport,1	
Sports,3	
Spotify,4	
Spotifys,4	
Square,1	
Stacy,1	
StaffordRye,1	
Standard,6	
Stanley,2	
Star,2	
Starboard,1	
State,12	
States,49	
Stenehjem,2	
Stephen,8	
Steve,2	
Steven,1	
Still,1	
Stitch,1	
Stockings,1	
Stocks,1	
Stoller,1	
Stone,2	
Stoneman,1	
Stonestreet,1	
Stoppard,1	
Stoppards,1	
Story,1	
Strategies,1	
Stratford,1	
Street,7	
Student,1	
Students,1	
Subscribe,2	
Success,1	
Sunday,3	
Sunlight,1	
Supantha,2	
Super,1	
Supply,1	
Supreme,4	
Susan,1	
Sutton,1	
Svea,1	
Swanson,1	
Sweet,1	
Swiss,1	
Switzerland,2	
Sydney,2	
Syria,2	
System,2	
Szalai,1	
TEMPUS,1	
TOEFL,3	
TOLEDO,1	
TRADE,2	
TRADER,1	
TVMike,1	
Tanzania,1	
Tanzanian,1	
Tap,1	
Taplin,1	
Tara,3	
Taylor,1	
Tech,1	
TechCrunch,1	
Technologies,2	
Technology,10	
Tehran,1	
Telegraph,1	
Tell,3	
Temenoss,1	
Tempe,1	
Tencent,1	
TensorFlow,1	
Terms,1	
Tesla,10	
Teslas,5	
Texas,1	
Thain,1	
Thats,1	
Theater,1	
Theatre,1	
Theory,3	
Theres,4	
Theresa,1	
Theyre,2	
Thomas,1	
Thorne,1	
Thousands,2	
Three,1	
Thrones,1	
Thursday,33	
Ticketmaster,2	
Tien,3	
Ties,1	
Tim,5	
Time,7	
Times,23	
Timess,3	
Timothy,1	
Tinder,2	
Title,1	
Today,3	
Toledo,1	
Tom,12	
Toms,1	
Tony,1	
Topeka,1	
Toronto,4	
TorontoAlthough,1	
TouchArcade,1	
Tower,1	
Trade,16	
Transportation,1	
Travesties,4	
Travis,1	
Treasury,3	
Trevor,1	
Trinity,1	
Tristan,1	
Trogni,1	
Trudeau,1	
Trump,52	
Trumps,14	
Truth,1	
Tuesday,32	
Tuesdays,2	
Tumin,2	
Tusk,4	
Twitter,9	
Tzara,1	
UBS,1	
UNITED,2	
USA,1	
Uber,2	
Ubers,3	
Uhuru,1	
Ukraine,1	
Ultimately,1	
Umaru,2	
Uncle,1	
Union,37	
Unions,1	
United,51	
Universe,2	
University,23	
Unlike,1	
Upshot,1	
Urban,1	
User,1	
Users,2	
VANCOUVER,1	
VITNER,1	
Valley,10	
Valleys,1	
Value,1	
Various,1	
Ventures,1	
Vera,4	
Verges,1	
Verizon,2	
Vestager,1	
Viacom,3	
Viacoms,2	
Victoria,1	
Video,1	
Vietnamese,1	
View,1	
Villanova,1	
Villhauer,8	
Villhauers,1	
Virginia,3	
Vision,1	
Vladimir,1	
Volpone,1	
Voting,1	
Vox,1	
Voxs,1	
WASHINGTON,8	
WELLS,1	
WEYMOUTH,1	
WPPs,2	
WSJ,15	
WaPo,1	
Wakabayashi,2	
Walch,1	
Walcott,1	
Walden,4	
Walker,2	
Wall,7	
Walmarts,1	
Wang,1	
Want,3	
War,3	
Warner,9	
Warrens,1	
Washington,21	
Wasisto,1	
Wasnt,1	
Watch,1	
Watchdog,1	
Watchdogs,1	
Watching,2	
Wayne,1	
Web,2	
Wed,2	
Wednesday,60	
Weinberg,2	
Wells,2	
Wesleyan,1	
West,6	
Western,1	
Westminster,3	
Westover,3	
Westovers,1	
Weymouth,1	
Weymouths,1	
Whats,1	
WhatsApp,9	
Wheeler,1	
Whenever,1	
White,18	
Whitehead,2	
Whitest,1	
Whitney,1	
Whole,1	
Wholesale,1	
Wide,2	
Wieser,3	
Wigand,5	
Wilbur,1	
Willems,1	
William,1	
Williams,1	
Wilsdon,1	
Wilson,1	
Wine,1	
Wingfield,2	
Winnipeg,2	
Winterton,2	
Wired,1	
Within,1	
Women,1	
Wood,1	
World,4	
Worried,1	
Writer,1	
Writers,1	
Writing,5	
Wylie,3	
YORK,16	
Yale,1	
Yes,3	
Yet,3	
York,32	
Yorker,1	
YouTube,12	
YouTubes,2	
Young,3	
Yue,1	
ZIP,1	
Zargham,2	
Zellner,2	
Zia,1	
Zoo,1	
Zuckerberg,120	
Zuckerbergs,5	
Zunger,1	
Zurich,2	
Zwaan,1	
abandoned,3	
abilities,2	
ability,14	
able,14	
aboard,2	
abroad,2	
absolutely,2	
abstaining,1	
abuse,6	
abused,1	
academic,6	
academics,2	
accelerate,1	
accelerated,1	
accent,2	
accept,1	
acceptance,1	
accepted,2	
access,45	
accessed,21	
accessible,1	
accessing,3	
accessories,1	
accident,2	
acclaimed,1	
according,29	
account,16	
accountable,1	
accounting,1	
accounts,34	
accrediting,1	
accuracy,1	
accurate,1	
accusation,1	
accuse,2	
accused,10	
accusers,1	
accusing,2	
achieve,1	
achieved,1	
achievement,1	
achievements,1	
acknowledge,1	
acknowledged,12	
acknowledgement,3	
acknowledges,1	
acknowledging,3	
acknowledgment,1	
acknowledgments,1	
acquired,9	
acquisitions,2	
acres,2	
across,16	
act,4	
acted,2	
acting,10	
action,8	
actions,4	
activation,1	
active,6	
actively,1	
activism,2	
activist,7	
activists,3	
activities,4	
activity,4	
actor,8	
actors,11	
actress,1	
acts,2	
actual,3	
actually,11	
adapt,2	
adapting,1	
added,23	
addictive,1	
adding,7	
addition,11	
additional,7	
address,19	
addressed,2	
addresses,2	
addressing,1	
adequately,3	
adhere,2	
adjust,1	
administration,12	
administrations,2	
administrative,1	
administrators,5	
admission,8	
admissions,4	
admit,2	
admitted,2	
admitting,1	
adopt,4	
adopted,1	
adoptee,1	
adopter,1	
adoption,1	
ads,53	
adults,3	
advance,1	
advanced,2	
advances,1	
advantage,4	
advantages,1	
adventurous,1	
advertise,1	
advertisement,3	
advertisements,1	
advertiser,5	
advertisers,13	
advertising,11	
advice,3	
adviser,8	
advocacy,8	
advocate,2	
advocated,1	
advocates,6	
advocating,1	
aerospace,1	
affairs,1	
affect,3	
affected,12	
affects,1	
affiliate,2	
affiliated,3	
affiliates,1	
affirmative,2	
affirming,1	
affluent,1	
afford,1	
affordable,1	
afforded,1	
aficionados,1	
afterward,1	
age,1	
aged,1	
agencies,5	
agency,10	
agencys,2	
agenda,1	
agent,1	
agents,5	
ages,1	
aggregating,1	
aggressive,1	
aggressively,2	
agitation,1	
ago,15	
agree,1	
agreed,13	
agreeing,3	
agreement,9	
agreements,1	
agricultural,1	
ahead,16	
aid,3	
aide,2	
aides,1	
aim,2	
aimed,2	
aims,4	
air,3	
aircraft,2	
airlines,1	
airplane,1	
airports,1	
aisle,1	
alert,1	
alerted,2	
alerting,3	
algorithm,1	
algorithmic,1	
algorithms,7	
allegation,4	
allegations,19	
allege,1	
alleged,1	
allegedly,2	
alleging,2	
allegory,1	
alleviating,1	
allies,3	
allow,16	
allowed,13	
allowing,6	
allows,8	
alluded,1	
alluding,1	
almost,8	
alone,2	
along,5	
alongside,2	
already,27	
also,131	
alter,2	
altered,1	
alternative,4	
although,8	
altogether,1	
aluminum,3	
always,12	
amazing,2	
ambition,1	
ambitious,1	
amendment,2	
amenities,2	
amid,3	
among,25	
amount,4	
amounts,6	
ample,1	
amplifying,1	
analyses,1	
analysis,4	
analyst,6	
analysts,6	
analytics,3	
analyze,2	
ancestors,1	
anchors,1	
ancient,1	
andmake,1	
angelic,1	
anger,3	
angered,1	
angry,6	
angst,1	
animal,2	
animals,1	
animating,1	
annals,1	
announced,20	
announcement,6	
announcements,2	
announcing,1	
annoyance,1	
annual,10	
anonymity,2	
anonymizing,1	
anonymous,2	
another,14	
answer,6	
answered,2	
answers,3	
antitrust,8	
antiwar,1	
anxiety,2	
anxiously,1	
anybody,1	
anymore,1	
anyone,11	
anything,11	
anyway,2	
anywhere,1	
apace,1	
apartment,1	
apartments,3	
apologize,1	
apologized,3	
apologizing,2	
app,55	
apparent,3	
apparently,3	
appeal,1	
appeals,1	
appear,13	
appearance,4	
appeared,5	
appearing,1	
appears,3	
appetite,2	
applauded,3	
applause,3	
appliances,1	
applicants,6	
application,5	
applications,16	
applied,2	
applies,3	
apply,10	
appointed,1	
appreciation,2	
approach,7	
approve,1	
approved,5	
apps,33	
arbitrage,1	
arbitration,1	
archaeology,1	
architects,1	
architecture,3	
archive,1	
archives,2	
area,2	
areas,1	
arent,3	
arguably,1	
argue,2	
argued,3	
argues,7	
arguing,3	
argument,3	
arguments,1	
arm,1	
armed,1	
around,25	
arranged,1	
arrangement,1	
arrangements,1	
array,2	
arrest,2	
arrested,1	
arrive,1	
arrived,4	
arriving,1	
article,3	
articles,1	
artificial,7	
artists,3	
arts,1	
ascent,1	
ashes,3	
aside,1	
ask,7	
asked,27	
asking,6	
asks,1	
asparagus,2	
aspects,2	
aspirations,1	
assailed,1	
assault,2	
assemble,1	
assembling,2	
asserted,1	
asserting,1	
assess,1	
asset,1	
assets,4	
assistant,2	
assistants,4	
assisted,1	
associate,2	
associated,8	
associating,1	
assuage,1	
assume,2	
assuming,1	
assumptions,1	
assurances,4	
assuring,2	
astonishing,1	
asymmetrical,1	
atomic,1	
attack,8	
attacked,2	
attacker,1	
attacking,1	
attempt,8	
attempts,3	
attend,2	
attended,4	
attending,1	
attention,3	
attitude,1	
attorney,4	
attorneys,4	
attract,2	
attracted,3	
attracting,1	
attribute,1	
audience,1	
audiences,1	
audio,12	
audit,10	
auditors,2	
augmented,1	
authentic,1	
author,4	
authorisation,1	
authorities,24	
authority,8	
authorization,1	
authorizations,1	
authorized,1	
auto,3	
autocracy,1	
automate,1	
automated,1	
automatically,1	
automobiles,1	
automotive,1	
autonomous,5	
autonomy,1	
autos,1	
autumn,2	
available,13	
average,6	
avoid,5	
avoided,1	
awarded,2	
aware,6	
awareness,1	
away,13	
awoken,1	
back,32	
backed,2	
background,1	
backlash,5	
bad,9	
baddie,1	
badly,2	
baiting,1	
bakers,2	
baking,1	
balance,3	
balked,1	
ball,2	
ballooning,1	
ballot,2	
ballroom,5	
ban,2	
banBISMARCK,1	
bank,13	
bankers,2	
banking,1	
bankrupt,1	
bankruptcy,5	
banks,11	
banning,1	
bar,1	
barely,1	
barrel,4	
barriers,1	
barring,1	
base,3	
baseball,1	
based,18	
baseman,1	
basic,4	
basically,1	
basing,1	
basis,6	
basket,1	
basking,1	
batch,1	
batteries,1	
battle,2	
bayonet,2	
bear,1	
bearing,1	
beat,2	
beating,3	
beautiful,2	
beauty,1	
became,8	
become,20	
becomes,4	
becoming,6	
bed,1	
bedeviled,1	
bedrooms,1	
beefing,1	
began,8	
begin,11	
beginning,3	
begins,1	
begun,5	
behalf,3	
behavior,1	
behemoth,4	
behemoths,1	
behind,12	
beings,1	
believe,15	
believed,4	
believes,3	
bells,1	
belonging,7	
benchmark,1	
benefit,3	
benefited,1	
benefiting,1	
benefits,4	
benefitting,1	
best,9	
bets,4	
better,14	
beverage,1	
beyond,5	
bias,1	
bid,4	
big,26	
bigger,2	
biggest,15	
bill,22	
billed,1	
billion,75	
billionaire,5	
billions,4	
bills,3	
binary,1	
biographical,2	
biotech,1	
bipartisan,4	
bipolar,1	
birth,5	
birthdates,2	
bistro,1	
bit,10	
bite,1	
black,8	
blame,5	
blames,2	
blending,1	
blew,1	
blitz,2	
bloc,5	
block,4	
blockchain,28	
blockchains,2	
blocking,1	
blocks,4	
blog,3	
blowfish,1	
blows,1	
blunders,1	
blunt,1	
blurring,1	
board,6	
boards,1	
boasts,1	
boat,2	
boats,1	
bodies,2	
body,4	
bomb,1	
bomber,1	
bombing,1	
bond,1	
bones,1	
book,5	
booking,1	
books,7	
boom,1	
booming,1	
boon,2	
border,4	
borders,1	
born,3	
borrow,1	
borrowed,1	
borrowing,1	
bottom,2	
bought,6	
bounce,1	
bounced,1	
boundaries,1	
boy,2	
boycott,8	
boycotting,1	
boycotts,2	
bracing,2	
bragging,1	
brain,1	
brainteaser,1	
braised,2	
branch,1	
branches,1	
brand,3	
branding,1	
brands,6	
brash,1	
brave,2	
braved,1	
breach,13	
breached,14	
breaches,5	
break,9	
breakfast,1	
breaking,1	
breath,1	
breathing,1	
brick,1	
brief,1	
briefing,2	
briefings,1	
brighter,1	
brilliance,1	
bring,10	
bringing,3	
brings,2	
brink,1	
broad,8	
broadband,1	
broadcast,2	
broaden,1	
broadening,1	
broadens,1	
broader,6	
broke,17	
broken,4	
broker,1	
brokers,2	
brother,1	
brought,7	
browser,1	
brutality,2	
bubble,2	
budget,2	
build,8	
building,3	
builds,1	
built,8	
bull,1	
bully,1	
bullying,1	
bump,1	
bunch,1	
bunny,2	
bureau,3	
bureaucrat,1	
bureaus,3	
burglary,1	
buried,1	
burst,1	
bus,6	
business,32	
businesses,11	
businessman,4	
busy,1	
button,11	
buy,6	
buyers,1	
buying,7	
buzz,1	
buzzing,1	
cables,1	
cafe,1	
calculated,1	
calculating,1	
calculation,1	
calculator,1	
calendar,1	
caliphate,2	
call,24	
called,37	
calling,3	
calls,13	
calm,2	
calmly,1	
came,22	
camera,2	
cameras,1	
campaign,26	
campaigned,1	
campaigners,2	
campaigning,1	
campaigns,7	
campus,1	
campuses,1	
canceling,1	
cancer,1	
candidate,10	
candidates,3	
cannot,5	
cant,3	
canvassing,1	
capabilities,1	
capable,3	
capital,3	
capitalists,1	
capitalize,1	
capitulated,1	
cappella,1	
captain,1	
capture,2	
captured,2	
capturing,1	
car,6	
carSAN,1	
caravans,1	
card,1	
care,5	
careWOONSOCKET,1	
career,4	
careful,1	
carefully,1	
carmaker,1	
carried,3	
carries,3	
carry,4	
carrying,4	
cars,12	
case,9	
cases,5	
cash,4	
cashed,1	
cast,1	
catalyst,1	
catastrophic,2	
catch,2	
catcher,1	
categorically,1	
categorized,1	
caught,2	
cause,4	
caused,2	
causes,1	
causing,1	
caution,1	
cautioned,2	
caveat,1	
cavernous,1	
celebrated,4	
celebration,1	
celebrities,4	
cellphone,1	
censoring,1	
center,6	
centerpiece,1	
centers,1	
central,7	
centre,1	
cents,7	
ceremony,3	
certain,8	
certainly,4	
certificates,1	
chaebols,1	
chafes,1	
chain,2	
chained,1	
chair,1	
chairman,13	
challenge,11	
challenges,1	
challenging,1	
chance,10	
change,14	
changed,7	
changes,18	
channel,3	
chaos,2	
chaotic,1	
chapter,2	
character,4	
characteristics,1	
characterize,1	
charge,4	
charged,5	
charges,8	
charitable,1	
charity,2	
charm,1	
charming,1	
chat,1	
chatter,2	
cheat,1	
cheating,2	
check,2	
checkpoints,1	
cheer,1	
chemicals,1	
chemists,1	
cherished,1	
cherub,1	
chicken,2	
chief,35	
child,3	
childhood,1	
childhoood,1	
children,14	
childrens,3	
childs,1	
chip,1	
chips,1	
choice,1	
choices,2	
choir,2	
choose,4	
choosing,2	
chord,1	
chose,1	
chosen,2	
church,9	
circa,1	
circle,1	
circulation,1	
circumstance,1	
circumvented,1	
cited,5	
cities,2	
citizen,1	
citizens,11	
citizenship,5	
city,14	
civic,1	
civil,14	
civilian,1	
claim,1	
claims,7	
clamp,2	
clampdown,1	
clapped,1	
clarify,1	
clarity,2	
class,1	
classes,2	
classic,1	
classmates,1	
classroom,1	
cleaning,1	
clear,13	
cleared,1	
clearly,11	
clever,1	
clich,2	
click,3	
clicked,1	
clicks,1	
clients,2	
climate,3	
climbed,2	
clip,2	
clips,1	
clocked,1	
close,8	
closed,11	
closely,3	
closer,5	
closet,1	
closing,1	
clothing,1	
cloud,4	
cloudier,1	
clouding,1	
clouds,1	
clout,1	
clues,1	
clustered,1	
coal,1	
coat,1	
code,2	
codes,1	
coffee,2	
coffin,2	
coin,1	
collaborative,1	
collapsing,1	
colleague,4	
colleagues,3	
collect,14	
collected,15	
collecting,8	
collection,15	
collects,11	
college,7	
colleges,1	
collision,2	
colossuss,1	
column,2	
columnist,3	
columnists,1	
columns,1	
combated,1	
combating,2	
combination,2	
combine,2	
combined,6	
comeback,1	
comedian,2	
comes,13	
comfort,1	
comfortable,1	
comic,3	
coming,14	
commanders,1	
commands,1	
comment,8	
commentary,1	
commented,1	
comments,8	
commercial,7	
commingled,2	
commission,1	
commissioned,1	
commissioner,7	
commissioners,1	
commit,2	
commitment,4	
commitments,3	
committed,8	
committee,15	
committees,14	
committing,7	
common,2	
communicate,1	
communication,3	
communications,7	
communities,5	
community,11	
communitys,2	
commuter,1	
commuters,1	
companies,81	
company,202	
companys,27	
compared,2	
compassionate,1	
compelling,2	
competing,1	
competition,5	
competitor,1	
competitors,6	
compiled,2	
complain,2	
complained,4	
complaint,5	
complaints,3	
completed,3	
completely,4	
completion,1	
complex,5	
compliance,6	
complicated,3	
complied,2	
comply,8	
complying,2	
composed,2	
composite,2	
comprehensive,1	
comprised,1	
compromise,1	
compromised,6	
computer,6	
computers,5	
computing,1	
conceivably,1	
concept,1	
concern,5	
concerned,3	
concerns,22	
concert,1	
conciliatory,1	
concluded,1	
conclusion,1	
conclusions,1	
concrete,1	
condensed,1	
condition,3	
conditioned,1	
conditions,5	
conduct,1	
conducted,3	
conducting,2	
confer,1	
conference,9	
confess,1	
confidence,2	
confident,3	
confidential,1	
confines,1	
confirm,2	
confirmed,9	
confirms,1	
conflict,1	
conflicting,2	
confused,1	
confusing,1	
conglomerate,3	
congratulate,1	
congratulated,1	
congressional,22	
connect,2	
connected,6	
connecting,1	
connection,2	
connections,5	
connectivity,1	
consent,9	
consequences,3	
conservative,4	
consider,6	
considerable,3	
consideration,2	
considered,1	
considering,5	
considers,1	
consistent,2	
consistently,1	
consists,1	
conspired,1	
conspiring,2	
constantly,1	
constrain,1	
constraints,1	
construction,1	
consular,1	
consultancy,29	
consultant,2	
consultants,2	
consulting,23	
consumer,22	
consumers,19	
consumption,1	
contact,2	
contacted,1	
contacting,4	
contacts,1	
contain,3	
contained,1	
content,14	
contention,1	
contents,1	
contested,1	
contests,1	
context,3	
continent,3	
continental,2	
continents,1	
continue,11	
continued,6	
continues,3	
continuing,4	
contra,1	
contract,6	
contracting,2	
contractor,2	
contracts,2	
contrarian,1	
contrast,4	
contributed,8	
contributing,1	
contribution,2	
contributions,1	
contributor,1	
control,18	
controlled,3	
controlling,1	
controls,5	
controversial,1	
controversies,1	
convene,1	
convened,1	
convention,1	
conventional,1	
conversation,3	
conversations,4	
convert,1	
conviction,1	
cooked,1	
cookie,1	
cooking,1	
cooperating,3	
cooperation,1	
coordinate,1	
coordinated,3	
coordinating,3	
coordination,1	
copies,1	
cordial,1	
corner,5	
cornerDA,1	
cornerRob,1	
corporate,13	
corporation,1	
corporations,3	
correct,1	
corrected,2	
correctness,1	
correspondence,1	
correspondent,2	
corrupted,1	
corruption,1	
cosmic,1	
cosmos,1	
cost,3	
costing,1	
costs,5	
coughed,1	
coughing,1	
couldnt,5	
council,1	
counsel,3	
count,1	
counted,2	
counter,3	
counteracted,1	
counterpart,2	
countless,1	
countries,11	
country,17	
countrys,2	
couple,2	
couples,4	
course,2	
court,15	
courts,1	
courtyard,1	
cover,1	
coverage,1	
covered,2	
covering,1	
covers,3	
covertly,1	
crack,2	
crackdown,2	
crash,2	
crashed,1	
craze,2	
crazy,2	
create,5	
created,7	
creating,3	
creative,1	
creator,3	
credit,9	
creditors,2	
credits,2	
creeps,1	
cremated,2	
crewman,1	
crime,1	
crimes,1	
crimesAmalgamated,1	
criminal,4	
criminals,1	
crimp,2	
cringingly,1	
cripple,1	
crippled,3	
crisis,10	
critical,8	
criticism,10	
criticized,6	
criticizing,2	
critics,9	
crop,1	
crossword,1	
crowd,1	
crowds,1	
crucial,6	
crude,4	
cruelty,1	
cry,1	
crying,1	
crystallized,2	
cubic,2	
culled,1	
culture,3	
cumulative,1	
cure,1	
cures,1	
currencies,3	
currency,2	
current,6	
currently,4	
curved,1	
customer,7	
customers,11	
cut,4	
cuts,3	
cyber,2	
cyberattack,1	
cybersecurity,5	
cycle,1	
cycling,1	
dads,1	
daily,2	
dame,1	
dance,10	
danced,1	
dancer,2	
dancing,6	
dandy,1	
dark,1	
darkest,1	
data,363	
database,3	
databases,2	
date,2	
dates,1	
daughter,2	
daunting,3	
day,26	
dayTariffs,1	
days,27	
deactivated,1	
deactivating,1	
deadly,2	
deafening,1	
deal,14	
dealers,1	
dealing,2	
dealings,1	
deals,5	
dealt,2	
dean,1	
death,6	
debate,4	
debated,1	
debit,1	
debt,8	
debut,2	
debuts,1	
decade,1	
decades,5	
deceive,1	
deceived,2	
deceiving,1	
decent,1	
decentralized,1	
decide,3	
decided,2	
deciding,2	
decision,8	
decisions,4	
declare,1	
decline,4	
declined,8	
declines,1	
decree,1	
dedicated,1	
deep,3	
deepened,1	
deeper,2	
deeply,3	
default,1	
defend,2	
defendant,1	
defendants,2	
defending,2	
defense,3	
deference,1	
deficit,4	
deficits,1	
define,1	
defined,1	
deflated,1	
defraud,1	
defrauded,1	
degenerative,1	
degrade,1	
degree,2	
degrees,1	
delayed,1	
delays,1	
delegation,1	
delete,12	
deleted,12	
deleting,3	
deliberately,3	
deliver,2	
delivery,3	
delved,2	
delving,1	
demand,1	
demands,5	
democratic,1	
demographic,2	
demographics,4	
demonetized,1	
demonstrate,1	
demonstrations,1	
demurred,3	
denied,2	
denies,5	
dense,1	
density,1	
deny,1	
department,5	
departmental,1	
departments,2	
departure,2	
depend,4	
depending,1	
depiction,1	
deploy,3	
deployed,1	
deported,1	
depositors,1	
depressed,1	
deprives,1	
deputy,5	
der,1	
derailed,1	
derailing,1	
derails,1	
deregulation,1	
deregulatory,1	
describe,4	
described,1	
describes,2	
describing,1	
deserve,3	
design,3	
designation,1	
designed,6	
designs,1	
desires,1	
desktop,1	
despite,6	
destination,1	
destinations,1	
destiny,1	
destructively,1	
detailed,4	
details,17	
detect,2	
detected,3	
detecting,1	
detectives,1	
detectors,1	
detergent,1	
determination,1	
determine,3	
determining,1	
detriment,1	
develop,4	
developed,5	
developer,7	
developers,9	
developing,3	
development,5	
developmental,1	
developments,5	
develops,1	
device,7	
devices,15	
diagnosed,1	
diagram,1	
diagrams,2	
dialysis,1	
dictatorship,1	
didnt,16	
die,1	
died,7	
dies,1	
difference,1	
differences,1	
different,7	
differs,2	
difficult,9	
difficulty,1	
dig,1	
digging,1	
digital,13	
dilemma,1	
dim,1	
dine,1	
diners,1	
dinner,2	
dinosaur,1	
dinosaurs,1	
dipped,5	
dire,1	
direct,6	
directed,1	
direction,1	
directionally,3	
directive,1	
directly,1	
director,23	
directors,1	
disable,1	
disadvantage,1	
disappear,1	
disaster,1	
disavowed,1	
disciplines,1	
disclose,9	
disclosed,18	
disclosing,2	
disclosure,6	
disclosures,7	
disco,1	
discord,4	
discounts,1	
discover,1	
discovered,7	
discovering,1	
discovery,2	
discrepancies,1	
discriminating,2	
discriminatory,1	
discuss,11	
discussed,1	
discusses,2	
discussion,4	
discussions,2	
disease,3	
diseases,1	
disgusting,1	
disinformation,1	
dislike,1	
dismissed,2	
disparaging,2	
displaced,1	
display,1	
displays,1	
dispute,6	
disputed,2	
disrupt,4	
disrupted,1	
disruption,1	
dissent,1	
dissuade,2	
distraction,1	
distraught,1	
distress,1	
distributed,2	
distributors,1	
district,3	
distrustful,1	
disturbed,1	
dive,1	
diversity,3	
divider,1	
divisions,1	
divisive,2	
divorce,1	
divorced,1	
dizzying,1	
doctor,2	
doctors,1	
doctrine,3	
document,2	
documentaries,1	
documentary,4	
documents,6	
doesnt,11	
dog,1	
dogging,2	
dollar,3	
dollars,9	
dominance,1	
dominant,1	
dominating,1	
domination,2	
done,15	
dont,24	
doomed,1	
door,1	
dorm,1	
double,4	
doubtful,1	
download,2	
downloaded,2	
downloading,2	
downloads,4	
downplayed,1	
downside,1	
downtown,1	
downturn,2	
dozens,6	
draft,1	
drafting,1	
dragging,2	
drain,1	
drama,1	
dramatic,1	
drastic,2	
drastically,1	
draw,1	
drawn,4	
dream,3	
dreaming,1	
dreams,2	
drew,1	
drive,1	
driven,2	
driver,2	
driverless,5	
drivers,1	
driving,2	
drone,3	
drop,2	
dropped,9	
drops,1	
drug,1	
drugs,2	
drugstore,1	
drum,1	
drumbeat,1	
dry,1	
due,3	
duration,1	
duties,2	
dying,1	
dynamite,1	
eager,1	
earlier,9	
early,23	
earn,2	
earned,1	
earning,2	
earnings,3	
ease,3	
eased,1	
easier,6	
easily,6	
easy,2	
eat,1	
eating,1	
eavesdropping,1	
echoed,1	
economic,17	
economics,2	
economies,3	
economy,14	
ecosystem,3	
edge,2	
edicts,1	
edit,1	
edited,1	
editing,7	
edition,1	
editor,1	
editors,1	
educated,1	
education,2	
educators,1	
effect,16	
effective,2	
effectively,3	
effectiveness,1	
effects,1	
efficient,2	
effort,1	
efforts,10	
egalitarian,1	
egg,1	
eggplant,2	
ego,1	
eight,2	
either,6	
elaborate,3	
elected,3	
election,35	
elections,35	
electorate,1	
electric,3	
electronic,2	
elements,1	
elevated,1	
eligibility,1	
eliminate,3	
elite,3	
else,6	
elsewhere,8	
email,19	
emailed,1	
emails,1	
embarrassment,1	
embattled,1	
embed,1	
embedded,1	
embrace,1	
embroiled,1	
emerged,2	
emergence,1	
emeritus,1	
emotions,1	
emphasized,1	
emphasizing,1	
employee,2	
employees,22	
employers,4	
employing,1	
employment,2	
employs,1	
empty,1	
enable,1	
enabled,1	
enables,1	
encountering,1	
encouraged,1	
encouraging,4	
encrypting,1	
end,6	
endangered,1	
ended,7	
endorse,2	
ends,3	
energy,6	
enforce,3	
enforcement,7	
enforcers,2	
engage,2	
engaged,6	
engagement,1	
engages,1	
engaging,1	
engine,1	
engineer,4	
engineering,1	
engineers,5	
enjoined,1	
enjoy,2	
enjoyable,1	
enjoyed,1	
enjoyment,1	
enlisted,1	
enormous,4	
enough,20	
enrolled,1	
enrolling,1	
enrollment,1	
ensure,13	
ensuring,4	
enter,4	
entering,3	
entertainment,2	
entire,4	
entirely,2	
entirety,1	
entities,1	
entitled,2	
entity,2	
entrance,2	
entrepreneurs,1	
entrust,1	
enunciated,1	
environment,1	
environmental,1	
episode,13	
episodes,2	
equal,1	
equality,1	
equipped,1	
equities,2	
equity,4	
equivalency,1	
era,4	
erasing,1	
erect,1	
errors,1	
escalate,2	
escalated,1	
escalating,3	
escapes,1	
escaping,1	
eschewed,1	
eschews,1	
especially,6	
espresso,1	
espressos,1	
essay,1	
essentially,1	
established,2	
establishing,1	
estimate,16	
estimated,6	
estimates,1	
ethical,1	
eulogies,2	
evaluates,1	
even,40	
evening,1	
event,5	
events,8	
eventually,4	
ever,11	
every,10	
everyone,6	
everything,7	
evidence,9	
evident,1	
evil,1	
evolution,1	
evolved,1	
exact,3	
exactly,8	
exam,5	
examination,1	
examine,2	
examines,2	
example,17	
examples,2	
exceed,1	
exceeding,1	
except,1	
exceptional,1	
exchange,1	
exchanged,2	
excise,1	
excited,1	
excluding,1	
exclusive,1	
execute,1	
executive,42	
executives,10	
exempt,2	
exercise,2	
exist,2	
existential,3	
existing,5	
exists,1	
exit,1	
exiting,1	
expand,1	
expanded,4	
expanding,4	
expansion,4	
expect,5	
expectations,4	
expected,12	
expecting,2	
expects,2	
expelled,1	
expense,3	
experience,1	
experimentation,1	
experiments,4	
expertise,1	
experts,5	
explain,15	
explainers,1	
explaining,3	
explains,1	
explanation,4	
explanatory,1	
explicit,4	
explicitly,1	
exploit,1	
exploited,3	
exploiting,1	
explore,3	
exploring,2	
exports,1	
exposed,9	
exposing,2	
exposure,1	
express,1	
expressed,2	
expression,1	
extend,12	
extended,6	
extensively,2	
extent,1	
extra,3	
extradited,1	
extraordinary,1	
extrapolate,1	
extremely,3	
eyes,1	
face,19	
faced,8	
faces,4	
facial,4	
facing,18	
fact,7	
facto,2	
factor,2	
factors,2	
factory,4	
faculty,2	
fail,3	
failed,12	
failing,6	
failure,3	
fair,1	
fairly,1	
fairness,1	
fairway,1	
faith,2	
fake,19	
fall,7	
fallen,7	
falling,1	
fallout,3	
falls,2	
false,2	
famed,3	
familiar,1	
families,6	
family,15	
famously,2	
fanfare,1	
fantastic,1	
fantasy,1	
far,23	
farming,6	
farther,1	
fascinating,5	
fashion,1	
fast,4	
faster,1	
fastest,1	
father,2	
fathered,1	
fatherhood,1	
fault,4	
favor,3	
favorable,2	
fear,5	
fears,5	
fearsNEW,1	
feasible,1	
feature,5	
featured,2	
features,2	
featuring,1	
fed,2	
federal,18	
fee,1	
feedback,4	
feeds,5	
feel,7	
feeling,2	
fees,1	
feet,4	
feign,1	
fell,4	
fellow,9	
fellowship,1	
felt,6	
female,6	
females,1	
fertile,1	
feud,1	
fewer,1	
fewest,1	
field,5	
fields,1	
fiendishly,1	
fiercest,1	
fight,9	
fighter,1	
fighting,1	
figure,8	
figured,1	
figures,1	
figuring,1	
file,5	
filed,9	
files,1	
filing,2	
fill,3	
filled,7	
film,11	
filmed,1	
filmmaker,3	
filmmaking,1	
films,2	
filtered,1	
final,3	
finalized,1	
finally,1	
finance,2	
financial,18	
financier,1	
find,31	
finding,3	
fine,8	
fined,2	
fines,4	
finger,3	
fingers,1	
finish,1	
finished,1	
finishing,2	
fintech,1	
fire,4	
firearms,3	
fired,6	
firing,2	
firm,61	
firms,13	
first,46	
fisherman,1	
fishing,4	
fit,2	
five,12	
fix,7	
fixed,2	
fixing,5	
flag,1	
flair,2	
flashes,1	
flat,1	
flattens,1	
flaw,2	
flaws,1	
flea,1	
flee,1	
fleeing,1	
flexibility,2	
fliers,1	
flights,1	
flip,1	
floor,1	
flow,1	
fly,1	
flyaround,5	
flying,1	
focus,12	
focused,6	
focuses,1	
focusing,1	
follow,10	
followed,7	
follower,1	
followers,7	
following,13	
followings,1	
follows,4	
food,6	
foolproof,1	
football,1	
footprints,3	
footwear,1	
force,2	
forced,1	
forcing,4	
forecast,2	
forefront,1	
foreign,9	
foreigners,2	
foremost,1	
forensic,2	
forever,1	
forget,2	
forgive,1	
forgiveness,2	
forgot,1	
form,3	
formal,7	
formally,3	
formed,2	
former,29	
forms,2	
forth,2	
fortitude,1	
fortunes,1	
forward,4	
found,13	
founded,3	
founder,2	
founders,1	
founding,2	
four,8	
fourth,2	
fraction,1	
frame,1	
framework,1	
frameworks,1	
franchises,2	
fraud,1	
free,13	
freedom,3	
freelanced,1	
freely,3	
frequent,1	
fretting,1	
friend,5	
friendly,1	
friends,31	
front,7	
fronts,3	
frustrated,1	
fry,2	
fuddled,1	
fuel,1	
fueled,2	
fulfill,1	
fulfilling,2	
full,11	
fully,2	
fun,2	
function,1	
functions,2	
fund,15	
fundamental,3	
fundamentals,2	
funding,2	
funds,6	
funeral,7	
funny,2	
furor,1	
fury,1	
future,11	
futures,2	
futuristic,1	
gadgets,2	
gain,11	
gained,10	
gains,2	
gallon,4	
game,5	
games,2	
gangly,2	
gap,2	
gaps,1	
gas,3	
gasoline,2	
gather,1	
gathered,3	
gathering,3	
gathers,4	
gauging,1	
gave,9	
gay,9	
gender,3	
gene,2	
general,10	
generally,2	
generals,1	
generate,3	
generation,3	
genetic,1	
gentleman,1	
genuinely,1	
gestures,1	
get,44	
gets,2	
getting,11	
giant,18	
giants,6	
girl,1	
girls,1	
give,15	
given,10	
gives,3	
giving,3	
glaringly,1	
glass,4	
glimpse,2	
global,19	
globalize,1	
globally,7	
globe,2	
goal,1	
goals,2	
goes,4	
going,39	
gone,5	
good,23	
goodbye,1	
goods,4	
got,15	
gotten,4	
govern,3	
governance,1	
governing,1	
government,37	
governmental,1	
governments,11	
governs,1	
grab,1	
grabbed,1	
gradual,8	
gradually,4	
graduate,1	
graduation,1	
grain,1	
grande,1	
grandmother,1	
grandson,1	
granted,1	
grants,4	
grapples,2	
grappling,1	
gratification,1	
great,9	
greater,2	
greatest,1	
greeted,1	
grew,6	
grid,2	
grievance,1	
grilling,2	
grocery,1	
ground,2	
groundbreaking,2	
group,31	
groups,22	
grow,3	
growing,8	
grown,1	
growth,9	
gruesome,1	
guaranteed,1	
guarantees,3	
guard,1	
guards,1	
guessed,1	
guests,2	
guide,3	
guidelines,4	
guilty,7	
guitar,1	
gun,9	
gunmakers,2	
guns,3	
gut,1	
guy,2	
gymnast,1	
hack,1	
hacked,2	
hackers,5	
hacking,2	
hadnt,4	
hailed,2	
half,7	
hall,1	
hammer,1	
hand,7	
handbag,1	
handed,1	
handful,1	
handgun,1	
handle,1	
handled,1	
handling,9	
hands,5	
hangar,1	
hangs,2	
happen,7	
happened,8	
happening,5	
happens,5	
happier,1	
happy,2	
harassing,2	
harassment,2	
hard,12	
hardcover,1	
harder,6	
hardly,1	
harmless,1	
harsh,1	
harshest,1	
harvested,11	
harvesting,1	
hashtag,5	
hasnt,4	
hassled,1	
hassles,1	
hate,4	
haunted,1	
havent,1	
head,8	
headed,3	
headline,1	
headlines,3	
headquarters,7	
heads,1	
headsets,1	
heady,1	
heal,1	
health,4	
healthy,7	
hear,6	
heard,5	
hearing,16	
hearings,3	
hears,1	
hearse,5	
heartache,2	
heartbreaking,1	
heartily,1	
heated,3	
heavily,3	
heavy,2	
hed,2	
hedge,7	
heels,2	
held,9	
hell,2	
hello,1	
helm,1	
help,26	
helped,11	
helping,2	
helps,4	
hence,1	
herbal,1	
heres,1	
heritage,1	
heroine,1	
hes,6	
hesitate,1	
hidden,1	
high,15	
higher,18	
highest,4	
highlight,2	
highlighted,4	
highlights,1	
highly,2	
hike,1	
hikes,7	
hikesCHICAGO,1	
hinted,1	
hire,2	
hired,15	
hiring,5	
historian,1	
historians,1	
historic,1	
histories,3	
history,11	
hit,4	
hoard,1	
hoarding,1	
hoaxes,1	
hold,13	
holding,6	
holds,2	
holes,3	
holiday,1	
home,24	
homeless,1	
homemade,1	
homes,2	
hometown,1	
homework,1	
honor,1	
honored,1	
hook,2	
hooks,1	
hope,3	
hoped,4	
hopes,2	
hoping,5	
horizons,1	
hormones,1	
horrific,1	
horticulture,1	
hospitable,1	
hospitals,1	
host,6	
hosted,1	
hotel,5	
hotels,5	
hotly,1	
hour,1	
hours,3	
house,3	
household,1	
housing,5	
however,2	
hug,2	
huge,7	
human,6	
humanitarian,1	
humans,1	
humming,1	
humor,1	
hundred,1	
hundreds,12	
hunt,1	
hunts,1	
hurt,7	
husband,1	
hype,1	
iPad,1	
iPhone,3	
iPhones,2	
iTunes,1	
icon,2	
iconic,1	
idea,12	
idealistic,1	
ideas,3	
identification,1	
identified,4	
identifies,2	
identify,6	
identifying,2	
identities,4	
identity,7	
ideologies,1	
ignore,4	
ignored,1	
ignoring,2	
illustrated,1	
illustrative,1	
image,3	
images,3	
imagination,2	
imagine,2	
imagines,1	
imitators,1	
immediate,6	
immediately,12	
immigrant,2	
immigrants,2	
immigrating,1	
immigration,7	
impact,15	
impacted,2	
impacting,3	
impeachment,1	
impeding,1	
imperatives,1	
implement,4	
implications,1	
implied,1	
import,2	
importance,1	
important,30	
importantly,1	
imported,1	
imports,1	
impose,3	
imposters,2	
impressions,1	
imprisoned,3	
impromptu,1	
improper,9	
improperly,39	
improprieties,1	
improve,10	
improved,3	
improving,2	
impulse,1	
inability,1	
inappropriately,4	
inauthentic,1	
inbox,4	
inboxes,2	
incentive,1	
incident,3	
incites,1	
include,15	
included,8	
includes,6	
including,35	
inclusive,1	
income,2	
incoming,1	
increase,12	
increased,9	
increases,3	
increasing,4	
increasingly,7	
incredibly,1	
indeed,1	
independent,3	
index,10	
indexes,2	
indexs,1	
indicates,1	
indication,2	
indicted,6	
indictment,2	
indifferent,1	
individual,3	
individually,1	
individuals,10	
industrial,4	
industrials,1	
industries,3	
industry,14	
inescapable,1	
inferred,1	
infiltrated,2	
inflation,12	
influence,17	
influenced,4	
influencer,1	
informal,1	
information,146	
informative,1	
informed,1	
informing,3	
infrastructure,4	
infringed,2	
ingredient,1	
initial,4	
initially,5	
initials,1	
initiative,1	
injunction,2	
injured,1	
injuries,1	
injury,2	
inner,2	
innocent,2	
innovation,4	
innovations,2	
inquiries,2	
inquiry,1	
inside,6	
insider,2	
insight,1	
insist,1	
inspired,4	
install,3	
installed,1	
installing,2	
instance,3	
instant,1	
instead,7	
institutional,1	
institutions,4	
instructed,5	
instructions,2	
insufficient,1	
intact,1	
integrated,2	
integration,1	
intellect,1	
intelligence,9	
intelligent,1	
intend,1	
intended,7	
intense,4	
intent,4	
intentionally,1	
interact,1	
interacted,1	
interactive,1	
interest,17	
interested,3	
interesting,1	
interests,4	
interfere,11	
interference,4	
interfering,1	
internal,1	
international,16	
internet,43	
interpret,1	
interred,3	
intersection,1	
intertwined,1	
intervention,2	
interview,14	
interviewed,2	
interviewer,1	
interviewers,1	
interviews,4	
intestinal,1	
intimately,1	
intoxicated,1	
intractable,1	
intriguing,1	
introduced,5	
introducing,1	
invade,1	
invest,3	
investigate,15	
investigated,2	
investigating,22	
investigation,32	
investigations,17	
investigative,1	
investigators,2	
investment,10	
investments,1	
investor,7	
investors,23	
invitation,2	
invited,2	
involve,4	
involved,6	
involvement,7	
involving,9	
irony,1	
irrepressibly,1	
island,1	
isnt,14	
isolated,1	
issue,17	
issued,6	
issues,22	
item,2	
items,2	
jail,1	
jams,1	
jawboning,1	
jeopardy,1	
jihadist,1	
jittery,1	
job,11	
jobs,6	
jobsWASHINGTON,1	
join,2	
joined,4	
joining,2	
joint,10	
jointly,3	
joke,2	
joked,2	
joking,1	
jostle,1	
journalists,4	
journey,1	
joust,1	
judge,4	
judges,1	
judicial,2	
judiciary,1	
judicious,1	
juggernaut,1	
jump,2	
justice,5	
justify,1	
keenly,1	
keep,18	
keeping,3	
keeps,2	
kept,5	
key,4	
keys,1	
keywords,1	
kicked,2	
kid,2	
kidney,2	
kids,2	
killed,5	
killer,1	
killing,4	
kind,15	
kingdom,1	
kings,1	
kinks,1	
kitchens,1	
knew,5	
know,27	
knowing,3	
knowledge,1	
known,15	
knows,1	
lab,1	
label,1	
labeling,2	
labels,4	
labor,4	
laboratory,1	
lack,2	
lacks,1	
lags,1	
laid,2	
land,4	
landed,1	
landmark,4	
landscape,2	
language,4	
languages,1	
laptop,1	
large,21	
largely,6	
larger,1	
largest,6	
lasted,3	
late,11	
later,25	
latest,15	
latitude,1	
launched,3	
laundering,1	
laundry,1	
law,58	
lawmakers,16	
laws,27	
lawsuit,4	
lawyer,5	
lawyers,8	
layout,1	
lead,6	
leader,1	
leaders,10	
leadership,2	
leading,8	
league,1	
leagues,2	
leak,6	
leaked,1	
leaks,1	
learn,11	
learned,11	
learning,11	
leased,1	
least,4	
leave,7	
leaves,3	
leaving,5	
lecturer,1	
lectures,1	
led,7	
leeway,1	
left,12	
legal,8	
legalese,1	
legalize,2	
legally,1	
legislation,9	
legislators,4	
legitimacy,1	
legitimate,3	
lend,4	
lenders,2	
lending,4	
lengths,1	
lengthy,1	
less,19	
lesson,3	
lessons,13	
let,6	
lets,2	
letter,17	
letters,2	
letting,2	
level,10	
levels,9	
leverage,3	
liberal,2	
liberally,1	
liberties,3	
license,2	
licensed,1	
life,19	
lifes,1	
lift,1	
lifted,1	
light,8	
lightest,2	
lighting,4	
lights,2	
liked,1	
likely,12	
lilies,1	
limit,4	
limitations,3	
limited,4	
limiting,1	
limits,1	
line,4	
lined,1	
lines,4	
linguist,1	
lining,3	
link,6	
linked,4	
links,2	
liquid,2	
liquidity,11	
list,10	
listed,1	
listen,3	
listening,2	
listing,4	
listings,2	
lists,4	
literacy,1	
literally,2	
littered,1	
little,17	
live,12	
lives,10	
livestream,1	
living,7	
loading,1	
loan,1	
loans,1	
lobbying,7	
lobbyist,1	
lobbyists,1	
local,10	
located,2	
location,6	
lofty,1	
log,1	
logged,5	
logs,7	
loneliness,3	
long,16	
longer,9	
longest,1	
longtime,1	
look,16	
looked,5	
looking,26	
looks,5	
loose,1	
loosely,1	
loosening,1	
lose,6	
losers,2	
losing,1	
losses,2	
lost,11	
lot,22	
lots,4	
louder,1	
love,9	
loved,2	
lover,1	
low,1	
lowRATE,1	
lower,4	
lowered,3	
lucky,2	
lucrative,4	
lunch,3	
lurch,1	
lurches,1	
lusting,1	
luxury,2	
lyrics,1	
macaques,1	
machine,3	
macho,1	
made,36	
magazine,2	
magazines,1	
magistrates,1	
magnify,1	
magnifying,2	
mail,5	
mailed,1	
mailing,1	
main,6	
mainly,2	
mainstream,1	
maintain,2	
major,11	
majority,5	
make,34	
makeover,2	
maker,5	
makers,4	
makes,11	
making,11	
male,1	
malicious,7	
malware,3	
man,4	
manage,3	
managed,1	
management,2	
manager,6	
managers,1	
managing,2	
maneuver,1	
manifestation,1	
manipulate,3	
manipulating,1	
manner,2	
manual,1	
manufacturers,3	
manufactures,1	
many,72	
map,1	
mapping,2	
marathons,1	
march,1	
marches,1	
margins,1	
marijuana,2	
marker,1	
market,54	
marketed,1	
marketers,3	
marketing,3	
marketplace,1	
markets,12	
marriage,5	
married,8	
marry,1	
martyr,1	
masks,1	
mass,1	
massive,6	
master,1	
match,2	
matching,1	
matchmaking,1	
matchup,1	
material,2	
materially,2	
math,1	
matre,1	
matter,7	
matters,2	
mature,1	
maximum,7	
may,84	
maybe,6	
mayor,2	
mean,4	
meaning,6	
meaningful,7	
means,3	
meant,6	
meanwhile,1	
measurably,1	
measured,1	
measures,7	
measuring,1	
meddle,5	
meddling,4	
media,80	
medic,1	
medical,4	
meet,6	
meeting,9	
meetings,1	
meets,1	
melody,1	
member,8	
members,16	
memo,2	
memoir,4	
memories,2	
memory,1	
men,5	
mental,2	
mention,4	
merchandise,1	
merge,2	
mergers,4	
mess,2	
message,9	
messaged,1	
messages,9	
messaging,2	
met,5	
metal,1	
method,3	
mic,1	
micro,1	
microattributions,1	
microphones,2	
middle,5	
midterm,3	
midterms,1	
might,48	
migrants,2	
miles,1	
milestone,1	
militants,2	
military,3	
million,114	
millionaire,1	
millions,33	
mind,10	
minded,1	
mine,1	
mined,3	
miniature,1	
minimum,1	
mining,2	
minister,4	
ministers,1	
ministry,6	
minor,5	
minorities,2	
minority,1	
minors,3	
minute,1	
minutes,1	
miracle,1	
mischaracterized,1	
mischief,1	
misconduct,3	
mishandling,3	
misinformation,5	
misleading,5	
missed,2	
missing,1	
mission,4	
mistake,5	
mistakes,3	
misuse,7	
misused,5	
mitigation,1	
moat,1	
mobile,5	
mobilize,1	
mode,1	
model,8	
models,2	
moderated,1	
modified,1	
modify,1	
modifying,1	
molested,1	
molesting,1	
moment,6	
momentum,1	
moms,1	
monetary,3	
monetize,1	
monetizing,1	
money,27	
moneymaker,1	
monitor,7	
monitored,2	
monitoring,4	
monkeys,2	
monologues,1	
monopolistic,2	
monopolize,1	
month,16	
monthly,9	
months,19	
mood,1	
moods,1	
moral,2	
mordantly,1	
morning,9	
mornings,1	
mortality,1	
mostly,13	
motel,1	
mother,4	
mothers,2	
motion,1	
motivated,2	
motive,3	
motor,2	
mourned,1	
move,19	
moved,4	
movement,15	
moves,3	
movie,8	
movies,2	
moving,10	
much,47	
multiple,7	
mum,1	
mundane,1	
municipalities,1	
murder,1	
muscles,2	
mushroomed,1	
mushrooms,1	
music,3	
must,8	
myriad,3	
mysterious,1	
nail,1	
nailing,3	
name,12	
named,4	
names,4	
naming,1	
nanomaterials,1	
narrates,1	
narration,2	
narrow,3	
narrowed,1	
nation,1	
national,13	
nationals,2	
nations,5	
native,1	
natural,1	
nature,4	
naval,1	
navigate,1	
near,7	
nearby,2	
nearing,1	
nearly,26	
necessarily,6	
necessary,4	
need,30	
needed,4	
needs,11	
negative,2	
negotiation,2	
negotiations,4	
negotiators,1	
neighborhood,4	
neighboring,2	
neither,1	
nerve,1	
nervous,3	
net,3	
network,22	
networks,7	
neuron,1	
neurone,1	
never,17	
newer,3	
newly,1	
news,36	
newsletter,3	
newsletters,1	
newspaper,5	
newspapers,1	
next,54	
nice,2	
night,6	
nights,1	
nine,1	
noise,1	
noisy,1	
none,1	
nonexpert,1	
nonfiction,1	
nonmonetary,1	
nonpaternity,1	
nonpersonal,1	
nonprofit,5	
nonviolence,1	
nonviolent,1	
normalization,1	
normalize,1	
norms,1	
notably,1	
note,3	
noted,5	
notes,1	
nothing,9	
notice,10	
noticed,2	
notifications,3	
notified,2	
notify,2	
notion,1	
notorious,1	
novel,1	
novelist,3	
number,35	
numbers,7	
numeric,1	
nurture,1	
obituary,2	
object,1	
obligation,1	
obscene,1	
obscure,3	
obscured,1	
obsessed,1	
obstacles,3	
obtain,1	
obtained,13	
obvious,2	
obviously,2	
occupied,1	
occur,2	
occurred,2	
occurs,2	
odds,2	
offNEW,1	
offenders,2	
offensive,3	
offer,7	
offered,8	
offering,8	
offerings,1	
offers,2	
office,19	
officer,7	
officers,1	
offices,2	
official,8	
officially,2	
officials,17	
officiated,2	
often,23	
oil,2	
oils,2	
old,7	
older,5	
oldest,1	
ones,6	
onetime,1	
ongoing,3	
online,31	
onstage,2	
open,18	
opened,6	
openness,2	
opens,3	
operate,2	
operated,2	
operating,10	
operations,2	
operator,2	
operators,1	
opinion,3	
opportune,2	
opportunities,1	
opportunity,18	
oppose,1	
opposed,2	
opposing,1	
opposite,1	
opposition,4	
opt,3	
opted,1	
optics,1	
optimism,1	
optimistic,1	
optimum,1	
opting,1	
option,6	
options,2	
optionsDETROIT,1	
orbit,1	
order,5	
orders,1	
ordinary,1	
organised,1	
organization,7	
organizations,14	
organize,1	
organized,2	
organizers,2	
organizing,1	
origin,2	
original,3	
originally,3	
originated,1	
origins,1	
others,9	
otherwise,3	
ourprivacy,1	
oust,1	
outcome,2	
outflows,2	
outlets,2	
outline,2	
outlined,5	
outlines,1	
outlining,1	
outlook,6	
outraged,2	
outright,1	
outside,14	
outsiders,6	
outsized,1	
outsped,1	
overall,2	
overburdened,1	
overhang,1	
overhaul,8	
overheating,1	
overseas,1	
oversee,1	
overseeing,1	
overseen,1	
oversees,1	
oversight,5	
overslept,1	
overthrow,1	
overturned,1	
owned,4	
owner,4	
owners,2	
ownership,2	
owns,2	
pace,6	
page,11	
pages,23	
paid,16	
painted,1	
pair,1	
palaces,1	
paleontologists,1	
pallbearers,1	
palpable,1	
pamphlets,1	
panel,4	
panels,5	
panic,1	
panicky,2	
pantry,1	
pants,1	
paper,3	
papers,5	
paperwork,3	
paralysis,1	
parameters,2	
paramount,1	
parcel,1	
parent,6	
parental,2	
parents,3	
parking,1	
parks,1	
parliament,1	
parliamentary,8	
parliaments,1	
parlor,1	
parodies,1	
part,25	
partial,1	
participants,3	
participate,2	
particular,5	
particularly,5	
parties,12	
partisan,1	
partly,3	
partner,3	
partners,4	
partnerships,1	
parts,9	
party,8	
pass,1	
passed,2	
passes,1	
passing,1	
passport,2	
passwords,2	
past,15	
patchwork,3	
patent,7	
patents,2	
paternity,1	
path,3	
patient,1	
patients,4	
patina,1	
patron,1	
pattern,1	
patterns,1	
pause,1	
paused,2	
pay,18	
paying,6	
payments,1	
pays,1	
pct,1	
peaceful,1	
peacefully,1	
pedestrian,1	
pee,2	
peer,2	
penalty,6	
penchant,1	
pending,2	
people,138	
peoples,3	
per,4	
perceiving,1	
percent,96	
percentage,2	
perform,3	
performance,4	
performs,1	
perhaps,1	
perilous,2	
period,6	
periwigged,1	
permission,6	
permissions,1	
permutations,1	
persecuted,1	
persistence,1	
persisting,1	
person,7	
personal,94	
personality,5	
personalized,1	
personalizing,1	
personally,3	
persons,2	
perspective,6	
persuade,1	
pervasive,1	
petered,1	
petition,1	
pharmaceuticals,1	
phase,1	
phenomena,1	
philosophy,1	
phone,25	
phones,3	
photo,3	
photographers,1	
photographs,1	
photos,4	
phrase,2	
physical,1	
physicist,4	
physics,1	
pick,2	
picked,2	
picking,1	
picture,4	
pictures,1	
piece,4	
pieces,2	
piling,1	
pilot,2	
piloted,1	
pinpoint,1	
piped,1	
pipeline,1	
pitch,1	
place,24	
placed,4	
places,2	
placing,3	
plagued,1	
plainer,1	
plainly,1	
plan,17	
planned,7	
planning,7	
plans,25	
plant,2	
plants,1	
platform,21	
platforms,16	
plausible,1	
play,14	
played,8	
player,1	
playing,4	
playlistSpotifys,1	
playwright,1	
plazas,1	
plea,1	
pleaded,6	
please,1	
pleased,2	
pleasure,1	
pledge,2	
pledged,1	
plenty,2	
plow,1	
plowed,1	
plug,1	
plummeted,1	
plunge,1	
plunged,2	
pocketing,1	
podcast,7	
poem,1	
poignant,1	
point,16	
pointed,1	
pointers,2	
points,13	
poised,1	
polarized,2	
police,10	
policies,18	
policy,36	
polite,1	
political,109	
politically,2	
politician,1	
politicians,2	
politics,6	
poll,2	
pool,2	
pop,2	
popping,1	
popular,6	
population,4	
pork,3	
pornography,2	
portfolio,1	
portion,2	
portrayed,3	
pos,1	
pose,1	
posed,2	
position,7	
positions,4	
positive,3	
possess,3	
possessing,1	
possibilities,2	
possibility,1	
possible,16	
possibly,1	
post,10	
postcard,1	
postcards,1	
posted,6	
posters,2	
posting,3	
postpone,1	
posts,14	
potential,11	
pounds,1	
poured,1	
poverty,1	
power,7	
powered,1	
powerful,6	
powerhouse,1	
powers,2	
practices,10	
practicing,1	
pragmatically,1	
precise,2	
preclude,1	
predecessor,1	
predicament,1	
predictably,1	
predicted,1	
premarket,1	
premature,1	
premise,1	
preoccupation,1	
prepared,1	
prepares,5	
preparing,3	
prepped,1	
prescient,1	
presence,1	
present,1	
presented,5	
presents,1	
preserves,1	
presidency,4	
president,18	
presidential,28	
presidents,1	
press,7	
pressed,1	
pressing,3	
pressure,10	
pressures,1	
prestige,1	
prestigious,1	
pretended,1	
pretty,5	
prevent,12	
prevented,1	
preventing,1	
prevention,3	
preview,2	
previews,1	
previous,12	
previously,15	
prey,1	
price,8	
priced,1	
prices,3	
prig,1	
prime,3	
principal,2	
principles,4	
printing,1	
prints,1	
prior,3	
priorities,2	
priority,3	
prison,7	
privacy,170	
private,25	
proactively,2	
probably,15	
probe,10	
probes,7	
probing,1	
problem,12	
problems,15	
proceeded,1	
proceedings,1	
process,7	
processing,1	
produce,1	
producer,2	
producers,1	
producing,1	
product,7	
production,7	
products,21	
professional,1	
professor,9	
profile,10	
profiled,1	
profiles,4	
profiling,1	
profit,7	
profitable,2	
profits,3	
prognosticators,1	
program,13	
programming,2	
programs,5	
progress,2	
progressing,1	
prohibit,2	
project,5	
projected,1	
projects,10	
proliferate,1	
prologue,1	
prominence,2	
prominent,1	
promise,2	
promised,1	
promises,5	
promote,1	
promoted,1	
promoting,1	
prompt,1	
prompted,6	
promptly,1	
proof,2	
propaganda,2	
proper,1	
properly,4	
properties,1	
property,2	
prophetic,1	
proportion,1	
proposal,1	
proposals,1	
proposed,6	
proposes,1	
prosaic,1	
prosecutions,2	
prosecutors,4	
prospect,4	
prospective,1	
protect,20	
protected,4	
protecting,11	
protection,18	
protectionNEW,1	
protections,7	
protects,3	
protest,3	
protesters,1	
protesting,5	
protests,3	
protocols,1	
proud,1	
proved,3	
proven,1	
proves,1	
provide,12	
provided,8	
providers,2	
provides,4	
providing,10	
province,2	
provincial,3	
proving,1	
provision,1	
provisionally,1	
provocateurs,1	
provoke,1	
proximity,1	
proxy,2	
pry,1	
psychological,1	
psychologist,2	
public,46	
publication,2	
publications,1	
publicity,1	
publicly,3	
publics,1	
published,14	
publishers,1	
pull,6	
pulling,2	
pulpit,1	
punch,1	
punish,2	
punishingly,1	
purchase,1	
purchased,2	
purged,1	
purple,1	
purport,1	
purpose,1	
purposely,1	
purposes,2	
pushback,1	
pushed,4	
pushing,5	
put,19	
puts,5	
putting,7	
puzzle,1	
qualified,2	
qualitative,1	
quality,2	
quarter,3	
quarterly,3	
quarters,1	
quashing,1	
queen,1	
question,12	
questionable,2	
questioned,2	
questioning,1	
questions,15	
quickly,7	
quiet,1	
quit,2	
quite,3	
quiz,5	
quotes,1	
race,1	
racial,2	
racially,1	
racing,2	
racism,1	
rack,1	
radical,1	
radio,2	
radiology,1	
raged,1	
raider,1	
rail,2	
railing,1	
raise,2	
raised,5	
raises,1	
raising,4	
rallied,1	
rallies,2	
rally,2	
ran,3	
range,6	
ranged,1	
ranging,1	
ranking,2	
ranks,2	
rape,3	
raped,1	
rapid,3	
rapidly,2	
rare,2	
rarely,1	
ratchets,2	
rate,12	
rates,7	
rather,7	
rationale,1	
rattle,1	
rattled,1	
raw,2	
reach,3	
reached,6	
react,1	
reaction,2	
reactions,1	
read,9	
readers,3	
reading,7	
readings,1	
readjustment,1	
ready,6	
reaffirm,1	
real,7	
realistic,1	
reality,3	
realize,5	
really,27	
reason,8	
reasonable,1	
reasonably,2	
reasons,1	
reassurance,1	
reassurances,1	
reassure,1	
reassuring,6	
rebellion,1	
rebound,2	
rebounded,1	
rebranded,2	
recall,1	
recalled,1	
receipts,1	
receive,10	
received,8	
receives,1	
receiving,1	
recent,27	
recently,21	
reception,1	
recession,1	
recipient,1	
recipients,1	
reciprocity,1	
reckoning,4	
reckonings,1	
recognition,5	
recognizable,1	
recognize,3	
recognized,2	
recognizing,1	
recommend,2	
recommendation,1	
recommendations,2	
recommended,1	
recommending,1	
reconcile,1	
reconfigured,1	
reconnect,1	
record,6	
recorded,1	
recording,5	
recordings,8	
records,10	
recourse,2	
recovered,4	
recovery,3	
recruit,1	
recruiting,1	
reduce,7	
reduces,1	
reeling,2	
reels,3	
referendum,3	
referred,1	
referring,1	
refilling,1	
reflect,3	
reflected,1	
reflecting,1	
reflection,1	
reflective,1	
reform,1	
refugees,2	
refusal,1	
refuse,1	
refused,4	
regarded,1	
regarding,3	
regardless,1	
region,2	
regions,1	
register,5	
regretting,1	
regular,5	
regularly,1	
regulate,1	
regulated,3	
regulating,2	
regulation,15	
regulations,13	
regulator,7	
regulators,11	
regulatory,12	
rein,2	
reinstated,1	
reintroduced,1	
reiterated,1	
rejected,1	
rejoined,1	
related,4	
relations,3	
relationship,6	
relationships,1	
relatively,3	
relatives,1	
relax,1	
relaxing,1	
release,4	
released,9	
releases,1	
releasing,1	
relevant,1	
reliable,1	
relied,1	
relief,1	
religion,3	
religious,2	
reluctant,1	
rely,3	
relying,1	
remain,9	
remained,2	
remaining,1	
remains,13	
remarkable,2	
remarkably,1	
remarks,2	
remedies,1	
remember,1	
remembered,4	
reminder,2	
remit,1	
remnants,1	
remotely,1	
removal,1	
remove,1	
removed,8	
removing,5	
renewable,1	
renewed,2	
renewing,1	
renovated,1	
renown,1	
renowned,2	
rent,2	
rentals,5	
rented,1	
renting,1	
rents,1	
repeat,1	
repeatedly,8	
replace,2	
replacement,1	
replacing,1	
replica,1	
replied,2	
replies,1	
report,6	
reported,13	
reportedly,10	
reporter,2	
reporters,15	
reporting,12	
reports,10	
represent,1	
representative,1	
representatives,4	
represented,2	
represents,2	
reputable,1	
reputation,1	
reputations,1	
request,10	
requesting,2	
requests,5	
require,18	
required,8	
requirement,5	
requirements,1	
requires,7	
requiring,4	
rescue,2	
research,18	
researcher,6	
researchers,4	
reserve,1	
residential,1	
residents,4	
resign,1	
resignedly,1	
resist,1	
resisted,1	
resolution,1	
resolved,1	
resort,3	
resources,4	
respect,1	
respecting,1	
respond,9	
responded,4	
responding,2	
response,12	
responses,1	
responsibilities,2	
responsibility,10	
responsible,4	
responsive,1	
rest,12	
restaurants,1	
restrict,7	
restricted,1	
restricting,4	
restriction,1	
restrictions,1	
restrictive,1	
restructure,1	
result,7	
results,4	
resurface,1	
retail,1	
retailer,3	
retailers,5	
retain,1	
retained,1	
retaining,1	
retaliated,1	
retaliating,1	
retaliation,2	
retaliatory,1	
rethinking,1	
retirement,1	
retiring,1	
retribution,1	
return,3	
retweeted,1	
reveal,2	
revealed,8	
revealing,3	
reveals,1	
revelation,1	
revelations,14	
revenge,1	
revenue,12	
reversal,1	
reverse,1	
reversed,1	
review,3	
reviewed,4	
reviewers,1	
reviewing,2	
reviews,3	
revised,1	
revisions,1	
revisit,1	
revival,2	
revoke,2	
rhetoric,2	
rid,1	
riders,1	
ridiculous,1	
riffed,1	
right,20	
rights,24	
ripe,1	
ripping,1	
rise,2	
riseWASHINGTON,1	
risen,1	
rising,9	
risk,7	
risks,7	
rivals,3	
road,1	
roads,2	
roaming,3	
roast,2	
robust,3	
role,18	
roles,3	
roll,4	
rollbacks,1	
rolled,1	
rolling,3	
room,5	
rooms,4	
root,1	
rose,17	
roses,1	
rosters,1	
rough,1	
roughly,3	
rout,2	
royal,2	
rule,3	
ruled,2	
rules,28	
ruling,4	
rumblings,1	
run,18	
rundown,1	
running,5	
runs,1	
rupiah,1	
rushing,1	
sacrificing,1	
sad,1	
safe,3	
safeguarding,1	
safeguards,5	
safety,5	
salaries,2	
salary,3	
sale,3	
sales,14	
salt,1	
sample,2	
sanction,1	
sanctions,1	
sank,1	
sarge,1	
sat,1	
satisfying,3	
save,1	
saves,1	
saving,1	
saw,10	
saying,15	
says,81	
scale,1	
scaling,1	
scam,4	
scandal,56	
scandalous,1	
scandals,2	
scanned,1	
scanning,1	
scans,1	
scarce,4	
scared,1	
scarves,1	
scattered,1	
scene,1	
scenes,1	
scheduled,18	
scheme,1	
scholarly,2	
scholars,1	
school,15	
schools,3	
schoolteachers,2	
science,1	
scientific,3	
scientist,9	
scientists,5	
scoffed,1	
scooped,1	
scope,1	
score,1	
scores,1	
scoured,2	
scrambling,1	
scrape,1	
scraped,6	
scrapers,2	
scraping,2	
scratch,1	
screen,5	
screens,1	
screenwriter,1	
script,2	
scroll,1	
scrutinizing,1	
scrutiny,11	
scuttled,1	
seal,1	
search,16	
searched,1	
searches,3	
seat,4	
seated,1	
seats,2	
second,9	
secondary,1	
secret,1	
secretary,3	
secretly,1	
section,4	
sector,1	
sectors,2	
secure,1	
secured,1	
securely,5	
security,17	
see,41	
seeing,8	
seek,3	
seeking,11	
seeks,1	
seem,8	
seemed,5	
seemingly,3	
seems,11	
seen,13	
sees,4	
segregated,2	
seized,2	
select,2	
selected,1	
self,1	
sell,6	
sellers,3	
selling,6	
selloff,1	
senators,1	
send,4	
sending,2	
senility,1	
senior,12	
sensationalist,1	
sense,6	
sensible,1	
sensitive,4	
sensors,3	
sent,13	
sentence,1	
sentenced,5	
sentences,1	
sentiment,2	
separate,10	
separately,1	
sergeant,1	
series,14	
serious,6	
seriously,3	
servant,1	
serve,4	
served,9	
server,1	
serves,1	
service,30	
servicer,1	
services,20	
session,1	
sessions,2	
sets,2	
setting,2	
settings,8	
settle,3	
settled,2	
settlement,7	
settlements,2	
settling,1	
seven,3	
several,18	
sex,1	
sexual,7	
shady,2	
shaken,1	
shape,1	
share,20	
sharecropper,1	
shared,47	
shareholders,1	
shares,35	
sharing,12	
sharply,6	
shaved,1	
shed,4	
sheer,2	
sheet,1	
shh,1	
shield,2	
shift,6	
shifted,2	
shifts,1	
shimmy,2	
shipping,1	
shocked,1	
shoe,1	
shooter,2	
shooting,7	
shootingAfter,1	
shop,1	
shopped,1	
shopping,2	
shops,1	
short,11	
shortage,1	
shorting,1	
shorts,1	
shot,3	
shouldnt,3	
show,15	
showcase,1	
showdown,1	
showed,2	
shower,1	
showing,2	
shown,2	
showroom,1	
shows,2	
shrug,1	
shut,2	
shutter,1	
shutting,1	
shuttle,2	
shuttles,1	
sibling,2	
siblings,1	
side,2	
sides,8	
sidewalk,1	
sidewalks,3	
sign,3	
signal,4	
signaled,1	
signaling,1	
signals,1	
signed,6	
significance,2	
significant,3	
significantly,2	
signs,3	
silence,3	
silent,1	
silently,1	
similar,11	
similarities,1	
similarly,2	
simplify,1	
simply,1	
since,47	
singer,2	
singing,1	
single,6	
sinksHONOLULU,1	
siphoned,1	
sister,3	
sit,4	
site,10	
sites,8	
situation,3	
six,6	
size,2	
skeptical,1	
skepticism,2	
sketched,3	
skewed,1	
ski,1	
skiing,1	
skilled,1	
skills,2	
skirmish,2	
slap,1	
slated,1	
slavery,1	
sleep,1	
sleeping,2	
slicing,1	
slid,1	
slide,2	
sliding,1	
slight,1	
slightly,1	
slipped,1	
sloppy,1	
slot,1	
slowed,1	
slower,5	
slowly,3	
slumber,1	
small,4	
smallest,3	
smart,17	
smartphone,1	
smiled,1	
smooth,1	
smoothly,1	
snap,3	
snapshot,2	
sneakers,1	
sneezing,1	
sniffer,1	
sniping,1	
snow,1	
soaks,1	
soared,1	
soaring,1	
social,106	
socially,1	
society,3	
soft,1	
software,8	
sold,9	
soldier,1	
solution,3	
solutions,5	
solve,6	
solved,2	
somber,1	
somebody,1	
someone,15	
something,19	
sometimes,5	
somewhat,3	
somewhere,1	
son,6	
sons,1	
soon,5	
soonNEW,1	
sooner,2	
sophisticated,1	
sort,2	
sorts,4	
sought,3	
sound,2	
sounds,1	
source,2	
sources,5	
south,2	
southeastern,1	
southern,1	
southwestern,1	
soybeans,3	
space,7	
spaces,2	
spam,1	
sparkling,2	
spat,1	
speak,5	
speaker,1	
speakers,5	
speaking,5	
speaks,2	
spearheaded,1	
special,5	
specialists,3	
specialize,1	
specially,1	
specific,14	
specifically,5	
specify,1	
specious,1	
spectacularly,1	
speech,10	
speeches,1	
spell,1	
spelled,1	
spend,2	
spending,8	
spends,1	
spent,9	
spies,1	
spiking,1	
spiky,1	
spiral,1	
spirit,9	
spoke,4	
spokesman,21	
spokeswoman,5	
sponsoring,1	
sponsors,1	
spontaneous,1	
spook,1	
spooked,1	
sports,5	
spot,2	
spread,11	
spreading,2	
sprightly,1	
spring,4	
sprung,2	
spurred,2	
spy,4	
spyware,5	
squad,1	
square,1	
squeeze,1	
squeezed,1	
stacked,1	
staff,10	
stage,2	
stake,7	
stakes,4	
stalking,1	
stalled,2	
stamp,1	
stamps,1	
stance,1	
stand,2	
standard,7	
standards,4	
standoff,2	
star,3	
starker,1	
starred,1	
stars,1	
start,14	
started,7	
starting,6	
starts,1	
starved,1	
state,15	
stateless,1	
statement,17	
statements,2	
states,8	
static,1	
station,2	
stations,2	
stature,1	
status,1	
statute,1	
stave,1	
stay,7	
stayed,3	
staying,1	
stays,1	
steadily,1	
steady,2	
steam,2	
steel,3	
steepest,1	
step,9	
stepped,3	
stepping,1	
steps,11	
sterile,1	
stick,2	
sticking,4	
stifled,2	
still,35	
stir,4	
stock,27	
stocked,1	
stocks,12	
stolen,2	
stop,15	
stopped,8	
stopping,2	
stops,1	
storage,1	
store,6	
stored,5	
stores,4	
storied,1	
stories,8	
storm,2	
story,9	
straight,1	
straining,1	
strategic,1	
strategies,1	
strategist,1	
strategy,5	
streak,1	
stream,2	
streaming,3	
street,2	
streetlights,1	
streets,8	
streetscape,1	
strength,2	
strengthen,2	
stress,5	
stretch,1	
strict,7	
stricter,1	
strike,1	
strikes,5	
stringent,1	
stripped,1	
strives,1	
strong,5	
stronger,1	
strongest,1	
strongly,3	
struck,6	
structurally,1	
structure,1	
structures,1	
struggle,2	
struggled,1	
struggles,1	
struggling,5	
student,10	
students,17	
studied,1	
studies,2	
studio,2	
study,3	
studying,4	
stuff,2	
stunning,1	
subject,6	
subjects,1	
submit,1	
submitted,2	
subscribe,5	
subsidiaries,2	
subsidiary,2	
substantial,2	
subtle,1	
suburban,1	
subvert,1	
subway,1	
succeeded,2	
success,4	
successes,1	
successful,1	
successfully,2	
successor,1	
suffer,2	
suffered,2	
suffering,1	
suffers,1	
sufficient,2	
suggest,3	
suggested,3	
suggesting,3	
suggestions,3	
suggests,5	
suicide,2	
suitcase,2	
suited,1	
summer,2	
summon,1	
summoned,4	
summons,1	
sunk,2	
sunny,1	
super,1	
supermarket,2	
supervision,1	
supervisor,1	
supervisory,1	
supplement,1	
supply,1	
support,8	
supported,6	
supporters,3	
supportive,1	
supposed,3	
suppress,1	
suppressing,1	
sure,2	
surely,2	
surfaced,1	
surge,1	
surprise,2	
surprised,4	
surprises,1	
surrounding,2	
surveillance,2	
survey,1	
survival,1	
survivalist,1	
survive,1	
survived,1	
survivors,1	
suspect,2	
suspected,2	
suspended,7	
suspicious,1	
sustenance,1	
sway,6	
swayed,1	
swaying,3	
sweetheart,1	
swept,2	
swiftly,1	
swiped,1	
swiping,1	
swirling,4	
switch,1	
sword,1	
sympathetic,1	
sync,1	
system,14	
systems,9	
tablets,1	
tackle,2	
tactics,3	
tag,1	
tailored,1	
takeaway,1	
taken,13	
takeover,3	
taker,1	
takes,6	
taking,17	
talent,2	
talk,5	
talked,2	
talking,4	
talks,9	
tall,3	
tame,2	
tamper,1	
tampering,1	
tap,2	
target,5	
targeted,7	
targeting,4	
targets,3	
tariff,1	
tariffs,24	
task,2	
tasks,2	
taught,6	
taunted,1	
tax,13	
taxation,2	
taxed,2	
taxes,8	
taxpayers,1	
tea,2	
teacher,1	
teachers,1	
teaching,3	
teachings,1	
team,3	
teams,1	
teasing,1	
tech,45	
technique,2	
techniques,3	
technological,3	
technologically,1	
technologies,3	
technology,34	
teenage,1	
teenagers,1	
telephone,4	
telephones,1	
televised,1	
television,7	
tell,7	
telling,2	
tells,2	
temporarily,1	
temporary,1	
tenant,1	
tenants,1	
tend,2	
tends,1	
tens,12	
tension,1	
tensions,7	
term,1	
termed,1	
terms,9	
terrifying,1	
territories,2	
territory,2	
terrorist,2	
test,2	
testified,2	
testifies,2	
testify,40	
testifying,1	
testimony,10	
testing,10	
tests,2	
text,9	
texted,1	
texts,1	
tha,1	
thanked,1	
thanks,1	
thats,9	
theater,5	
theaterNEW,1	
theaters,3	
theft,1	
thefts,1	
theoretical,1	
theory,2	
therefore,1	
theres,5	
thermostats,1	
theses,1	
theyd,2	
theyre,5	
theyve,1	
thieves,2	
thimble,1	
thing,12	
things,23	
think,44	
thinkers,1	
thinking,4	
thinks,1	
third,9	
thoroughly,1	
though,21	
thought,12	
thoughtful,1	
thoughts,7	
thousands,7	
threat,9	
threaten,3	
threatened,4	
threatening,1	
threats,7	
three,23	
threw,4	
thrived,1	
throughout,3	
throw,1	
thrown,1	
thus,2	
ticked,1	
tickled,1	
tie,1	
tied,1	
tiered,1	
ties,6	
tight,3	
tighten,3	
tightening,1	
tighter,2	
tilted,1	
time,56	
timely,1	
times,15	
timing,3	
tiny,2	
tip,1	
tired,1	
title,5	
titled,3	
titles,1	
toasts,1	
today,8	
todays,2	
together,8	
toll,3	
tolled,1	
tomorrow,1	
tone,1	
tonight,1	
took,18	
tool,11	
tools,12	
top,20	
topics,3	
topmost,2	
topped,1	
torrent,1	
torture,1	
total,3	
totally,1	
touch,4	
touched,1	
touches,3	
touchless,1	
tough,6	
tougher,1	
tourist,1	
tours,1	
toward,11	
towards,1	
towering,1	
towers,1	
town,2	
townhouses,1	
towns,5	
toy,2	
toys,1	
traces,1	
track,3	
tracking,1	
tracks,1	
traction,1	
trade,45	
trader,1	
trades,1	
trading,16	
traditional,1	
traditionally,1	
traffic,4	
tragic,2	
trail,2	
trained,1	
training,1	
traipsed,1	
transactions,3	
transcriptions,1	
transcripts,1	
transfer,4	
transferring,2	
transform,1	
transformed,1	
transforming,1	
transgender,1	
transition,2	
translate,2	
transmit,1	
transparency,5	
transparent,2	
transpired,1	
transportation,2	
trauma,3	
traumatized,1	
travails,1	
travel,4	
traveled,1	
tread,1	
treasures,1	
treat,1	
treated,1	
treatment,1	
tree,1	
trembled,1	
trend,2	
tribute,4	
tricky,2	
tried,7	
tries,2	
trigger,2	
triggered,1	
trillion,1	
trips,2	
triumphed,1	
troll,4	
trolls,1	
troops,6	
trot,2	
trouble,2	
troubles,1	
trousers,1	
trucks,1	
truly,1	
trust,9	
trusting,2	
truth,2	
truths,1	
try,16	
trying,18	
tuition,2	
tumbled,3	
tumbling,1	
tumors,1	
tumult,1	
turbulence,2	
turkey,2	
turmoil,1	
turn,6	
turned,10	
turning,3	
turns,1	
tweak,1	
tweet,5	
tweeted,2	
tweeting,1	
tweets,8	
tweetstorm,1	
two,45	
type,3	
types,3	
typical,2	
typically,1	
ugly,1	
ultimate,1	
ultimately,4	
unacceptable,1	
unanimously,1	
unassuming,1	
unauthorized,3	
unbecoming,1	
uncertain,1	
uncertainty,4	
unclear,1	
unconventional,1	
underage,1	
undergone,1	
undergraduate,2	
undergraduates,1	
underlines,1	
undermine,2	
underperformance,1	
underpinnings,1	
undersea,1	
understand,7	
understanding,2	
undertaking,1	
underway,1	
undesirable,1	
unemployment,1	
unequivocally,1	
uneven,1	
unexpected,1	
unfair,5	
unfairly,1	
unfamiliar,3	
unfettered,1	
unfounded,1	
unfriend,1	
unhappy,3	
unintended,1	
union,6	
unions,1	
unique,7	
uniquely,2	
united,1	
units,1	
universal,2	
universe,1	
universities,18	
university,2	
unknown,5	
unlawful,1	
unleashed,1	
unless,3	
unlike,1	
unlikely,2	
unmodified,1	
unnamed,2	
unofficial,1	
unpaid,1	
unprecedented,1	
unreasonable,1	
unrelated,2	
unsaid,1	
unscrupulous,1	
unsubscribe,1	
unsung,1	
unto,1	
untrue,1	
unusual,2	
unusually,2	
unveil,1	
unveiled,4	
unwelcome,1	
unwinding,1	
upcoming,1	
update,1	
updated,3	
updates,4	
upfront,1	
upload,2	
upper,1	
uproar,1	
upset,1	
upsetting,1	
upward,1	
urban,1	
urged,1	
urging,6	
usage,9	
use,85	
useful,6	
user,38	
users,196	
uses,5	
using,30	
usual,4	
usually,2	
uttering,1	
vacation,1	
vacuumed,2	
vague,1	
valuable,1	
valuation,2	
valuations,1	
value,13	
valued,1	
values,3	
van,3	
variety,2	
various,11	
vast,4	
vegan,1	
vehicle,2	
vehicles,9	
vendors,2	
vent,1	
venture,2	
ventured,1	
venues,1	
veracity,1	
verbal,1	
verification,4	
verifications,2	
verified,2	
verify,8	
verifying,2	
version,8	
versions,1	
vessel,1	
vessels,1	
vested,1	
veteran,1	
via,4	
vicar,1	
vice,5	
victim,6	
video,7	
videos,4	
view,11	
viewers,1	
viewing,1	
viewpoints,1	
views,3	
vigilant,2	
vigor,1	
violate,2	
violated,3	
violates,1	
violating,3	
violation,5	
violations,8	
violence,6	
violent,1	
virtual,3	
visa,1	
visas,2	
visibility,1	
visible,2	
vision,1	
visited,2	
visiting,2	
visual,1	
visualize,1	
vitally,1	
voice,13	
voices,2	
volatility,5	
volume,1	
voluntarily,1	
voluntary,1	
volunteers,1	
voracious,1	
vote,6	
voted,3	
voter,1	
voters,9	
votes,1	
voting,5	
vows,2	
vulnerabilities,1	
vulnerability,3	
vulnerable,2	
wage,1	
wages,1	
wait,2	
waited,1	
waiter,1	
waiting,1	
wake,9	
walk,3	
walkability,1	
walked,2	
walking,1	
wall,1	
wallets,1	
walls,1	
want,34	
wanted,12	
wanting,2	
wants,8	
war,10	
ward,2	
warfare,3	
wariness,1	
warmed,1	
warming,1	
warned,6	
warning,3	
warns,2	
wars,1	
wary,2	
wasnt,3	
wasteful,1	
watchdog,1	
watched,1	
watching,3	
water,1	
waterfront,1	
wave,1	
waved,2	
way,37	
ways,13	
weak,1	
weaken,2	
weakest,1	
wealth,1	
wealthy,2	
wearing,1	
weather,3	
web,5	
webcam,1	
website,8	
websites,2	
wedding,7	
week,53	
weekday,1	
weekdays,1	
weekend,5	
weekly,2	
weeknights,2	
weeks,21	
weigh,2	
weighed,2	
weighing,1	
weight,2	
welcome,2	
welcomed,2	
welcoming,2	
well,33	
wellspring,1	
went,8	
werent,1	
western,1	
weve,2	
whatever,1	
whats,3	
wheelchair,1	
whenever,1	
whereas,1	
whether,65	
whispers,1	
whistleblower,2	
whistling,1	
white,5	
whoever,1	
whole,7	
wholesale,1	
whos,2	
whose,13	
wide,2	
widely,6	
widened,1	
wider,1	
wield,1	
wielding,1	
wife,3	
wild,4	
willing,1	
willingness,2	
win,5	
winner,2	
winners,2	
winning,1	
wiping,3	
wisdom,1	
wish,1	
wishes,1	
withdraw,3	
withdrawal,1	
withdrawals,1	
withdrew,1	
within,6	
without,36	
witness,1	
woman,9	
women,19	
womens,2	
wondered,1	
wondering,2	
wont,7	
woodworker,1	
word,1	
words,5	
wordsHeres,1	
work,29	
workable,1	
worked,15	
worker,1	
workers,5	
working,16	
workings,1	
workless,1	
workouts,1	
workplace,1	
works,1	
workshops,3	
world,30	
worlds,2	
worldwide,11	
worn,1	
worried,5	
worries,2	
worry,1	
worrying,1	
worse,6	
worsensWASHINGTON,1	
worst,7	
worth,9	
wouldnt,6	
wound,1	
wounded,2	
wounds,1	
wrap,1	
wrenchingly,1	
write,2	
writer,4	
writers,1	
writes,4	
writing,2	
writings,1	
written,9	
wrong,4	
wrongdoing,3	
wrongly,3	
wrote,16	
year,49	
yearbook,2	
yearbooks,1	
yearlong,2	
years,61	
yes,1	
yesterday,4	
yet,19	
yets,1	
yield,1	
yields,1	
youll,2	
young,4	
younger,4	
youngest,1	
youngster,1	
youre,6	
youth,1	
youths,1	
youve,5	
zeroed,1	
zones,1	
zoning,1	
