word,count	
ABC,4	
AMLO,1	
ANAYAThe,1	
ANGELES,2	
ANTONIO,1	
Abelardo,1	
According,1	
Accrediting,3	
Achille,1	
Acrimony,2	
Act,2	
Action,6	
Adam,1	
Additional,5	
Administrator,2	
Adventures,1	
Advisory,1	
Advocates,1	
Affairs,3	
Afghan,1	
Afghanistan,2	
Africa,2	
African,1	
Agency,4	
Agents,1	
Agreement,5	
Alabama,5	
Alabamas,3	
Alex,1	
Alexa,2	
Alison,1	
AllianceBernstein,1	
Also,1	
Alter,1	
Although,1	
Alton,1	
Amazon,3	
Amazons,2	
Amendment,1	
America,10	
American,44	
Americans,12	
Americas,1	
Amie,1	
Among,1	
Anaya,4	
Andover,1	
Andres,4	
Andrews,1	
Angelo,1	
Anglican,2	
Angrisani,4	
Animation,1	
Another,1	
Antonio,2	
Anushri,1	
Apple,1	
April,12	
Arabia,1	
Aramco,1	
Archbishop,1	
Ariana,1	
Arizona,1	
Arkansas,1	
Armed,2	
Army,2	
Arrivals,4	
Arthur,2	
Ashby,3	
Ashland,1	
Asia,4	
Asian,2	
Asked,1	
Associated,6	
Association,7	
Athletes,1	
Atlanta,1	
Atlantic,1	
Aurora,1	
Austin,1	
Australia,6	
Australian,3	
Australians,2	
Australias,1	
Authentic,1	
Authority,3	
Autnoma,1	
Autopilot,1	
Avenue,2	
Ayres,2	
BEACH,4	
BEIJING,4	
BERRYVILLE,1	
BFG,1	
Back,1	
Baek,1	
Bam,1	
Bancroft,2	
Band,1	
Bank,5	
Banks,2	
Bankss,1	
Barack,6	
Barbara,2	
Barbera,1	
Baton,1	
Batsman,1	
Bauer,1	
Beach,12	
Bedford,2	
Beijing,12	
Belgium,1	
Bell,1	
Belt,1	
Ben,4	
Benito,2	
Berman,1	
Berryville,2	
Betsy,1	
Beverly,1	
Biden,2	
Big,1	
Bill,3	
Black,3	
Blanchard,1	
Bloomberg,4	
Blue,1	
Board,1	
Bob,1	
Bolton,3	
Booker,2	
Border,10	
Borneo,1	
Bouchon,1	
Bowl,2	
Bowman,2	
Box,1	
Bradman,1	
Brady,1	
Brandon,2	
Brands,1	
Breads,1	
Bremer,1	
Brennan,2	
Brewery,1	
Brian,2	
Bridge,2	
Briefing,4	
Briefings,1	
Britain,3	
British,3	
Broadcasting,2	
Brooklyn,4	
Bros,3	
Brown,1	
Browse,1	
Bruce,1	
Buildings,1	
Bullwinkle,1	
Bundo,1	
Bureau,1	
Bushmaster,2	
BuzzFeed,1	
Buzzfeed,1	
CIA,1	
CITY,1	
CIUDAD,1	
CNN,1	
Cabinet,3	
Cafe,1	
California,2	
Californias,1	
Cameron,2	
Campaign,1	
Canada,6	
Canadian,1	
Candu,1	
Candy,1	
Cape,1	
Capital,2	
Capitol,3	
Caravan,1	
Caravans,2	
Career,1	
Carl,1	
Carlos,2	
Carolina,5	
Carter,1	
Casey,1	
Cashman,3	
CasselmanJerome,1	
Catch,2	
Cathedral,2	
Catholic,1	
Center,4	
Central,6	
Century,4	
Cerberus,1	
Chamber,1	
Chang,1	
Chapter,1	
Charles,11	
Charleston,1	
Charlie,2	
Chase,1	
Cheniere,1	
Chiapas,1	
Chicago,2	
Chicagos,1	
Childhood,4	
China,30	
Chinas,1	
Chinese,23	
Cho,4	
Choe,1	
Chris,3	
Christian,1	
Christians,1	
Christie,4	
Christine,2	
Christopher,1	
Chuck,2	
Chung,2	
Church,5	
Citizens,1	
Citizenship,1	
City,9	
Ciudad,7	
Clark,1	
Clarks,1	
Cleave,1	
Clifford,1	
Cline,2	
Clinton,2	
Clintons,2	
Cloud,1	
Club,2	
Coffman,2	
Coghill,1	
Cohn,1	
Colavita,1	
College,1	
Colleges,5	
Colorado,1	
Colorados,1	
Columbia,1	
Coming,1	
Commerce,3	
Commission,2	
Committee,5	
Committees,1	
Communist,3	
Companies,5	
Company,3	
Comstock,3	
Comstocks,1	
Concho,1	
Congress,22	
Congressional,2	
Connecticut,2	
Consider,1	
Constitution,1	
Contact,1	
Conway,1	
Cooke,1	
Cooney,2	
Coons,2	
Cordish,1	
Corey,2	
Corinthian,1	
Corker,1	
Corona,1	
Corp,2	
Corporation,1	
Council,8	
Court,16	
Cricket,1	
Critics,1	
Crooked,1	
Cross,1	
Cruz,1	
Cruzs,1	
Crystal,2	
Culture,3	
Curbelo,1	
Customs,1	
Cynthia,1	
DACA,17	
DEAL,1	
DMV,1	
DVD,1	
DVDs,1	
Daily,2	
Dallet,5	
Damascus,4	
Dan,2	
Daniel,2	
Daniels,1	
Darlene,1	
David,8	
Davies,3	
Day,2	
DeVos,3	
Dean,1	
December,7	
Defence,1	
Defense,4	
Deferred,4	
Delaware,1	
Delphine,1	
Demand,1	
Democrat,12	
Democratic,15	
Democrats,21	
Department,26	
Departments,2	
Deputy,1	
Dergarabedian,1	
Derris,2	
Despite,2	
Deutsche,2	
Development,1	
Diaz,2	
Disney,7	
District,5	
Dodd,2	
Donald,46	
Dont,1	
Doug,2	
Douglas,2	
Doukeris,1	
Dream,1	
DreamWorks,1	
Dreamer,3	
Dreamers,5	
Drummond,1	
Dublin,1	
Dudley,1	
Dunham,1	
Dustin,1	
Dwight,1	
EPA,6	
Earths,1	
East,8	
Easter,26	
EasyJet,1	
Economic,1	
Economists,1	
Edison,1	
Editing,10	
Education,9	
Edward,1	
Edwards,3	
Egg,3	
Eight,1	
Eisenhower,1	
Election,1	
Elections,1	
Electric,1	
Elementary,2	
Elexa,1	
Elis,1	
Elizabeth,5	
Ellison,1	
Elon,1	
Embassy,2	
Emily,1	
Employers,1	
Energy,1	
Engine,1	
Enrique,2	
Entertainment,1	
Environmental,3	
Episcopal,3	
Eric,3	
Ernest,1	
Ethics,1	
Europe,1	
European,5	
Evans,2	
Even,4	
Evening,2	
Everton,1	
Everytown,1	
Exchange,1	
Express,1	
ExxonMobil,1	
FORGIVENESSThere,1	
Facebook,1	
Facebooks,1	
Falk,1	
Features,1	
Feb,1	
February,16	
Federal,4	
Feds,1	
Felipe,1	
Fereirra,1	
Fifth,2	
Filipina,1	
Filmed,1	
Final,1	
Finally,1	
Finance,4	
Financing,1	
FirstEnergy,1	
Five,1	
Fla,5	
Flake,5	
Flores,1	
Florida,8	
Focus,1	
Fools,1	
Foreign,1	
Forgiveness,2	
Former,2	
Foundation,2	
Four,1	
Fox,14	
France,2	
Francis,2	
Francisco,4	
Frank,1	
Free,7	
Freking,1	
French,2	
Friday,9	
Friends,6	
Fronteras,2	
Funds,1	
GOP,2	
Gabba,1	
Gabby,2	
Gail,1	
Gambia,1	
Games,1	
Gangnam,1	
Garber,4	
Garfield,1	
Garibo,1	
Garland,1	
Gary,1	
Gas,1	
Gaskins,1	
Gaza,1	
Gazans,1	
Gen,1	
Gene,1	
General,1	
Generation,1	
George,4	
Georgia,1	
Germanys,1	
Getting,3	
Ghouta,1	
Giffords,2	
Glenn,2	
Glickman,2	
Global,1	
God,1	
Going,1	
Golf,1	
Gonzo,1	
Good,1	
Goodlatte,1	
Google,2	
Gopalakrishnan,1	
Gov,5	
Government,1	
Governors,1	
Graham,10	
Grand,3	
Grassley,2	
Grassleys,1	
Graul,2	
Great,1	
Griffin,1	
Group,4	
Guatemala,1	
Guidance,1	
Gulf,1	
Gun,3	
Gunderson,2	
Gutirrez,1	
Gymnasium,1	
HAPPY,2	
Hair,1	
Hall,2	
Hampshire,4	
Happy,2	
Harrell,1	
Harrisburg,1	
Hart,1	
Hayes,1	
Heavens,1	
Hee,1	
Heekyong,1	
Henson,6	
Hensons,2	
Heres,7	
Hicks,1	
High,2	
Hill,3	
Hillary,3	
Hills,2	
Hoffman,1	
Holder,2	
Holland,3	
Hollywood,11	
Hollywoods,1	
Holy,1	
Homeland,3	
Honduran,1	
Honduras,2	
Hong,1	
Hook,5	
Hope,1	
Hopes,1	
House,36	
Housing,1	
Houston,2	
Hubert,1	
Huckabee,2	
Hudson,1	
Humphrey,1	
Hurley,2	
HurleyThe,1	
Hwi,1	
Hyundai,1	
III,2	
IMAX,1	
ISIL,1	
ISIS,2	
ITT,1	
Ian,1	
Idlib,1	
Ill,1	
Illinois,1	
Immigration,2	
Inc,1	
Indecline,1	
Independent,4	
India,1	
Indian,1	
Indiana,1	
Industry,1	
Information,1	
Inn,1	
Inspector,1	
Institute,1	
Institutional,4	
Insurance,1	
Integrity,1	
InterMedia,1	
Interbank,1	
Interior,1	
International,3	
Investment,1	
Iowa,1	
Iran,1	
Iranian,2	
Iranians,1	
Ireland,1	
Isabelle,1	
Islamic,9	
Israel,3	
Israeli,2	
Israelis,1	
Israels,1	
Ive,1	
Ixtepec,2	
JUAREZ,1	
Jack,2	
Jackson,4	
Jahan,1	
Jamie,1	
Jan,1	
Jane,1	
January,5	
Japan,4	
Japanese,2	
Jared,10	
Jay,1	
Jeanne,1	
Jedi,1	
Jeff,5	
Jerrold,1	
Jersey,3	
Jerusalem,3	
Jesse,1	
Jewish,1	
Jiechi,1	
Jim,3	
Jimmy,1	
Jin,1	
Jinping,2	
Joanne,2	
Joe,2	
John,10	
Johnson,2	
Jonathan,3	
Jones,6	
Jong,14	
Jose,2	
Joseph,1	
Josh,9	
Joshs,1	
Juarez,9	
Judd,6	
Judge,2	
Judiciary,4	
July,6	
June,2	
Justice,11	
KABR,1	
KCNA,2	
Kashmir,1	
Kasich,3	
Kathy,1	
Katie,1	
Keiser,2	
Keith,2	
Kellyanne,1	
Kennedys,1	
Kermit,1	
Kerry,1	
Kevin,2	
Kim,39	
Kimmel,1	
Kims,5	
King,2	
Kingdom,2	
Kings,1	
Kirpalani,1	
Kirstein,3	
Kirstjen,1	
KitroeffECONOMYThe,1	
Klinghoffer,1	
Kong,1	
Korea,36	
Korean,94	
Koreans,10	
Koreas,9	
Krauss,1	
Krieger,1	
Krikorian,1	
Kristie,1	
Kurdish,1	
Kurds,1	
Kushner,42	
Kushners,15	
Kuwait,1	
Kuwaiti,1	
LNG,3	
LOPEZ,1	
LOS,2	
Labor,1	
Lanza,1	
Latest,2	
Laurent,1	
Lauro,1	
Lavazza,1	
Lawder,1	
Lawmakers,1	
Lawn,1	
Lawrence,3	
Lazard,3	
League,1	
Lebanese,1	
Lee,2	
Leesburg,1	
Legislature,1	
Leon,1	
Let,2	
Lewis,1	
Lewiston,1	
Liberals,1	
Liberation,2	
Liberty,1	
Libor,2	
Liddle,1	
Life,1	
Lincoln,1	
Lindsay,1	
Lindsey,4	
Line,1	
Lionsgate,1	
Litchfield,1	
Liu,2	
Live,1	
Lives,3	
Lizbeth,2	
London,2	
Londonderry,1	
Look,1	
Lopez,22	
Lord,1	
Losses,1	
Louise,2	
Louisiana,1	
Luis,2	
Lunar,1	
Luther,2	
Luxembourg,1	
Lyin,1	
Lynch,1	
Lyndon,1	
Lynton,3	
MADISON,1	
MANUEL,1	
MEADEAt,1	
MEDIAThe,1	
MEXICO,1	
MOFCOM,2	
MORENA,1	
MacKinnon,1	
Macosko,1	
Madea,1	
Madeline,1	
Madison,1	
Madrid,1	
Magellan,1	
Main,1	
Maine,2	
Maines,1	
Malala,1	
Malcolm,1	
Management,2	
Manchester,2	
Manhattan,3	
Manuel,4	
Many,1	
March,20	
Marchs,1	
Margarita,1	
Marjory,1	
Mark,1	
Marketing,1	
Markets,1	
Marlon,1	
Marriage,1	
Marschner,1	
Martin,2	
Maru,1	
Maryland,1	
Mass,1	
Massachusets,1	
Massachusetts,1	
Massacre,1	
Mast,1	
Matt,1	
Matter,1	
Matthew,2	
May,7	
McDonald,1	
McMaster,1	
McMillan,2	
Meade,4	
Meanwhile,3	
Meet,1	
Meijer,1	
Melania,2	
Melinda,1	
Men,1	
Mentioning,1	
Merida,2	
Merrill,1	
Meryl,1	
Methodist,1	
Mexican,9	
Mexicans,5	
Mexico,49	
Meyer,1	
Mica,1	
Michael,6	
Michigan,3	
Microsoft,5	
Middle,4	
Midwest,2	
Mike,2	
Milan,1	
Miller,3	
Milwaukee,3	
Minister,5	
Ministry,6	
Minnesota,1	
Minoli,1	
Minority,2	
Minutes,1	
Mississippi,1	
Mohammed,1	
Monday,8	
Monteith,1	
Montgomery,1	
Moon,6	
Morali,1	
Moranbong,1	
Morgan,1	
Morning,2	
Morocco,1	
Motion,4	
Movement,1	
Movie,1	
Much,1	
Mueller,19	
Muellers,4	
Muppet,1	
Muppets,1	
Museum,1	
Musks,1	
NAFTA,6	
NEED,3	
NICHOLAS,1	
NOTHING,4	
Nadler,1	
Nafta,1	
Nam,1	
Nancy,2	
Natalie,1	
Nathan,1	
Nation,1	
National,10	
Nations,2	
Navaratnam,1	
Navy,1	
Negi,3	
Neither,1	
Netflix,3	
Never,1	
News,11	
Newtown,1	
Next,1	
Nickelodeon,1	
Nickelodeons,1	
Nicole,2	
Nielsen,1	
Nieto,2	
Night,1	
Nikolas,1	
Nixon,1	
Nobel,1	
Noor,1	
Norman,1	
Normanhurst,1	
North,90	
Northeast,1	
Northern,1	
Norths,1	
November,5	
Nuclear,2	
OPT,2	
Oasis,1	
Oatis,3	
Oaxaca,1	
Obama,18	
Obrador,22	
Occupy,1	
Ocean,1	
Ochoa,1	
October,1	
Offered,1	
Office,4	
Ohio,5	
Oklahoma,1	
Olivia,1	
Olson,3	
Olympic,1	
Olympics,3	
Ontario,1	
Option,2	
Options,1	
Orchestra,1	
Organization,6	
Orlando,1	
Orlofsky,1	
Oscar,1	
Oval,1	
Overnight,1	
Overseas,1	
Owens,1	
Owners,1	
PALM,4	
PAN,4	
PLO,2	
PRI,5	
Pages,1	
Paige,1	
Pakistan,1	
Pakistans,1	
Palestine,2	
Palestinian,5	
Palestinians,7	
Palm,12	
Panther,2	
Paramount,1	
Paris,1	
Park,2	
Parkland,3	
Party,8	
Partys,1	
Paso,2	
Passover,1	
Past,1	
Patrol,6	
Paul,3	
Pea,1	
Peeps,1	
Pelosi,1	
Pena,1	
Peninsula,1	
Penns,1	
Pennsylvania,2	
People,1	
Perhaps,2	
Perrys,2	
Pete,1	
Peter,2	
Philip,2	
PhillipsREGULATIONBy,1	
Pickering,1	
Picture,4	
Pictures,2	
Plainsboro,1	
Player,13	
Points,1	
Pompeo,1	
Pope,2	
Post,2	
PostTrak,1	
Powell,2	
President,56	
Press,9	
PressIt,1	
Prevent,1	
Prince,1	
Princeton,1	
Progress,1	
Project,1	
Protection,4	
Province,1	
Pruitt,6	
Pruitts,2	
Psy,1	
Public,1	
Pueblo,3	
Puerto,1	
Pulse,1	
Pyeongchang,2	
Pyongyang,21	
Qantas,1	
Qatar,1	
Qataris,1	
Qiu,1	
Quality,1	
Quantico,1	
Queensland,1	
Queretaro,2	
Quinnipiac,1	
RICCARDIAssociated,1	
Raffel,1	
Raju,1	
Raso,1	
Rate,2	
Ready,11	
Reagan,2	
Really,1	
Realty,1	
Rebecca,1	
Recent,1	
Recession,1	
Recipe,1	
Red,17	
Reed,1	
Reedsburg,1	
Regeneration,1	
Reggie,1	
Reichardt,1	
Release,2	
Relevant,1	
Remember,1	
Remington,5	
Remingtons,4	
Report,3	
Representative,8	
Repu,1	
Republican,21	
Republicans,15	
Research,1	
Reserve,2	
Resources,1	
Retro,1	
Reuters,5	
Rev,2	
Reverend,1	
Revolutionary,3	
Rex,3	
Ricardo,3	
Richard,3	
Richfield,1	
Rifle,3	
Rigby,2	
River,1	
Rivkin,18	
Rivkins,2	
Roadshow,1	
Robert,6	
Roberto,1	
Robinson,1	
Rockwell,1	
Rocky,1	
Rod,1	
Roll,3	
Ronny,1	
Room,1	
Roseanne,1	
Rosenberg,1	
Rosenstein,2	
Rosie,1	
Ross,1	
Rotten,1	
Rouge,1	
Russia,2	
Russian,1	
Rust,1	
Rutherford,1	
Ryan,3	
Ryukyung,1	
SEOUL,4	
SHANGHAI,1	
STEM,2	
SYDNEY,1	
Sacramento,1	
Safety,1	
Salman,3	
Salvador,1	
Samjiyon,1	
San,4	
Sanders,2	
Sandy,5	
Sarah,2	
Saturday,9	
Saudi,3	
Schmollinger,1	
School,4	
Schools,3	
Schrank,1	
Schumer,1	
Science,1	
Scott,5	
Screen,1	
Screnock,3	
Sean,2	
Second,2	
Secret,1	
Secretary,10	
Secured,1	
Securities,1	
Security,5	
Segregation,1	
Sen,7	
Senate,12	
Senator,13	
Senegal,1	
Seoul,6	
Separated,1	
Service,3	
Services,3	
Sessions,3	
Seulgi,1	
Several,1	
Shaheen,2	
Shaheens,1	
Shanghai,1	
Shell,2	
Sheridan,1	
Sheriffs,1	
Shireman,1	
Short,1	
Shortly,1	
Show,1	
Shri,1	
Shulkin,12	
Sign,2	
Silicon,2	
Sin,3	
Since,2	
Sir,1	
Six,1	
Sixth,1	
Skull,2	
Sky,1	
Slim,1	
Smith,4	
Sokeel,1	
Sol,3	
Someday,1	
Sony,4	
Sonys,2	
South,92	
Southern,3	
Southland,1	
Souths,1	
Spain,1	
Speaker,1	
Spending,1	
Spielberg,7	
Spielbergs,3	
Spies,1	
Sports,1	
Spring,2	
Square,2	
Squeezed,1	
Stanway,1	
Star,1	
Start,1	
State,20	
States,42	
Steam,1	
Stella,1	
Stephen,2	
Stephon,1	
Sterling,4	
Steve,8	
Steven,4	
Stevens,1	
Still,4	
Stoneman,1	
Stormy,1	
Streep,1	
Street,3	
Strobel,1	
Stuart,1	
Students,2	
Studies,1	
Style,1	
Sugarland,1	
Sullivan,3	
Sunday,46	
Sundays,1	
Sunhee,1	
Super,2	
Superville,1	
Supporters,1	
Supreme,15	
Survivors,1	
Susan,2	
Swat,1	
Switzerland,1	
Sydney,3	
Syria,10	
Syrian,4	
TRADEThe,1	
Taekwondo,1	
Tait,1	
Taliban,2	
TankersleyINTERNATIONALCrown,1	
Taraji,1	
Tax,1	
Tech,1	
Technical,1	
Technology,2	
Ted,1	
Tel,1	
Terry,1	
Tesla,3	
Test,1	
Texas,1	
Theater,2	
Theatre,1	
Theodore,1	
Therese,1	
Thimmesch,1	
Thom,1	
Thompson,1	
Thorn,1	
Thornton,1	
Though,1	
Thrive,1	
Thursday,4	
Ticketmaster,1	
Tiffany,1	
Tillerson,5	
Tillis,1	
Time,2	
Times,13	
Tintin,1	
Today,1	
Todd,1	
Tokyo,1	
Tolhurst,1	
Tolson,1	
Tom,1	
Tomatoes,1	
Tommy,1	
Tonight,1	
Tony,1	
Toronto,3	
Trade,12	
Treasury,1	
Trepp,1	
Trump,150	
Trumpian,1	
Trumps,10	
Trumpx,2	
Trust,2	
Try,1	
TsangECONOMYLast,1	
Tuesday,7	
Turkey,2	
Twitter,12	
Two,2	
Tye,1	
Tyler,1	
USA,1	
Unification,1	
Union,4	
United,53	
Uniting,2	
Universal,3	
Universidad,1	
Universities,1	
University,9	
Uns,1	
Upholding,1	
Urban,1	
VIP,1	
Valenti,3	
Valentis,1	
Valerie,2	
Valley,4	
Van,1	
Velvet,12	
Veterans,3	
Vice,1	
Videgaray,1	
Village,2	
Villanova,1	
Violence,1	
Virginia,5	
Virginias,1	
Volcovici,2	
Vornado,1	
Voting,1	
WASHINGTON,8	
WEST,2	
WTO,3	
Walker,4	
Wall,1	
Wallace,16	
Wallaces,1	
Wallis,1	
Walters,1	
Walton,2	
Want,1	
War,1	
Wardell,1	
Warner,11	
Warren,13	
Washburn,1	
Washington,26	
Watergate,1	
Wednesday,4	
Week,2	
Weekend,1	
Wei,1	
Wesleyan,1	
West,4	
Western,1	
Whether,1	
Whistle,1	
White,34	
Wilcox,1	
Wild,1	
WildBrain,1	
Wilkie,2	
William,1	
Willow,1	
Wilson,5	
Wimbledon,1	
Winter,4	
Wis,1	
Wisconsin,5	
WisdomTree,1	
Wish,1	
Without,1	
Worcester,1	
Working,1	
World,4	
Writing,1	
YORK,1	
Yang,2	
Year,1	
Yellow,1	
Yeri,2	
Yerim,1	
Yet,1	
Yong,1	
Yoon,1	
York,23	
Yousafzai,1	
Yucatan,1	
Yung,1	
ZAVALAZavala,1	
Zavala,4	
Zinke,1	
Zraick,1	
aback,1	
abandon,1	
abandoned,1	
ability,7	
abject,1	
able,6	
aboard,1	
abortion,1	
abroad,2	
abrupt,1	
abruptly,1	
absence,1	
absent,1	
absolution,1	
absorb,1	
abuse,1	
acceptance,1	
accepted,2	
accepting,3	
access,10	
accidentally,1	
acclaiming,1	
accommodate,1	
accommodating,2	
accompanied,2	
accompanying,1	
accomplish,2	
according,17	
account,3	
accountability,3	
accountable,1	
accounts,1	
accreditation,3	
accredited,3	
accrediting,8	
accreditors,4	
accurate,1	
accusations,5	
accused,3	
aced,1	
ached,1	
acknowledge,1	
acknowledged,1	
acquire,1	
acquittal,1	
acronym,2	
across,15	
acted,1	
acting,6	
action,3	
actions,4	
active,2	
actively,1	
activism,1	
activist,4	
activists,2	
activities,1	
activity,1	
actress,1	
acts,1	
actually,4	
adamant,1	
add,1	
added,5	
adding,9	
addition,2	
additional,5	
address,4	
addressed,2	
addresses,1	
addressing,2	
adds,1	
adjective,1	
adjusting,2	
administer,1	
administration,59	
administrations,3	
admiral,1	
admit,5	
admitted,1	
adobo,1	
adopted,2	
adopting,1	
ads,3	
adult,2	
advance,3	
advanced,1	
advantage,6	
adventure,2	
adventures,1	
adversaries,2	
advertising,1	
advice,1	
adviser,9	
advisers,3	
advisory,3	
advocacy,1	
advocate,1	
advocated,1	
advocates,6	
advocating,2	
aerospace,1	
affable,1	
affair,1	
affairs,4	
affect,3	
affected,2	
afraid,2	
afternoon,1	
afterward,1	
age,2	
agencies,4	
agency,14	
agencys,5	
agenda,3	
agent,1	
agents,5	
ages,1	
aggressive,3	
aggressively,4	
ago,4	
agree,2	
agreed,4	
agreement,8	
agreements,1	
agriculture,1	
ahead,4	
aid,4	
aide,1	
aides,4	
aim,2	
aimed,2	
air,2	
aircraft,1	
aired,2	
airline,1	
airport,3	
aisle,1	
alike,1	
alive,1	
allegations,2	
alleged,1	
alleging,2	
alliance,1	
allies,3	
allow,6	
allowed,7	
allows,3	
alluded,1	
ally,2	
almonds,1	
almost,5	
alone,2	
along,8	
already,8	
also,62	
although,2	
aluminum,8	
always,3	
ambassador,4	
ambitions,1	
ambitious,1	
amicus,1	
amid,15	
among,14	
amount,2	
analysis,3	
analyst,3	
analysts,1	
analytics,1	
analyzes,1	
analyzing,1	
anger,3	
animation,1	
anniversary,1	
announce,1	
announced,7	
announcement,3	
announcing,2	
annoyed,1	
annual,4	
annually,2	
another,12	
answered,1	
anybody,1	
anyones,1	
anything,4	
anytime,1	
apart,1	
apartment,1	
apiece,1	
apologized,1	
apology,1	
apparently,3	
appeal,10	
appealed,3	
appeals,4	
appear,1	
appearance,3	
appearances,1	
appeared,2	
appears,4	
applauded,1	
applauding,1	
apples,1	
applicants,4	
application,6	
applications,5	
applied,1	
apply,2	
appointed,2	
appointee,1	
appointment,1	
appointments,1	
apprehensions,1	
approached,1	
approaches,1	
appropriate,1	
appropriately,1	
approval,2	
approved,4	
approving,3	
arbitrarily,1	
archbishop,1	
architecturally,1	
archive,1	
ardent,1	
area,1	
areas,4	
argue,1	
argued,3	
argues,4	
arguing,1	
argument,2	
arguments,2	
arising,1	
around,8	
arrange,1	
arrangement,3	
arrangements,1	
array,1	
arrested,1	
arrests,2	
arrive,2	
arrived,3	
arrows,1	
art,9	
article,1	
articles,1	
artillery,1	
artist,1	
artistic,1	
artists,2	
aside,4	
ask,1	
asked,8	
asking,6	
aspect,1	
assailed,1	
assassination,1	
assassins,1	
assault,3	
assembly,1	
asserts,1	
assess,1	
assessing,1	
assistant,2	
associate,1	
associated,1	
associates,2	
association,1	
associations,2	
assumed,1	
assuming,1	
asylum,6	
athletes,1	
atmosphere,1	
attack,6	
attacked,1	
attacking,2	
attacks,7	
attempt,5	
attempting,1	
attend,5	
attended,7	
attendee,1	
attending,1	
attention,5	
attitude,1	
attitudes,1	
attorney,6	
attorneys,2	
attract,1	
attracted,1	
attribute,1	
attuned,1	
audience,5	
audiences,2	
authoritarian,1	
authorities,4	
authority,2	
authorize,1	
authorizing,1	
auto,1	
automakers,1	
automatically,1	
autopsy,1	
autumn,1	
available,2	
avenue,2	
average,3	
avoid,4	
avoided,1	
await,2	
awaited,1	
awaiting,1	
award,2	
awarded,2	
away,6	
awfully,1	
babies,1	
back,15	
backdrop,1	
backed,3	
backers,1	
background,1	
backing,2	
backyard,1	
bad,4	
baffled,1	
bags,1	
balcony,1	
ball,4	
ballistic,1	
ballot,2	
ballots,1	
ban,1	
band,3	
banished,1	
bank,1	
bankers,1	
bankruptcy,10	
banks,1	
banned,1	
barbershops,1	
bargaining,2	
barn,1	
barometer,1	
baron,1	
barriers,1	
base,4	
baseball,1	
based,7	
basic,1	
basically,1	
basis,2	
basketball,1	
batsman,2	
battle,3	
battlefield,1	
battlegrounds,1	
battles,2	
bear,1	
bears,1	
beaten,1	
became,6	
become,8	
becoming,3	
bed,1	
bedroom,1	
beef,1	
beefing,1	
beforehand,1	
began,12	
begged,1	
begin,2	
beginning,1	
begins,2	
behalf,1	
behind,2	
believe,4	
believing,1	
belittling,1	
bellwether,1	
beloved,1	
bench,1	
benchmark,1	
benefit,1	
benefited,2	
benefits,3	
best,5	
betrayed,1	
better,4	
beyond,5	
bicycle,1	
bid,2	
big,8	
bigger,1	
biggest,4	
bill,2	
billed,1	
billion,29	
billionaire,2	
billions,2	
bin,1	
biographer,1	
biography,1	
bipartisan,3	
birch,1	
birth,1	
birtherism,1	
bittersweet,1	
bizarre,1	
black,5	
blacklisting,1	
blacks,1	
blame,2	
blamed,6	
blaming,2	
blew,4	
blistering,1	
blockade,1	
blockbuster,3	
blocked,2	
blocking,1	
blunt,1	
board,1	
boards,1	
bodies,1	
body,3	
boils,2	
bold,1	
bomb,1	
bombings,1	
booming,1	
boosted,1	
booth,1	
border,36	
borders,3	
bored,1	
bought,3	
bound,1	
boundary,1	
bourbon,1	
boutique,1	
bowed,1	
box,4	
branch,3	
branded,1	
branding,2	
brands,1	
break,2	
breakdown,1	
breaks,1	
breakthrough,1	
bride,3	
brides,2	
brief,2	
briefing,1	
briefly,3	
briefs,1	
brimming,1	
bring,1	
bringing,4	
broad,2	
broadcast,1	
broadcaster,1	
broader,1	
broke,3	
broken,2	
broom,1	
brother,5	
brothers,1	
brought,6	
bruising,1	
brunch,1	
brushed,1	
brutal,2	
budget,3	
build,9	
building,3	
builds,1	
bulk,1	
bullets,1	
bumbling,1	
bumpy,2	
bunnies,2	
bureau,1	
bureaucracy,1	
burgers,1	
burn,1	
burning,2	
buses,1	
business,19	
businesses,3	
businesswoman,1	
busy,1	
butter,1	
buy,2	
buyers,4	
buying,2	
buys,1	
bypassing,1	
byzantine,1	
cable,3	
cagey,1	
call,6	
called,18	
calling,3	
calls,4	
came,13	
camera,1	
camp,2	
campaign,32	
campaigning,1	
campaigns,1	
campuses,1	
cancel,2	
canceled,1	
cancelling,1	
candidacy,1	
candidate,19	
candidates,5	
cannot,4	
cant,2	
capable,1	
capacity,2	
capital,8	
capitalist,1	
capriciously,1	
captain,1	
captured,1	
capturing,1	
car,2	
caravan,6	
caravans,1	
card,3	
cards,2	
care,2	
career,5	
careful,1	
carelessly,1	
caring,1	
carnage,1	
carried,2	
carrying,1	
cars,1	
case,23	
cases,7	
cash,6	
cast,3	
casting,1	
casualty,1	
cat,1	
catch,2	
caught,4	
cause,2	
caused,2	
causing,1	
ceasefire,1	
ceilings,1	
celebrated,2	
cell,1	
cellphone,2	
cemented,1	
censorship,1	
censure,2	
center,4	
centers,1	
central,3	
centre,1	
century,2	
ceremony,2	
certain,4	
certainly,3	
chagrined,1	
chains,1	
chairman,10	
chairmanship,1	
challenge,4	
challenged,3	
challenges,4	
challenging,2	
chamber,1	
championship,1	
chance,6	
chances,2	
change,8	
changed,5	
changes,5	
chaos,4	
chaotic,2	
character,3	
charge,1	
charged,1	
charges,1	
charming,1	
chastened,1	
cheating,2	
check,1	
checking,1	
cheer,1	
cheered,3	
cheering,1	
cheerleader,1	
cheerleaders,1	
chided,1	
chief,10	
chiefs,2	
children,14	
childrens,1	
chip,1	
chipotles,1	
chipped,1	
chips,2	
chirpy,1	
chocolate,1	
choice,2	
choose,1	
choosing,1	
chose,2	
church,13	
churches,1	
cigarette,3	
circles,1	
circulated,1	
circumstances,1	
cite,1	
cited,2	
cities,2	
citing,2	
citizens,6	
citizenship,3	
city,10	
citys,1	
civil,2	
civilian,1	
civilians,2	
claim,4	
claimed,2	
claiming,2	
claims,6	
clapped,5	
clapping,3	
clash,1	
classmate,1	
classmates,1	
clean,1	
cleaned,1	
cleaning,1	
clear,10	
clearance,1	
cleared,2	
clerks,1	
clicked,1	
clinic,1	
clip,1	
clock,1	
close,12	
closed,4	
closely,4	
closest,1	
clothes,1	
cloud,1	
club,3	
clubs,1	
coalition,2	
coffee,1	
coherent,2	
coincided,1	
coincidentally,1	
collapse,1	
collapsed,1	
collapsing,1	
collateral,1	
colleagues,2	
collecting,1	
collection,3	
collective,3	
college,4	
colleges,3	
collusion,1	
colonial,1	
colonialist,1	
colored,1	
colorful,1	
comScore,2	
combat,1	
combed,1	
combined,3	
comes,7	
comfortable,1	
coming,11	
commands,1	
commemorative,1	
comment,4	
commenting,1	
comments,3	
commerce,1	
commission,1	
commit,1	
commitment,3	
committed,3	
committee,5	
committees,1	
communicate,1	
communication,1	
communications,5	
community,1	
companies,33	
company,18	
companys,1	
comparative,1	
compared,4	
comparison,1	
comparisons,1	
compassion,1	
competing,2	
competitive,1	
competitors,1	
complain,1	
complained,3	
complaints,4	
complete,1	
completed,1	
completely,1	
complex,3	
complexity,1	
compliance,3	
complicated,1	
comply,1	
computer,2	
computers,1	
comrade,1	
conceived,1	
concern,4	
concerned,3	
concerns,2	
concert,16	
concertgoers,1	
concessions,1	
concluded,1	
concluding,1	
conclusion,1	
conditions,2	
condo,3	
condominium,1	
conduct,2	
conducted,3	
conference,3	
conferences,1	
conferred,1	
confidence,1	
confident,1	
confidential,1	
confirmation,2	
confirmed,1	
conflict,3	
conflicting,2	
conflicts,4	
confront,1	
confrontations,1	
conglomerates,1	
congregation,2	
congressional,5	
congressman,1	
congresswoman,2	
connect,1	
connected,2	
connection,2	
connections,1	
consensus,1	
consequences,3	
consequential,1	
conservatism,2	
conservative,4	
consider,2	
considered,4	
consistent,2	
consistently,1	
consolidating,1	
consolidation,1	
conspicuously,1	
conspiracy,1	
conspired,1	
constant,1	
constitutional,1	
construction,1	
consult,1	
consultancy,2	
consulting,2	
consume,1	
consumer,2	
contact,3	
contain,1	
containing,1	
contemplating,1	
contempt,2	
contemptuous,1	
contend,5	
content,1	
contested,2	
context,1	
continue,7	
continued,3	
continues,1	
continuing,1	
contracts,2	
contrary,1	
contrast,2	
contrasts,1	
contribute,1	
contributed,4	
control,14	
controls,1	
controversies,1	
convention,1	
conversation,1	
conversations,1	
conviction,1	
convincing,1	
cooperating,1	
cooperation,3	
cope,1	
core,3	
corners,1	
corporate,2	
corps,2	
corrected,2	
corridors,1	
corruption,6	
cost,5	
costliest,1	
costumes,1	
couldnt,1	
council,7	
councils,8	
counsel,14	
counselor,1	
counsels,2	
countries,8	
country,23	
countrys,2	
counts,1	
county,1	
couple,9	
couples,2	
court,29	
courthouse,1	
courts,4	
cousin,1	
cousins,1	
cover,1	
coverage,3	
covered,2	
cow,5	
crackdown,3	
crackdowns,1	
crafted,1	
crash,1	
create,3	
created,6	
creates,1	
creating,1	
creative,1	
credit,4	
creditors,2	
cricket,6	
cricketing,3	
cried,1	
crime,3	
criminal,5	
criminals,2	
crisis,7	
criteria,2	
critic,2	
critical,1	
criticism,5	
criticized,5	
critics,6	
crooners,1	
cross,2	
crossed,1	
crossers,2	
crossing,6	
crossword,1	
crowd,1	
crowds,1	
crown,1	
crowned,1	
crucial,2	
cruise,1	
crusader,1	
culled,1	
cultural,3	
culture,7	
cupcakes,1	
curb,1	
currency,1	
current,8	
currently,4	
cushions,1	
custody,1	
customer,1	
cut,7	
cuts,1	
cyberattack,1	
cynical,1	
daily,1	
damaged,4	
damages,1	
damaging,1	
dance,1	
danced,1	
dangerous,8	
dangers,1	
dangled,1	
dark,3	
data,16	
database,1	
date,1	
dates,1	
dating,1	
daughter,8	
daughters,1	
daunting,1	
day,9	
days,5	
dazzling,1	
dead,1	
deadline,2	
deadly,1	
deal,18	
dealer,1	
dealers,1	
deals,6	
dealt,1	
dear,2	
death,4	
debate,3	
debt,7	
debts,1	
debut,1	
decade,8	
decadent,1	
decades,4	
decentralized,1	
decide,3	
decided,1	
decides,1	
decision,11	
deck,1	
declare,1	
declared,5	
declaring,2	
decline,2	
declined,4	
declining,1	
decrease,1	
decried,1	
deep,3	
deepen,1	
deepening,1	
deeply,3	
defectors,1	
defects,1	
defend,2	
defendant,1	
defendants,1	
defended,2	
defending,2	
defense,1	
defiance,1	
defrauded,1	
defuse,1	
defy,1	
degree,1	
delay,2	
delayed,3	
delays,2	
delegation,1	
deliberated,1	
delight,1	
deliver,1	
delivered,2	
delivering,1	
demagogues,1	
demand,7	
demanding,6	
demands,1	
demeaning,1	
democracy,1	
democratic,1	
demonized,1	
demonstrate,3	
demonstrates,1	
demonstration,2	
demonstrations,1	
demonstrators,3	
demurred,1	
denied,2	
denies,2	
denounce,1	
denounced,3	
denuclearization,1	
denunciations,1	
deny,1	
department,7	
departments,1	
departure,3	
departures,1	
depend,1	
dependent,1	
depicting,1	
depicts,1	
deployed,1	
deportation,1	
deported,2	
depress,2	
depressed,1	
deputy,6	
dereliction,1	
derived,1	
descendants,1	
described,3	
description,1	
designated,2	
designed,2	
despite,2	
detailed,1	
details,3	
detained,3	
detente,1	
detentions,1	
deter,2	
determine,1	
determined,1	
determining,1	
devaluation,1	
develop,1	
developer,1	
development,3	
deviated,1	
device,1	
devices,2	
devised,1	
devising,1	
devoted,1	
dialogue,2	
diamond,1	
dictator,2	
didnt,4	
died,3	
dies,1	
diet,1	
differences,3	
different,5	
difficult,5	
difficulties,1	
digital,1	
dignity,1	
diminished,2	
dinner,2	
diplomat,1	
diplomatic,5	
diplomats,1	
direct,3	
directed,4	
directives,1	
directly,2	
director,10	
disagreed,1	
disappeared,1	
disappointments,1	
disaster,1	
disbanded,1	
disclose,2	
disclosed,1	
disclosure,1	
discourse,1	
discovered,2	
discredit,2	
discuss,7	
discussed,3	
discussing,1	
discussion,1	
discussions,1	
disgrace,1	
disgraced,2	
dislike,1	
disliked,1	
dismiss,2	
dismissal,3	
dismissed,1	
dismissing,1	
display,1	
dispute,4	
disputed,1	
dissatisfied,1	
dissent,1	
dissipated,1	
distaste,1	
distinction,1	
distraught,1	
distressed,1	
distributed,1	
district,5	
disturbed,2	
diverge,1	
diverted,1	
divide,1	
divider,1	
divisions,1	
divulging,1	
dizzying,2	
doctor,1	
doctors,2	
documentaries,1	
documents,2	
doesnt,4	
dollars,6	
domestic,4	
dominance,1	
dominate,2	
donations,3	
done,3	
dont,6	
door,2	
doormat,1	
double,2	
doubt,3	
downed,1	
downplay,1	
downside,1	
dozen,2	
dozens,2	
draft,1	
drafted,1	
drag,1	
dragged,1	
dramas,2	
dramatic,1	
drank,1	
draw,2	
drawing,3	
drawn,2	
dreamscape,1	
dressed,2	
dresses,1	
dressing,1	
drew,3	
dried,1	
drills,1	
drive,1	
driven,1	
drives,1	
driving,2	
drones,1	
drop,5	
dropped,3	
drug,7	
drugmakers,1	
drugs,2	
drumbeat,1	
dtente,2	
dubious,1	
due,4	
dueling,1	
dumb,1	
dumped,2	
dumping,1	
duties,9	
dystopian,1	
eager,2	
ear,1	
earlier,12	
early,14	
earn,1	
earned,1	
earnings,1	
easier,2	
easily,2	
easing,1	
east,1	
eastern,1	
echo,1	
echoed,2	
echoes,1	
eclipsing,1	
economic,16	
economically,1	
economies,2	
economist,1	
economists,3	
economy,7	
editing,1	
editors,1	
education,9	
effect,8	
effective,3	
effectively,3	
effects,1	
effort,5	
efforts,8	
egg,2	
eggs,2	
ego,3	
eight,2	
either,3	
ejecting,1	
elaborate,1	
elder,2	
elected,2	
election,14	
electioneering,1	
elections,7	
elector,1	
electoral,1	
electorate,1	
electric,1	
electronic,1	
eligibility,2	
eliminate,1	
elite,3	
elites,1	
elses,1	
elusive,1	
email,5	
emails,2	
embodied,1	
emboldened,1	
embrace,2	
embroiled,1	
embryos,1	
emerge,2	
emerged,2	
emergency,1	
emerges,2	
emotional,1	
emphasize,1	
empire,2	
employ,1	
employed,2	
employee,1	
employees,3	
enabled,1	
enact,1	
enacted,1	
enacting,1	
enclave,1	
encountered,1	
encouraged,1	
end,16	
endangered,2	
ended,8	
ending,3	
endorse,1	
endorsed,3	
endorsement,1	
endure,1	
endured,2	
enduring,1	
enemy,1	
energized,1	
energy,3	
enforce,1	
enforcement,3	
enforcing,1	
engage,1	
engagement,2	
engaging,1	
engineer,1	
engineering,1	
engines,1	
enhance,1	
enjoyed,1	
enormous,1	
enough,4	
enrolling,1	
enshrined,2	
enshrining,1	
ensure,3	
entanglements,1	
enter,1	
entered,3	
entering,1	
entertainment,2	
entire,1	
entities,1	
entity,1	
entrance,1	
entrap,1	
entrenched,1	
entrepreneurs,4	
entrepreneurship,1	
entries,1	
entrusting,1	
entrustment,1	
entry,1	
environmental,1	
envoy,1	
episodes,1	
equal,3	
equipment,1	
era,2	
erase,1	
erect,2	
eroded,1	
erred,1	
erroneously,2	
errors,1	
erupted,1	
erupts,1	
escalating,3	
especially,3	
essay,1	
essentially,1	
establish,1	
established,3	
establishing,1	
estate,10	
estimated,4	
estimates,2	
ethical,2	
ethics,7	
ethnic,1	
evade,1	
evaluate,1	
even,25	
evening,1	
evenly,1	
event,6	
events,4	
eventually,5	
ever,4	
every,14	
everybody,2	
everybodys,1	
everyone,2	
everywhere,1	
evidence,2	
eviscerate,1	
exact,1	
examine,1	
examining,2	
example,2	
examples,1	
exceedingly,1	
exceeds,1	
excellent,2	
exceptions,1	
excessive,1	
exchange,6	
exchanged,2	
excitedly,1	
excludes,1	
excuse,2	
executed,1	
executive,10	
executives,3	
exemptions,1	
exercise,1	
exhibit,3	
exhorted,1	
exiled,1	
existing,3	
exit,1	
expand,3	
expanded,1	
expanding,1	
expansion,4	
expect,4	
expected,11	
expects,1	
expedited,1	
expensive,1	
experience,6	
expert,1	
experts,4	
explain,4	
explanation,1	
explanations,1	
explicit,1	
exporters,1	
exports,9	
expressed,5	
expresses,1	
expulsions,1	
extended,2	
extending,1	
extortion,1	
extra,5	
extralegal,1	
extremely,1	
extremist,1	
face,10	
faced,4	
faces,6	
facilities,1	
facing,2	
fact,1	
factories,2	
facts,3	
faded,1	
fading,1	
failed,4	
failing,3	
fails,1	
failure,4	
failures,3	
fair,2	
fairness,1	
faithless,1	
fake,1	
fall,6	
fallout,1	
false,4	
falsely,1	
falsified,1	
families,9	
family,18	
familys,7	
famous,1	
fan,1	
fanfare,1	
fans,2	
fantasies,1	
fantasy,1	
far,9	
farm,1	
farmers,1	
fashion,2	
fast,1	
fastest,1	
fatal,1	
fatalities,1	
fate,3	
father,7	
fault,1	
favor,1	
favored,1	
favorite,2	
favorites,1	
favors,1	
fear,5	
feared,1	
fears,7	
feature,1	
featured,1	
featuring,4	
fed,1	
federal,39	
feel,7	
fell,3	
fellow,3	
felon,1	
felt,2	
female,3	
fended,1	
fervent,1	
festivities,1	
fewer,2	
fickle,1	
fictions,1	
field,1	
fierce,1	
fiery,1	
fight,4	
fighters,1	
fighting,3	
fights,1	
figure,1	
figures,3	
file,3	
filed,5	
filing,3	
filings,6	
fill,3	
filled,2	
film,5	
filmmaker,1	
films,1	
final,1	
finalised,1	
finance,6	
financed,1	
finances,2	
financial,15	
financially,1	
financing,7	
find,3	
finding,1	
finds,1	
finish,1	
fire,6	
firearms,1	
firebombs,1	
fired,10	
firing,10	
firings,1	
firm,9	
firms,1	
first,42	
fiscal,3	
fish,1	
fit,3	
five,3	
fix,1	
flag,2	
flagging,1	
flagship,1	
flavored,1	
flawed,1	
flaws,1	
fledgling,1	
fleeing,1	
flew,2	
flexible,1	
flicked,1	
flights,1	
floating,1	
flooded,2	
flooding,2	
flourish,1	
flow,5	
flowing,2	
flows,4	
flurries,1	
flurry,1	
flushed,1	
focus,5	
focused,2	
focusing,2	
foe,2	
folded,1	
folks,1	
followed,2	
followers,3	
following,2	
follows,3	
foods,1	
fool,1	
footage,3	
football,1	
force,5	
forced,4	
forces,3	
forcing,1	
foreign,26	
forever,1	
forged,1	
forgiveness,5	
forgotten,1	
formally,2	
formed,1	
former,21	
formerly,1	
formulate,2	
forth,1	
forum,2	
forward,3	
fossil,1	
foster,1	
found,14	
foundation,1	
founded,1	
founder,1	
four,4	
fourth,3	
franchise,1	
fraud,1	
free,4	
freed,1	
freezer,1	
frenzy,1	
frequent,2	
frequently,1	
fresh,3	
friction,1	
friend,2	
friends,3	
front,1	
frozen,3	
fruit,3	
fruits,3	
frustrated,3	
fuel,1	
fueled,1	
fulfill,1	
fulfilling,1	
full,3	
fully,4	
functions,1	
fund,7	
fundamentally,2	
funding,4	
fundraiser,3	
funds,3	
furious,1	
fury,1	
futile,1	
future,5	
gain,1	
gallery,1	
galvanized,1	
game,1	
gamed,1	
games,2	
gangs,1	
gap,4	
gaps,1	
gas,2	
gasoline,1	
gatekeeper,1	
gathered,3	
gave,13	
gelled,1	
gender,2	
general,10	
generate,1	
generates,1	
generation,1	
generic,1	
genuine,1	
genuineness,1	
gestures,1	
get,15	
gets,2	
getting,2	
giant,1	
giants,1	
gift,5	
gifts,1	
girl,7	
give,7	
given,7	
gives,2	
giving,5	
glad,2	
glimpse,1	
global,18	
goal,1	
goals,2	
godfather,1	
godlike,1	
goggles,1	
going,15	
golf,3	
golfing,1	
gone,3	
good,8	
goods,9	
got,10	
governance,1	
governing,1	
government,37	
governments,4	
governor,6	
governorships,2	
graders,1	
graduated,2	
graduation,1	
grand,3	
grandmothers,1	
granny,1	
grant,1	
granted,5	
granting,1	
gravely,1	
gravity,1	
great,13	
greater,1	
green,2	
greeted,1	
grew,5	
grinding,1	
groom,1	
grooms,2	
ground,1	
group,30	
groups,12	
growing,3	
grown,2	
growth,8	
guarantees,1	
guard,1	
guerrilla,1	
guest,1	
guests,2	
guidance,2	
guide,1	
guilty,1	
gun,30	
gunfire,1	
gunmakers,1	
gunman,3	
gunmen,1	
gunned,1	
guns,6	
gunslinging,1	
gut,1	
guy,1	
hails,1	
hairpin,1	
half,2	
hall,3	
halted,1	
hampers,1	
hamstrung,1	
hanbok,1	
hand,8	
handed,1	
handful,1	
handle,1	
hands,5	
handshakes,1	
hang,1	
hanging,1	
happen,3	
happened,2	
happens,2	
happy,2	
hard,3	
harder,7	
hardly,1	
harm,1	
harming,2	
harmonies,1	
hatch,1	
hates,1	
hauled,1	
havoc,1	
hawkish,1	
haze,1	
head,4	
headed,3	
heading,2	
headline,1	
headlines,4	
headquarters,1	
heads,1	
health,4	
healthy,2	
hear,1	
heard,1	
hearing,6	
hearings,4	
hears,1	
heart,1	
heat,1	
heavily,1	
heavy,1	
hecklers,1	
hedging,1	
heels,1	
heightened,2	
held,9	
help,14	
helped,5	
helping,3	
heres,1	
heroic,1	
hes,1	
hide,1	
high,14	
higher,4	
highest,1	
highlights,2	
highs,1	
hike,3	
hikes,2	
hinge,1	
hinting,1	
hints,1	
hired,6	
hiring,3	
historian,1	
historic,1	
historical,2	
history,2	
hit,7	
hits,1	
hockey,1	
hold,12	
holders,1	
holding,1	
holdings,2	
holiday,4	
hollering,1	
holy,1	
home,10	
homecoming,1	
homeland,1	
homemade,1	
homepage,1	
homes,1	
honest,1	
honestly,1	
honey,1	
honor,1	
hope,15	
hoped,4	
hopeful,1	
hopes,2	
hoping,3	
horrendous,1	
horrible,1	
horse,1	
host,2	
hostage,1	
hotel,5	
hour,2	
hours,3	
house,3	
household,3	
houses,1	
housing,1	
however,4	
huge,2	
human,4	
humanitarian,1	
humanity,1	
humility,1	
hundreds,15	
hung,1	
hurdle,1	
hurdlesTrump,1	
hurled,1	
hurt,3	
hurting,1	
hurts,1	
husband,2	
hypocrite,1	
hypothetical,1	
icon,1	
idea,3	
identified,2	
identify,1	
identity,1	
ideological,1	
ignore,1	
illegal,9	
illegally,6	
image,3	
images,1	
immediate,4	
immediately,4	
immensely,1	
immigrant,2	
immigrants,30	
immigrantsBy,1	
immigration,24	
immunity,1	
impact,4	
impacted,2	
impassioned,1	
impeachment,7	
impeccably,1	
impersonator,3	
implement,1	
implications,3	
import,4	
importance,2	
important,5	
imported,1	
importer,1	
imports,6	
impose,1	
imposed,2	
impossible,1	
improbable,1	
improper,1	
improperly,1	
improve,1	
improved,1	
improvements,1	
improving,1	
inaccurate,1	
inaugural,1	
incentives,1	
incite,1	
inclined,2	
include,5	
included,6	
includes,11	
including,40	
inclusion,1	
income,2	
inconsistent,1	
incorporate,1	
increase,6	
increased,5	
increasing,1	
increasingly,3	
incubator,1	
incumbents,1	
indeed,1	
independent,6	
independently,1	
indexes,1	
indicate,2	
indicated,2	
indication,1	
indigenous,2	
indiscriminately,1	
individual,2	
indoor,1	
industrial,1	
industries,1	
industry,12	
industrywide,1	
infectious,1	
infighting,1	
infiltration,1	
inflation,2	
influence,7	
influencer,1	
informal,1	
information,8	
informed,1	
informs,1	
infrastructure,1	
infuriated,1	
inherit,1	
inherits,1	
initial,1	
initially,2	
innocent,2	
inquiries,3	
inquiry,3	
inroads,1	
inside,5	
insider,1	
insinuations,1	
insist,1	
insisted,2	
insistence,2	
insists,1	
inspector,1	
inspiration,1	
installation,1	
installed,3	
installing,1	
instance,1	
instances,1	
instead,2	
instigating,1	
instinctive,1	
institutions,12	
instruments,1	
insults,1	
insurance,1	
insurgents,1	
integral,1	
integrate,1	
integrated,1	
integration,2	
integrity,1	
intellectual,3	
intended,1	
intense,2	
intention,1	
intentions,1	
interest,10	
interests,5	
interference,1	
intern,1	
internal,1	
international,12	
internet,2	
interpretation,1	
interrogatory,1	
intersectional,1	
intervention,2	
interview,5	
interviews,2	
intifada,1	
introduce,1	
invasion,1	
invest,1	
invested,1	
investigate,1	
investigating,4	
investigation,11	
investigations,1	
investigator,4	
investigators,4	
investment,4	
investors,10	
invitation,1	
involve,2	
involved,3	
involvement,1	
involving,2	
isolated,2	
issue,5	
issued,4	
issues,8	
issuing,2	
items,1	
itinerary,1	
jail,1	
jeered,1	
job,14	
jobs,15	
join,1	
joined,3	
joint,5	
joke,1	
journalists,3	
journey,2	
judge,14	
judges,2	
judgment,2	
jumped,1	
junior,4	
jurisdiction,1	
jury,6	
justice,4	
justices,3	
justified,1	
kayak,1	
keen,1	
keep,7	
kept,1	
key,8	
keystone,1	
kids,2	
kill,3	
killed,11	
killing,2	
kilometers,1	
kind,4	
kindly,1	
kindness,1	
king,1	
knock,1	
knocked,1	
know,14	
knowledge,2	
known,13	
knows,3	
kowtowing,1	
lab,1	
label,1	
labeled,1	
labor,1	
lack,1	
lacked,1	
lacking,1	
lacks,1	
lady,6	
lagged,1	
laid,1	
land,2	
landmark,1	
landscape,1	
language,1	
large,6	
largely,3	
larger,1	
largest,10	
lasers,1	
lashing,1	
lasting,1	
late,6	
later,14	
latest,5	
laughing,1	
laughs,1	
launched,8	
launches,4	
laureate,1	
law,32	
lawmaker,1	
lawmakers,8	
lawn,1	
laws,16	
lawsuit,16	
lawsuits,2	
lawyer,5	
lawyers,4	
lax,1	
lead,9	
leader,16	
leaders,11	
leadership,2	
leading,5	
leads,2	
learn,1	
learned,2	
lease,2	
least,18	
leave,3	
leaving,2	
led,8	
left,6	
leftist,2	
legal,10	
legalize,2	
legally,2	
legends,1	
legislation,10	
legislative,3	
legislators,1	
legitimacy,1	
legitimate,2	
legs,2	
legumes,1	
lender,1	
lenders,3	
lending,1	
lent,1	
less,19	
let,4	
lethal,1	
lets,1	
letter,9	
letters,2	
level,2	
levels,1	
leverage,1	
levies,1	
lexicon,1	
liability,1	
liable,1	
liberal,9	
liberties,1	
licensing,2	
lies,1	
lieu,1	
lieutenant,1	
life,3	
lifelong,1	
lifestyle,1	
lifetime,1	
lifted,2	
liked,1	
likelihood,1	
likely,10	
limit,2	
limited,1	
line,3	
lines,4	
lineup,2	
linger,1	
link,5	
linked,1	
linking,1	
links,1	
lionized,1	
liquefied,1	
list,11	
listed,2	
listen,1	
listeners,1	
lists,1	
literary,1	
litigation,1	
little,11	
live,7	
lived,1	
livelier,1	
lives,4	
living,5	
loan,5	
loans,2	
loathed,1	
loathing,1	
lobbies,1	
lobbyist,4	
lobbyists,2	
local,2	
lock,1	
locked,2	
logo,1	
long,19	
longer,2	
longhaired,1	
longstanding,2	
longtime,2	
look,11	
looking,8	
looms,1	
lose,1	
losing,3	
loss,1	
losses,1	
lost,7	
lot,6	
lottery,2	
loudly,1	
loudspeakers,1	
love,2	
low,6	
lower,4	
lowest,1	
loyal,2	
lucrative,1	
lurches,1	
lure,1	
luster,1	
lyrics,3	
machine,1	
machinery,1	
made,20	
magnitude,1	
maid,1	
mailings,1	
maim,1	
main,5	
maintain,1	
maintained,1	
maintaining,1	
major,6	
majority,5	
make,12	
makes,5	
making,16	
male,1	
malefactors,1	
malevolent,1	
man,7	
manage,1	
management,1	
manager,4	
manipulation,1	
mannerisms,1	
manufactured,1	
manufacturers,2	
manufacturing,2	
many,21	
map,2	
maps,1	
march,1	
marched,2	
marches,1	
mark,1	
marked,2	
market,14	
marketing,6	
markets,6	
marks,2	
marriage,1	
married,5	
marshmallows,1	
mass,5	
massacre,3	
massive,1	
master,1	
masters,1	
match,5	
materials,4	
matter,1	
matters,4	
mattresses,1	
maximizing,1	
maximum,1	
may,16	
mayor,4	
mean,3	
meaning,2	
meaningful,1	
means,2	
meant,4	
meantime,1	
measure,4	
measures,5	
media,16	
mediocre,1	
meet,10	
meeting,5	
meetings,5	
meets,1	
meld,1	
member,14	
members,16	
memo,6	
memorial,1	
memory,3	
men,7	
mens,1	
mental,1	
mention,4	
mentioned,1	
merged,1	
merrily,1	
mess,1	
message,7	
messages,2	
messaging,1	
messier,1	
met,10	
meted,1	
microscope,1	
middle,2	
midterm,5	
midterms,1	
might,10	
migrants,7	
migrated,1	
migration,1	
miles,3	
militants,1	
military,9	
militia,1	
million,29	
millions,4	
mills,1	
mindful,1	
mine,2	
minimal,1	
minimize,1	
minimizes,1	
minimum,2	
minister,6	
ministerial,1	
ministry,4	
minor,1	
minority,2	
minutes,2	
misappropriated,2	
misbehavior,1	
misdirected,3	
misleading,1	
misled,1	
misrepresentation,1	
missile,4	
missiles,1	
missing,1	
mistakenly,1	
mistakes,1	
misusing,1	
mix,1	
mobilize,1	
model,1	
moderate,4	
modernity,1	
modest,1	
moment,3	
momentum,4	
money,9	
monitor,1	
month,13	
months,19	
mood,1	
moot,1	
moral,4	
morning,9	
mornings,1	
morph,1	
mortgage,2	
mosquito,1	
mostly,3	
mother,5	
motion,1	
motivated,1	
mounted,1	
move,8	
moved,9	
movement,4	
movements,1	
moves,1	
movie,8	
moviedom,1	
movies,5	
moving,3	
much,14	
mud,1	
multilateral,1	
multipronged,1	
multiweek,1	
mural,1	
music,2	
musical,1	
musicians,2	
must,12	
musty,1	
mutual,2	
naked,1	
name,4	
named,7	
names,2	
namesake,1	
napkin,1	
narrative,1	
narrow,1	
narrowly,1	
nasty,1	
nation,5	
national,10	
nationalist,1	
nationalistic,1	
nationality,1	
nationally,1	
nations,3	
nationwide,2	
native,1	
natural,2	
navigate,1	
navigated,1	
near,8	
nearby,1	
nearing,1	
nearly,7	
necessarily,1	
need,10	
needed,2	
needs,5	
nefarious,1	
negligent,1	
negotiating,1	
negotiations,7	
neighborhood,1	
neighboring,1	
neophyte,1	
nervous,1	
net,1	
nets,1	
network,1	
never,9	
newfound,1	
newly,2	
news,14	
newsletter,1	
newsletters,2	
newspaper,3	
next,12	
nexus,2	
nicer,1	
night,4	
nightclub,1	
nights,1	
nine,5	
nobody,1	
nominal,1	
nominating,1	
nomination,2	
nominations,1	
nominees,2	
none,1	
nonetheless,2	
nonpartisan,1	
nonprofit,4	
nook,1	
normal,1	
north,1	
notably,2	
note,2	
noted,4	
nothing,2	
noticed,1	
notified,1	
notion,3	
novel,2	
nowhere,1	
nuclear,14	
number,5	
numbers,4	
nuts,2	
object,1	
objected,1	
objectives,1	
obligations,2	
obscuring,1	
obsessed,1	
obstruct,1	
obstruction,1	
obtained,2	
occasion,1	
occasionally,1	
occupations,1	
occurred,3	
odds,5	
offer,4	
offers,7	
office,15	
officer,4	
officers,1	
offices,2	
official,12	
officially,2	
officials,29	
officiated,1	
offset,1	
often,9	
oil,2	
old,5	
older,1	
oldest,1	
olive,1	
ones,3	
ongoing,2	
online,4	
open,11	
opened,3	
opening,5	
operate,1	
operated,1	
operates,1	
operating,1	
operation,1	
operations,1	
opinion,3	
opponents,2	
opportunism,1	
opportunity,4	
opposed,3	
opposing,1	
opposite,1	
opposition,4	
oppressor,1	
optimize,1	
option,3	
options,3	
oral,1	
oranges,1	
oratorical,1	
ordeal,1	
ordeals,1	
order,5	
ordered,5	
ordinary,1	
organisation,1	
organised,1	
organization,11	
organizations,4	
organize,1	
organized,4	
organizers,1	
original,4	
others,6	
otherwise,2	
ousted,1	
ouster,1	
outburst,1	
outcome,2	
outcomes,1	
outdone,1	
outdoor,1	
outlandish,1	
outlive,1	
outlook,3	
outpacing,1	
outperforming,1	
outpouring,1	
outraged,1	
outreach,1	
outside,10	
outsider,1	
outsourced,1	
outspoken,2	
outvote,1	
overdue,1	
overhaul,1	
overhauled,1	
overly,1	
overnight,1	
oversaw,2	
overseas,4	
overseeing,2	
overseen,3	
overshadow,1	
overtaken,1	
overturn,1	
overwhelmingly,1	
owned,4	
owner,2	
owners,3	
owning,1	
owns,1	
oyster,1	
packed,2	
pact,4	
page,4	
pages,2	
paid,5	
pain,3	
painful,1	
paint,4	
paltry,1	
panel,2	
panels,1	
pantry,1	
paper,1	
papers,2	
par,1	
parallel,1	
parallels,2	
paralyzed,1	
parcels,1	
pardon,1	
parents,2	
park,3	
paroled,1	
part,10	
partial,1	
participants,1	
participating,1	
particular,5	
particularly,2	
parties,5	
partisan,2	
partly,2	
partner,3	
partners,3	
party,11	
partys,2	
pass,9	
passed,6	
passing,1	
past,12	
pastime,2	
pastor,2	
patent,1	
patents,2	
path,3	
patriarch,2	
patrol,2	
pay,10	
pays,1	
peace,4	
peaceful,1	
peanut,1	
peek,2	
peers,1	
penalizing,1	
peninsula,2	
pensions,1	
people,51	
percent,43	
percentage,1	
perfect,1	
perform,7	
performance,17	
performances,5	
performed,7	
performers,9	
perhaps,1	
period,4	
permanent,1	
permits,4	
perpetrated,1	
persecution,2	
person,5	
persona,1	
personal,6	
personalities,1	
personally,1	
perspective,1	
persuade,2	
pesos,1	
petitioning,1	
philosophical,1	
phone,5	
photo,3	
photograph,1	
photographs,2	
physically,1	
physician,1	
piata,3	
picked,1	
pickup,1	
picture,1	
piece,2	
pierce,1	
pile,1	
pin,1	
pinched,1	
pinkie,1	
pinnacle,2	
piracy,2	
place,9	
plagued,1	
plaintiffs,2	
plan,14	
plane,2	
planned,4	
planning,5	
plans,9	
plants,2	
platform,3	
play,1	
played,2	
player,1	
players,4	
playing,1	
plays,1	
plea,1	
pleaded,2	
pledge,1	
pledged,3	
pledges,1	
plentiful,1	
plenty,1	
plot,1	
plotting,2	
plummeted,1	
plus,1	
pockets,1	
point,4	
pointed,2	
points,5	
police,3	
policies,6	
policy,20	
policymakers,5	
polished,2	
political,23	
politically,2	
politician,2	
politicians,2	
politics,4	
poll,1	
polling,1	
polls,3	
pool,5	
poor,2	
pop,12	
pope,1	
popular,7	
population,1	
populations,1	
populism,1	
populist,3	
pork,7	
portfolio,1	
portion,1	
posed,1	
posing,3	
position,5	
positions,6	
positive,1	
possibility,2	
possible,4	
possibly,4	
post,3	
posted,2	
posts,1	
postsecondary,2	
posture,2	
potential,13	
potentially,1	
pounds,1	
pour,2	
poured,1	
power,13	
powered,1	
powerful,1	
powers,1	
practice,4	
practices,3	
praised,1	
prayer,1	
precision,1	
predatory,1	
predecessors,2	
predicted,2	
predictive,1	
prefer,1	
preferred,1	
premier,1	
prepackaged,1	
prepared,1	
prepares,1	
preparing,1	
present,1	
presented,2	
preserves,2	
preserving,1	
presidency,4	
president,48	
presidential,29	
presidents,11	
press,6	
pressed,1	
pressure,4	
pressures,1	
pressurized,1	
preternaturally,1	
prevail,1	
prevent,2	
prevented,1	
preventing,1	
previous,4	
previously,6	
preying,1	
price,6	
prices,1	
prides,1	
primary,2	
primed,1	
prince,1	
principles,1	
prison,5	
privacy,2	
private,5	
privately,2	
prize,1	
prizes,1	
probably,4	
probe,1	
problems,2	
proceed,1	
proceeding,1	
proceedings,1	
process,11	
produce,1	
produced,1	
producer,1	
product,2	
production,2	
products,15	
profanities,1	
professional,2	
professor,2	
professors,1	
profile,2	
profitability,1	
profitable,1	
program,36	
programs,1	
progress,1	
progressive,1	
project,5	
projected,1	
projection,1	
projects,2	
prominence,1	
prominent,2	
promise,3	
promised,7	
promises,2	
promising,1	
promote,4	
promoter,1	
promotion,1	
prompt,1	
prompted,2	
prompting,1	
prompts,1	
pronounced,1	
proof,1	
proper,1	
properly,3	
properties,2	
property,6	
proposal,1	
proposals,1	
proposed,2	
proposition,1	
propriety,1	
prosecutor,2	
prosecutors,7	
prospect,1	
prospective,3	
prospects,1	
prosperous,2	
prostitute,1	
protect,9	
protected,3	
protecting,3	
protection,3	
protectionism,2	
protectionist,1	
protections,3	
protects,1	
protester,2	
protests,4	
prove,2	
proved,3	
proven,1	
provide,6	
provided,1	
provider,1	
providing,1	
provincial,1	
proving,1	
provision,2	
psychological,1	
public,18	
publicity,1	
publicly,4	
publish,2	
published,5	
publishing,1	
pull,3	
pulling,2	
pulsed,1	
punched,1	
punching,1	
punish,2	
punishing,1	
punishment,2	
punitive,2	
puppet,1	
purchase,1	
purchases,1	
purely,1	
purse,1	
pursue,1	
pursuing,3	
purview,1	
push,3	
pushed,1	
pushes,2	
pushing,1	
put,10	
putting,3	
qualified,1	
qualify,1	
quality,2	
quarter,1	
quarterly,1	
queen,1	
question,3	
questioned,2	
questions,14	
quick,1	
quickly,4	
quiet,1	
quietly,1	
quite,1	
quiz,1	
quo,1	
quotas,1	
quoted,3	
quoting,1	
rabbis,1	
race,13	
races,2	
racial,1	
racist,1	
racked,1	
radical,1	
radio,1	
raged,1	
rail,1	
raise,3	
raised,9	
raising,1	
rallies,1	
rally,5	
ran,5	
random,1	
range,2	
rank,1	
rapid,1	
rare,2	
rarest,1	
rash,1	
rasping,1	
rate,8	
rated,1	
rates,4	
rather,7	
rating,2	
ratings,1	
rats,3	
raw,1	
raze,1	
reach,3	
reached,3	
reaching,1	
react,2	
reacting,1	
reactor,1	
read,1	
readers,3	
reading,3	
readings,1	
reads,1	
ready,3	
reaffirmed,1	
real,11	
realistic,1	
reality,1	
realize,1	
realizes,1	
really,5	
rear,1	
reasonable,1	
reasons,1	
reassesses,1	
reboot,1	
rebuke,1	
rebut,1	
recalibrate,1	
recalibrating,2	
receive,5	
received,5	
recent,21	
recently,13	
recipes,2	
recipients,2	
reciprocal,1	
reciprocated,1	
recitation,1	
reckoning,1	
recognise,1	
recognition,2	
recognize,1	
recognized,2	
recognizing,2	
recommendation,1	
recommended,2	
reconciliation,1	
reconsider,1	
record,2	
recorded,1	
records,6	
recourse,1	
recovered,1	
recovery,2	
recurring,1	
recusal,1	
red,4	
redacted,1	
redemption,4	
redistricting,1	
reduce,4	
reduced,1	
reducing,1	
referenced,1	
referred,3	
referring,4	
refinanced,1	
refinery,1	
reflects,2	
reform,2	
reforms,1	
refugee,2	
refugees,4	
refused,2	
regard,1	
region,3	
regional,2	
regionally,1	
register,1	
registration,1	
regular,1	
regularly,2	
regulated,1	
regulations,2	
regulators,3	
regulatory,4	
reign,2	
reinstate,1	
reinstated,2	
reinstatement,1	
reinstating,2	
reinvigorated,1	
reissued,1	
reiterated,1	
reject,5	
rejected,5	
rejecting,1	
relating,2	
relations,5	
relationship,4	
relationships,1	
relative,1	
relatively,1	
relatives,2	
relax,1	
release,4	
released,8	
relevant,2	
reliable,1	
reliance,1	
reliant,1	
relic,1	
relied,2	
relief,2	
religious,1	
reluctant,1	
remain,5	
remaining,2	
remains,3	
remake,1	
remarks,2	
remedy,2	
remembered,3	
reminds,1	
remorsefully,1	
remote,1	
remove,3	
removing,1	
rendering,2	
renegotiate,1	
renegotiated,1	
renegotiating,1	
renewable,1	
renewals,1	
renewed,1	
renewing,1	
rent,1	
rental,2	
reorganization,1	
reorganized,1	
reorganizes,1	
repeated,1	
repeatedly,4	
repelled,1	
repercussions,1	
replace,3	
replaced,2	
replacement,1	
replacements,1	
replaces,1	
replacing,2	
repo,1	
report,8	
reported,15	
reportedly,2	
reporter,3	
reporters,14	
reporting,8	
reports,9	
represent,2	
representative,5	
representatives,1	
represented,2	
representing,3	
represents,2	
reprimand,1	
repurchase,1	
request,3	
requested,1	
requests,1	
require,2	
requirement,2	
requirements,1	
requires,1	
requiring,3	
requisite,1	
rescind,2	
research,3	
researching,1	
resentful,1	
reserves,1	
resided,1	
residence,2	
residency,1	
residents,1	
resign,1	
resignation,2	
resigned,1	
resigns,1	
resistance,4	
resisted,2	
resolution,1	
resolve,3	
resolved,1	
resort,3	
resorting,1	
resources,3	
respect,6	
respectful,2	
respond,6	
responded,1	
respondents,1	
responding,1	
response,7	
responsibility,1	
responsible,2	
rest,1	
resting,1	
restoration,1	
restore,1	
restored,1	
restoring,1	
restricting,1	
restrictions,5	
restructuring,1	
result,4	
resulted,2	
resulting,1	
results,3	
resume,1	
resurgence,4	
retain,3	
retains,1	
retake,1	
retaliate,2	
retaliation,1	
rethink,2	
retired,6	
retreat,2	
return,9	
returned,3	
returning,1	
revamped,1	
revamping,1	
revealing,1	
revenge,1	
revenue,2	
revered,1	
reverse,2	
reversing,1	
review,1	
reviews,1	
revise,1	
revised,2	
revisit,1	
revoked,2	
revolution,1	
rhetoric,1	
rhetorical,1	
ricocheted,1	
ridiculous,4	
rifle,2	
right,8	
rights,8	
rigorous,1	
rigorously,1	
rioting,1	
ripped,2	
rise,3	
risen,1	
rising,1	
risk,3	
risks,1	
risky,1	
risqu,1	
rival,1	
rivals,5	
road,2	
roaming,1	
roared,1	
robust,2	
rock,1	
rockers,1	
role,5	
roll,1	
rolled,1	
rolling,2	
room,1	
rooms,1	
root,1	
rooted,1	
roots,2	
ropes,2	
roster,1	
rotten,1	
rough,2	
roughly,1	
round,2	
roundup,1	
route,2	
routine,1	
routinely,1	
rubbing,1	
rule,8	
ruled,4	
rules,5	
ruling,9	
run,11	
running,8	
runs,4	
rural,4	
sacking,1	
sad,1	
saddles,1	
safeguard,1	
safekeeping,1	
safer,1	
safety,1	
saffron,1	
salary,4	
sale,4	
sales,10	
sanctions,4	
sandpaper,1	
sang,6	
sap,1	
satellite,1	
satisfied,1	
save,1	
saw,1	
saying,16	
says,26	
scaled,1	
scandal,10	
scandals,2	
scary,1	
schedule,1	
scheduled,5	
scheme,1	
schlepped,1	
scholarships,1	
school,10	
schoolhouse,1	
schools,8	
science,2	
sciences,1	
scientists,1	
scoffs,1	
scolding,1	
score,1	
scored,1	
scores,1	
scorn,1	
scouring,1	
scrambling,1	
scrap,4	
screech,1	
screen,1	
screenings,1	
scrutinized,2	
scrutinizing,1	
scrutiny,9	
scuff,1	
sea,1	
seal,1	
search,2	
searched,1	
searching,1	
season,1	
seat,1	
seated,1	
seats,2	
second,3	
secrecy,1	
secret,2	
secretary,17	
secretive,1	
sector,5	
sectors,1	
secular,1	
secure,1	
secured,1	
securing,1	
securities,2	
security,10	
see,10	
seeing,1	
seek,6	
seeking,6	
seeks,1	
seem,6	
seemed,4	
seems,3	
seen,6	
sees,2	
segment,2	
segregation,2	
seized,1	
sell,1	
selling,1	
selves,1	
semantics,1	
semiautonomous,1	
senator,3	
send,3	
sending,1	
senior,20	
sense,1	
sent,8	
sentence,3	
sentenced,1	
separate,4	
separated,1	
separately,1	
sequel,1	
series,5	
serious,2	
seriously,2	
sermons,1	
servants,1	
serve,5	
served,5	
server,1	
servers,1	
serves,1	
service,7	
services,5	
serving,2	
sets,1	
setting,1	
settle,1	
settled,1	
setup,1	
seven,3	
several,7	
severely,1	
sex,2	
sexual,1	
sexy,1	
shake,1	
shaken,1	
shakeup,1	
shale,1	
shaped,2	
share,3	
shared,2	
shareholder,1	
shelves,1	
shield,2	
shielded,1	
shields,1	
shifted,1	
shifting,1	
shine,1	
shipments,1	
shipping,1	
ships,1	
shock,1	
shocking,1	
shook,2	
shoot,2	
shooting,2	
shootings,2	
short,4	
shortened,1	
shortfall,1	
shortly,1	
shot,3	
shotguns,1	
shoulders,1	
shouting,1	
show,14	
showcasing,1	
showed,8	
showing,2	
showman,1	
shown,1	
shows,3	
shunned,1	
side,3	
sides,2	
sideshow,1	
sidestep,1	
sideways,1	
siding,2	
sight,1	
sign,6	
signal,1	
signaled,2	
signaling,1	
signalled,1	
signature,2	
signatures,1	
signed,6	
significant,2	
significantly,1	
signing,1	
signs,2	
signups,1	
silent,1	
similar,5	
similarities,2	
simplest,1	
simply,1	
since,24	
sincere,1	
sincerely,1	
sincerity,1	
sing,1	
singer,4	
singers,10	
single,4	
singled,1	
singling,1	
sister,2	
situation,2	
situations,1	
six,10	
skeptical,1	
skepticism,3	
skewed,1	
skilled,13	
skills,2	
skip,1	
skirts,1	
skyscraper,2	
slamming,1	
slap,1	
slapped,2	
slated,1	
sleep,1	
sleeve,2	
slightly,1	
slogan,1	
slogans,1	
slow,1	
slower,1	
sluggish,1	
small,5	
smaller,2	
smart,2	
smartphones,1	
smiled,1	
smoothly,1	
smuggled,2	
snap,1	
snapshot,1	
sneak,1	
sneered,1	
social,8	
society,1	
societys,1	
soft,2	
sold,5	
soldier,1	
soldiers,4	
solo,1	
solution,1	
solutions,3	
someone,4	
something,7	
sometimes,3	
somewhat,1	
son,7	
song,7	
songs,6	
soon,2	
sooner,1	
sordid,1	
sorry,4	
sort,2	
sorted,2	
sought,7	
sound,1	
soup,1	
source,1	
sources,1	
south,1	
southeastern,1	
southern,4	
souvenir,1	
sovereign,1	
space,5	
spark,1	
sparking,1	
spat,2	
speak,4	
speakers,2	
speaking,1	
special,17	
specialist,1	
specialized,2	
specialty,1	
specifically,1	
specked,1	
spectacle,1	
spectators,1	
spectrum,1	
speculation,1	
speech,7	
speeches,3	
spending,5	
spent,6	
sperm,1	
spiked,1	
splashed,2	
split,2	
splotches,1	
spoke,4	
spoken,3	
spokesman,7	
spokeswoman,3	
sponsor,1	
sponsors,2	
spooking,1	
spoon,1	
sporting,1	
sports,1	
spot,1	
spotlight,1	
spotted,1	
spouses,2	
sprawling,1	
spread,1	
spring,4	
sprung,1	
spurred,2	
square,1	
stabilization,1	
stacked,1	
stacks,1	
stadium,1	
staff,4	
staffed,1	
stage,1	
stagecraft,1	
staged,3	
stake,2	
stakes,1	
stalemate,1	
stall,1	
stalled,1	
stance,3	
stances,1	
stand,10	
standards,3	
standing,1	
standoff,1	
stands,4	
star,4	
starring,1	
stars,9	
start,9	
started,2	
starting,1	
state,22	
stated,2	
statehouses,1	
statement,3	
statements,5	
states,4	
statewide,1	
station,1	
statistics,1	
statue,1	
status,7	
stave,1	
stay,2	
steady,2	
stealing,1	
steals,1	
stealth,1	
steel,9	
steered,1	
stemming,1	
step,7	
stepped,1	
steps,6	
stick,1	
still,12	
stilted,1	
stints,1	
stock,3	
stocks,1	
stoked,1	
stoking,1	
stolen,1	
stone,2	
stones,1	
stood,2	
stop,25	
stopped,2	
stopping,2	
stops,1	
store,1	
stored,2	
storied,1	
stories,5	
story,10	
straight,1	
strained,1	
stranded,1	
strategist,1	
strategy,2	
streaks,1	
streaming,1	
streets,2	
strengthen,2	
strengthened,1	
stressed,2	
stretch,1	
strict,1	
striking,1	
strikingly,1	
string,1	
strings,1	
stripped,3	
strong,6	
stronger,1	
struck,1	
structure,2	
struggled,2	
struggles,1	
struggling,5	
stub,1	
student,9	
students,16	
studied,1	
studio,5	
studios,8	
study,1	
studying,1	
stuff,1	
stunts,1	
sturdy,1	
subject,5	
submit,3	
submitted,4	
subpoena,1	
subpoenaed,1	
subscription,1	
subsidiary,1	
subsidies,1	
substantially,1	
substantively,1	
suburban,1	
suburbs,2	
success,2	
successful,1	
successor,1	
sued,2	
suffering,2	
sufficient,2	
suggest,1	
suggested,2	
suggestion,3	
suggests,1	
suit,2	
suitcases,1	
suite,2	
suits,1	
summer,4	
summit,6	
sums,1	
supplemental,1	
support,20	
supported,3	
supporters,4	
supportive,1	
supports,2	
supposed,1	
supposedly,1	
supreme,1	
sure,5	
surface,1	
surplus,6	
surprise,2	
surprising,2	
surrounded,1	
surrounding,1	
surveillance,1	
survey,4	
surveyed,1	
surveys,1	
survival,1	
survive,4	
survived,2	
survivors,1	
suspect,1	
suspected,1	
suspend,2	
suspended,2	
suspending,2	
suspension,2	
swamp,1	
swaps,1	
sway,2	
sweet,1	
swelled,1	
sweltering,1	
swift,1	
swing,2	
swore,1	
symbol,2	
synonym,1	
system,13	
systematically,2	
table,1	
taboo,1	
taekwondo,4	
tailored,1	
tailspin,1	
tainted,1	
taken,4	
takes,2	
taking,7	
talents,1	
talk,3	
talked,1	
talking,3	
talks,3	
tampering,1	
tap,1	
tape,1	
tapped,2	
tapping,1	
target,4	
targeted,5	
targets,2	
tariff,11	
tariffs,18	
tasks,1	
tax,3	
taxpayer,3	
taxpayers,1	
teachable,1	
teacher,2	
teachers,1	
team,10	
tear,2	
tears,1	
tech,2	
technical,1	
technically,1	
technology,14	
tectonic,1	
teenager,1	
teenagers,3	
teeth,1	
telegraphing,1	
television,8	
tell,5	
telling,1	
tells,1	
tempered,1	
temporarily,3	
temporary,1	
tempting,1	
tenants,1	
tend,2	
tendencies,1	
tennis,1	
tens,3	
tense,2	
tension,2	
tensions,10	
tenure,2	
term,1	
terminate,1	
termination,1	
terms,4	
terrible,1	
territorial,1	
territory,2	
terrorism,4	
terrorist,5	
terrorists,1	
test,3	
testify,1	
testing,2	
tests,2	
thank,2	
thatll,1	
thats,1	
thaw,3	
thawi,1	
thawing,1	
theater,2	
theaters,2	
theft,1	
theme,2	
theological,1	
theories,1	
therefore,1	
theres,1	
theyre,2	
thing,4	
things,2	
think,12	
third,10	
thirties,1	
thoroughfares,1	
though,11	
thought,2	
thoughts,1	
thousands,9	
threat,6	
threaten,1	
threatened,10	
threatening,1	
threats,2	
three,8	
threw,1	
thriller,1	
throttling,1	
thumb,1	
thundering,1	
thunderous,1	
ticket,10	
ticketing,1	
tickets,1	
ticking,1	
tidy,1	
tie,1	
tied,1	
ties,5	
tightened,1	
time,32	
times,7	
timing,1	
tiny,2	
tire,2	
tires,1	
title,3	
today,3	
todays,2	
together,11	
tolerant,1	
toll,1	
tomorrow,2	
tone,4	
tongue,1	
took,19	
top,15	
topics,1	
tore,1	
tortilla,1	
tossed,1	
tossup,1	
total,4	
totaled,2	
totaling,1	
tough,7	
tougher,3	
tour,3	
tournaments,1	
touted,1	
touting,1	
toward,12	
towards,1	
tower,2	
towers,2	
town,8	
track,2	
tracked,1	
tracks,1	
trade,35	
trading,4	
tradition,2	
traditional,2	
trail,1	
trailing,1	
train,2	
trained,2	
training,1	
trajectory,1	
trampling,1	
transactions,2	
transferred,1	
transformed,1	
transition,1	
translating,1	
travails,1	
traveled,1	
traveling,4	
travelled,1	
travels,1	
treasure,1	
treat,2	
treated,6	
treatment,4	
tremendous,1	
trial,2	
triangles,1	
tribal,1	
tribe,1	
tried,2	
tries,1	
trigger,2	
trillions,1	
trip,5	
tripled,2	
trips,1	
triumph,1	
troop,1	
troops,7	
trouble,5	
troubles,2	
troupe,3	
troupes,1	
true,4	
truly,1	
trust,1	
trusted,1	
trustee,1	
truth,1	
try,3	
trying,7	
tumultuous,1	
tune,1	
tunes,1	
turn,3	
turned,7	
turning,1	
turnout,3	
turnover,2	
turns,1	
tweet,7	
tweeted,5	
tweeting,2	
tweets,12	
twice,3	
two,45	
tying,1	
typical,1	
ultimate,1	
ultimately,5	
unable,2	
unaccustomed,1	
unanimously,1	
unarmed,1	
unauthorized,1	
unaware,1	
unceremonious,2	
uncertain,1	
uncertainties,1	
unclear,7	
uncommon,1	
unconstitutional,1	
unconventional,1	
underestimated,1	
undermine,2	
undermining,1	
underneath,1	
underscores,1	
undersecretary,1	
understaffing,1	
understand,5	
understanding,3	
understands,2	
understood,1	
underway,1	
undetected,1	
undisclosed,1	
undocumented,3	
unemployment,1	
unexpected,1	
unexpectedly,1	
unfair,3	
unflattering,1	
unhappy,1	
unification,1	
unified,2	
unifying,1	
unilateral,1	
unimpaired,1	
union,3	
unite,1	
united,1	
universal,1	
universally,1	
university,1	
unleashed,2	
unless,4	
unlike,1	
unlikely,2	
unloads,1	
unnecessary,1	
unorganized,1	
unprecedented,1	
unqualified,1	
unruly,1	
unspecified,1	
untrained,1	
unusual,1	
unusually,1	
unwanted,1	
updated,1	
upheaval,2	
upheld,1	
upon,1	
upright,1	
uproar,1	
upset,1	
upsurge,1	
urge,1	
urged,5	
urging,3	
use,10	
usernames,1	
uses,3	
usher,1	
using,7	
usual,1	
usually,1	
utility,1	
utilized,1	
vacant,1	
value,2	
values,2	
vanished,2	
various,1	
vast,3	
vastly,1	
vegetarian,1	
vehicle,1	
veiled,1	
venerated,2	
venting,1	
verdict,2	
verifiable,1	
versatile,1	
version,2	
veteran,1	
veterans,5	
veto,1	
vets,1	
vetted,1	
vetting,1	
via,3	
viability,1	
vice,3	
victims,12	
victories,2	
video,4	
videos,1	
view,4	
viewed,1	
views,1	
vigorous,1	
village,2	
violate,1	
violated,2	
violations,2	
violence,13	
violent,1	
visa,10	
visas,6	
visit,11	
visited,2	
visiting,3	
visitors,2	
visits,1	
vocalist,1	
vocalists,1	
voice,2	
voluminous,1	
voluntarily,1	
vote,4	
voted,3	
voter,3	
voters,9	
votes,3	
vowed,3	
vows,1	
vulnerable,4	
wage,2	
wages,1	
wait,4	
waited,1	
waiting,1	
waking,1	
walk,2	
walked,1	
walkouts,1	
walks,1	
wall,11	
wallets,1	
walls,2	
want,17	
wanted,2	
wants,9	
war,14	
warehouse,1	
warned,5	
warning,2	
warrant,4	
warrants,1	
wars,1	
wary,1	
watch,6	
watchdog,1	
watchdogs,1	
watched,10	
watching,6	
water,2	
wave,1	
waved,1	
way,13	
ways,2	
weak,3	
weaken,1	
wealth,2	
wean,1	
weapon,2	
weapons,5	
wear,1	
wearing,2	
weathered,1	
website,3	
websites,1	
wedge,1	
week,24	
weekday,1	
weekend,12	
weeklong,1	
weekly,2	
weeknights,1	
weeks,9	
weigh,2	
weighed,2	
weighing,1	
weight,1	
well,15	
wellspring,2	
went,3	
west,1	
weve,1	
whatever,1	
wheelchair,1	
whether,19	
whipped,1	
whirlwind,1	
white,2	
whole,1	
wholesaler,1	
whose,17	
wide,2	
widely,2	
widow,1	
wife,13	
willing,6	
willingness,1	
wilting,1	
win,3	
wind,1	
winding,1	
wine,2	
winner,1	
wins,3	
winter,1	
wish,1	
wishes,1	
wishing,2	
withdraw,2	
withdrawal,1	
withdrew,1	
within,3	
without,8	
witness,1	
wobbly,1	
woman,1	
women,8	
wont,1	
wooden,2	
word,1	
words,2	
work,19	
worked,4	
worker,1	
workers,14	
working,6	
works,3	
world,5	
worlds,5	
worldwide,1	
worried,1	
worries,2	
worry,6	
worst,2	
worth,4	
wounded,2	
wraps,2	
writer,2	
writes,1	
written,1	
wrong,4	
wrote,14	
year,37	
years,31	
yellow,1	
yet,8	
youd,1	
young,7	
younger,2	
youngest,2	
youre,2	
zeal,1	
