word,count	
AGE,1	
ALOE,1	
Aaron,1	
Act,1	
Action,4	
Adam,1	
Additional,1	
Advocates,1	
Aeroflot,1	
African,1	
Agents,1	
Agreement,1	
Ahmad,2	
Airport,1	
Alan,1	
Alcohol,2	
Alexa,1	
Alexander,1	
Alice,1	
Although,1	
Alton,1	
Alyssa,1	
Amazon,7	
Amazons,1	
Amendment,1	
American,13	
Americans,2	
Americas,1	
Amy,1	
Analytica,1	
Anarchist,1	
Andres,1	
Andrew,1	
Android,4	
Angeles,6	
Anguiano,1	
Ankur,1	
Antczak,1	
Antonio,1	
Anything,3	
Apple,5	
Apples,1	
April,2	
Arabic,2	
Army,3	
Arrivals,1	
Arson,1	
Ashby,3	
Ashland,1	
Asian,1	
Assembly,2	
Assemblywoman,1	
Association,5	
Atlanta,1	
Aug,1	
August,2	
Aurora,1	
Austin,5	
Australian,1	
Authorities,2	
Authority,1	
BANGKOK,1	
BAPTISM,1	
BASEBALL,1	
BATS,1	
BBC,1	
BELTSVILLE,1	
BERRYVILLE,1	
BLOOD,1	
Baker,5	
Bank,5	
Banks,1	
Bankss,1	
Baptist,2	
Barack,1	
Barbara,3	
Bareilles,1	
Barnes,2	
Barrs,1	
Basketball,1	
Baton,1	
Bauer,1	
Beach,1	
Beltsville,3	
Ben,5	
Benedict,3	
Benitez,1	
Benjamin,1	
Bennet,1	
Bergen,2	
Berryville,2	
Bethany,2	
Bethlehem,1	
Bhatt,1	
Bible,1	
Biden,2	
Big,1	
Bishop,1	
Black,1	
Bloomberg,1	
Blumenthal,2	
Bocanegra,5	
Bollag,1	
Bomb,1	
Bonnie,1	
Booker,2	
Border,7	
Bornstein,1	
Bowl,1	
Boyz,4	
Brad,1	
Brady,1	
Brandon,2	
Breathe,1	
Breitbart,2	
Brennan,2	
Brian,1	
Briefing,2	
Briefings,1	
Brin,1	
Britain,3	
British,16	
Brooklyn,1	
Brunswick,1	
Bruzzese,1	
Bundo,1	
Bureau,2	
Burhan,1	
Burr,1	
Bushmaster,2	
Bysiewicz,2	
Byzantine,1	
CBW,1	
CHILD,1	
CHRIST,1	
COLD,1	
CONCERT,1	
Caffe,1	
Calif,4	
California,5	
Californias,1	
Cambridge,1	
Camembert,1	
Campaign,1	
Canadians,1	
Candy,1	
Capital,1	
Capitol,2	
Cardinals,1	
Carlos,1	
Carolina,3	
Castle,1	
Catch,1	
Catholic,2	
Cathy,1	
Celebrate,1	
Center,4	
Central,2	
Cerberus,1	
Chamber,1	
Chamniprasart,1	
Chapter,1	
Charleston,1	
Chemical,1	
Cher,1	
Chiang,5	
Chiapas,1	
Chief,2	
Childhood,1	
Christ,1	
Christian,4	
Chuck,1	
Church,1	
Citizens,1	
City,2	
Citylife,1	
Ciudad,2	
Clark,16	
Clarke,3	
Clarks,1	
Cleave,1	
Cleveland,2	
Clinton,1	
Coffman,2	
Coghill,1	
Cold,1	
College,1	
Colorado,1	
Colorados,1	
Columbus,1	
Commerce,1	
Committee,1	
Community,1	
Computer,1	
Comstock,3	
Comstocks,1	
Conditt,5	
Conditts,1	
Congress,5	
Congressional,3	
Congresswoman,3	
Conn,1	
Connecticut,3	
Conrad,1	
Consider,1	
Constitution,1	
Conyers,1	
Cooper,1	
Corey,2	
Corwin,1	
Council,3	
County,6	
Court,9	
Cowan,2	
Cox,1	
Creek,1	
Crime,1	
Criticizing,1	
Cross,1	
Cruz,1	
Cruzs,1	
Cue,1	
Cultural,1	
Cumberbatch,3	
Cunningham,2	
Curbelo,1	
Curtis,1	
Customs,1	
DACA,5	
DES,1	
DMV,1	
DNA,2	
DOG,1	
Dababneh,2	
Dallet,5	
Damascus,1	
Damore,2	
Daniel,2	
David,2	
Day,1	
Dead,1	
December,1	
Deconstructing,1	
Defense,3	
Deferred,1	
Delphine,1	
Demand,1	
Democrat,2	
Democratic,12	
Democrats,12	
Dennis,1	
Department,10	
Depot,1	
Despite,1	
Diaz,1	
Diego,1	
District,5	
Dixon,1	
Dme,1	
Dodgers,1	
Donald,3	
Doug,1	
Douglas,2	
Dreamers,3	
EASIEST,1	
EIFFEL,1	
ESPN,2	
East,2	
Easter,8	
Eastern,1	
Editing,2	
Educational,1	
Elections,1	
Elementary,2	
Elijah,1	
Elizabeth,3	
Elon,1	
Embassy,1	
England,1	
Entry,1	
Eric,3	
Esty,12	
Ethiopian,1	
Eubanks,6	
European,2	
Even,1	
Evening,1	
Everytown,1	
Explosives,2	
FRANCE,1	
FRANCISCO,1	
Facebook,16	
Falk,1	
Family,1	
Farr,1	
February,4	
Fin,1	
Final,1	
Finally,1	
Fire,1	
Firearms,2	
Fla,1	
Flexer,1	
Florida,5	
Foods,1	
Force,2	
Foreign,1	
Four,1	
Fox,3	
France,1	
Francisco,5	
Frank,2	
Free,1	
French,1	
Friday,4	
Friends,2	
Fronteras,1	
Fuller,1	
GOP,2	
Gabby,2	
Gabriel,1	
Galilee,1	
Galvan,3	
Game,1	
Garibo,1	
Garland,1	
Gaskins,1	
Gazans,1	
Gen,1	
Genevieve,1	
Georgians,1	
Getting,1	
Ghouta,1	
Giants,1	
Giffords,2	
Glen,1	
God,1	
Goldberg,1	
Golden,2	
Goldschmidt,3	
Google,5	
Googles,2	
Gordon,1	
Gov,1	
Grand,1	
Graul,2	
Grayson,1	
Greek,1	
Green,1	
Guatemala,1	
Gun,4	
Guthrie,2	
HARD,1	
HARTFORD,1	
HILLS,1	
Halo,4	
Hamilton,1	
Happy,2	
Hardison,2	
Hay,2	
Hearst,1	
Heathrow,1	
Hell,1	
Heres,3	
Heritage,1	
Herod,1	
Hicks,1	
High,2	
Highway,1	
Hill,1	
Hillary,1	
Hizbul,1	
Holder,2	
Holland,1	
Holy,1	
Home,1	
Honduran,1	
Honduras,1	
Hook,7	
Hope,1	
Hopkinsville,1	
Hospital,1	
House,3	
Hundreds,1	
ICE,1	
Ian,3	
Idlib,1	
Imitation,1	
Imtiyaz,1	
India,3	
Indian,7	
Instagram,8	
International,2	
Invalides,1	
Isabelle,1	
Islamic,3	
Israel,5	
Israeli,9	
Israelis,3	
Israelites,1	
Israels,2	
Ixtepec,2	
JESUS,1	
Jaime,1	
James,4	
January,3	
Jason,2	
Jay,1	
Jeff,2	
Jericho,1	
Jersey,4	
Jesse,1	
Jesus,6	
Jesuss,1	
Jewish,1	
Jews,1	
Joe,2	
John,11	
Jordan,9	
Jordanian,4	
Joseph,1	
Joshua,1	
Juarez,1	
Judd,1	
July,2	
June,2	
Justice,2	
Justin,1	
Kachdora,2	
Kamlager,2	
Kashmir,4	
Kashmiri,1	
Kasson,3	
Katie,1	
Keith,1	
Kelly,1	
Kemasingki,1	
Kentucky,2	
Kevin,1	
Keyhole,2	
Kim,1	
King,2	
Kings,4	
Kirpalani,1	
Klapec,8	
Kleiner,1	
Knight,4	
Korea,1	
Kremlin,2	
Kremlins,1	
LIVE,1	
LONDON,1	
LOUISVILLE,1	
Lagano,11	
Land,2	
Lanza,1	
Larry,1	
Las,1	
Laura,1	
Law,1	
Lawder,1	
Lazard,3	
League,1	
Leeds,1	
Leesburg,1	
Legend,4	
Legislature,3	
Let,1	
Levine,1	
Lewis,1	
Lewiston,1	
Litvinenko,1	
Lives,3	
Lizbeth,1	
Lloyd,1	
London,1	
Londons,1	
Looney,2	
Lopez,3	
Los,10	
Louis,1	
Louisville,4	
Lowes,1	
Luis,1	
Luther,1	
MADISON,1	
MONDAY,1	
Macdonald,1	
Madison,1	
Mae,1	
Magdalene,1	
Maghtas,1	
Magic,1	
Mai,4	
Main,1	
Maine,1	
Maines,1	
Maj,1	
Malcolm,1	
Malik,1	
Management,1	
Mann,1	
Manni,1	
Manny,1	
Manuel,1	
March,8	
Marjory,1	
Mark,1	
Marlon,1	
Marschner,1	
Martin,2	
Mary,1	
Maryland,1	
Mast,1	
Matt,4	
Matter,1	
Matthew,1	
May,2	
McDonald,1	
McEwans,1	
Meadowlands,1	
Meanwhile,2	
Media,1	
MetLife,1	
Metro,2	
Mets,1	
Mexican,1	
Mexicans,1	
Mexico,9	
Mica,1	
Michael,6	
Michigan,2	
Midwest,1	
Mike,1	
Milano,1	
Milton,1	
Milwaukee,3	
Mine,2	
Minister,2	
Ministry,2	
Molinelli,1	
Monday,1	
Monteith,1	
Mordaga,7	
Morning,1	
Moscow,1	
Mueller,3	
Muellers,2	
Mujahedeen,1	
Multiple,1	
Museum,1	
Musk,1	
Muzaffar,1	
NAFTA,1	
NBA,1	
NBC,1	
NEED,1	
NEWARK,1	
NONE,1	
NOTHING,1	
NRA,3	
NRATV,1	
Nancy,1	
National,8	
Nations,1	
Nazareth,1	
Neither,1	
Never,1	
Newtown,1	
Next,1	
Nikolas,1	
Noor,1	
Norman,2	
North,4	
Northern,1	
November,4	
Novichok,2	
Nuclear,1	
Numaan,1	
Oakland,1	
Oaxaca,1	
Obama,2	
Obrador,2	
Occupy,1	
October,1	
Office,2	
Ohio,3	
Omalu,1	
Operation,1	
Option,1	
Organization,2	
Orlando,1	
Orlofsky,2	
Orthodox,2	
Osten,1	
Otherwise,1	
Oval,1	
Owens,1	
Owners,1	
Oxygen,1	
PARIS,2	
PATRON,1	
PBS,1	
PUZZLE,1	
PVC,1	
Paige,1	
Pakistan,2	
Palestinian,3	
Palestinians,3	
Palm,1	
Pangilinan,1	
Panu,1	
Paris,1	
Parkland,5	
Parliament,1	
Party,2	
Paso,1	
Passover,1	
Patel,1	
Pathologist,1	
Patrea,1	
Patrick,1	
Patrol,2	
Patty,1	
Paul,3	
Pawin,1	
Peeps,1	
Pelosi,1	
Penns,1	
People,3	
Pete,1	
Pew,1	
Philadelphia,1	
Philip,1	
Pim,4	
Piquado,2	
Police,5	
Polonium,1	
Post,1	
Power,1	
Prescott,1	
President,9	
Press,1	
Prevent,1	
Prime,2	
Pro,1	
Professor,1	
Prohibition,1	
Project,1	
Promise,1	
Promised,1	
Protection,1	
Province,1	
Public,1	
Pueblo,2	
Puerto,1	
Pulse,1	
Putin,3	
Putins,1	
QASR,1	
Qasr,3	
Quinnipiac,1	
Rage,1	
Ratcliff,1	
Raul,1	
Ray,1	
Rebecca,1	
Rebels,1	
Recent,1	
Recently,1	
Reedsburg,1	
Regalado,2	
Release,1	
Remington,5	
Remingtons,4	
Rep,3	
Representative,3	
Repu,1	
Republic,1	
Republican,8	
Republicans,10	
Research,1	
Return,1	
Reuters,1	
Rev,2	
Ricardo,1	
Rices,1	
Rich,1	
Richard,2	
Richardson,1	
Rifle,4	
Right,1	
Rivas,2	
River,4	
Robbins,4	
Robinson,1	
Rockwell,1	
Roma,1	
Roman,2	
Ronen,1	
Roseanne,2	
Rosenberg,1	
Rosie,1	
Ross,1	
Rouge,1	
Ruangrattanapong,1	
Russia,7	
Russian,14	
Russias,3	
Rutherford,1	
Ryan,2	
SACRAMENTO,3	
SAN,1	
SHELBY,1	
SHOPIAN,1	
SHOW,1	
SITE,1	
SUPERSTAR,1	
Sachi,1	
Sacramento,16	
Sadly,1	
Safety,1	
Salena,1	
Salisbury,1	
Salman,2	
Salvador,1	
San,6	
Sanchez,1	
Sandy,7	
Santos,1	
Sara,1	
Saturday,17	
Sawitta,1	
School,4	
Schrank,1	
Schumer,1	
Scientific,1	
Scott,2	
Screnock,3	
Sea,1	
Sean,2	
Sebastian,1	
Second,2	
Secretary,1	
Sen,1	
Senate,2	
Senator,2	
Sens,1	
Sergei,2	
Series,2	
Several,1	
Sheriffs,1	
Sherlock,1	
Shesh,1	
Shimoni,1	
Shopian,1	
Shortly,1	
Shrapnel,1	
Shulkin,1	
Sign,1	
Silicon,1	
Sin,2	
Since,2	
Singapore,1	
Site,1	
Sixth,1	
Skripal,6	
Skripals,5	
Sophia,1	
South,1	
Soviet,1	
SpaceX,1	
Special,1	
Spending,1	
Stadium,1	
State,4	
States,9	
Stephen,1	
Stephon,4	
Sterling,4	
Steve,4	
Stevens,1	
Stoneman,1	
Stop,1	
Stored,1	
Street,2	
Stuart,1	
Students,2	
Sunday,12	
Sundays,1	
Super,1	
Supporters,1	
Supreme,9	
Survivors,1	
Susan,1	
Sussex,1	
Sweeney,3	
Sydney,1	
Syria,2	
System,1	
TIME,1	
TOUR,1	
TOWER,1	
Tax,1	
Taylor,2	
Tempore,1	
Tennessee,1	
Tensions,2	
Tepring,1	
Tesla,1	
Test,1	
Texas,1	
Thai,2	
Thailand,1	
Thats,1	
Theres,1	
Theresa,1	
Thimmesch,1	
Thompson,2	
Though,1	
Three,1	
Thursday,1	
Tim,1	
Times,4	
Tobacco,2	
Todd,1	
Tolhurst,1	
Tommy,1	
Tonight,1	
Tony,2	
Tostevin,1	
Tracking,1	
Trade,1	
Tricia,1	
Trump,16	
Trumpian,1	
Trumps,2	
Trust,2	
Trusts,1	
Try,1	
Tuesday,4	
Tutuola,1	
Twitter,10	
Two,4	
USA,1	
Unesco,1	
Unit,1	
United,12	
University,6	
Upholding,1	
Vaid,1	
Valerie,1	
Valley,1	
Valleys,1	
Van,1	
Vegas,1	
Victims,1	
Victor,1	
Videgaray,1	
Villanova,1	
Violence,1	
Virginia,4	
Virginias,1	
Vladimir,1	
Volcovici,1	
WEEK,1	
Walker,5	
Wall,1	
Wallace,2	
Wallis,1	
Walnut,1	
Wanda,1	
Wani,1	
War,2	
Warren,1	
Washburn,1	
Washington,10	
Weapons,1	
Webber,1	
Wednesday,2	
Week,1	
Weekend,1	
Well,2	
West,6	
Weve,1	
WhatsApp,1	
White,1	
Whole,1	
Wis,1	
Wisconsin,5	
World,5	
Writing,1	
Year,1	
Yet,2	
Yolanda,1	
York,5	
Yulia,2	
Zine,1	
abandoned,3	
ability,1	
able,2	
abortion,1	
abroad,2	
absence,1	
abstaining,1	
abuse,4	
accelerated,1	
access,4	
accidentally,2	
accolades,1	
accommodate,1	
according,15	
account,6	
accountability,1	
accountable,1	
accounts,3	
accurate,1	
accusations,1	
accusing,1	
achieving,1	
acknowledged,3	
acquittal,1	
across,5	
action,2	
actions,4	
active,3	
activism,2	
activist,3	
activists,2	
actors,2	
actress,1	
acts,1	
adaptation,1	
added,3	
adding,3	
additional,1	
address,1	
addressed,2	
adhered,1	
administration,5	
administrative,1	
adopting,1	
ads,3	
adult,2	
adults,2	
advance,2	
advantage,1	
adventures,1	
adversaries,3	
advertising,1	
advisers,1	
advisory,1	
advocacy,3	
advocate,1	
advocates,2	
advocating,1	
affairs,1	
affect,3	
affected,1	
affecting,1	
afternoon,1	
age,2	
agencies,4	
agency,1	
agenda,2	
agent,10	
agents,3	
ages,1	
ago,2	
agree,1	
agreed,3	
ahead,2	
aid,1	
aim,2	
aimed,1	
air,4	
aircraft,1	
alive,2	
allegation,1	
allegations,12	
allege,1	
alleged,3	
allegedly,2	
alleging,1	
allies,3	
allow,1	
allowed,2	
allowing,1	
allows,1	
ally,1	
almost,2	
alone,1	
along,4	
already,3	
also,25	
although,1	
always,2	
amateur,2	
amazing,1	
amicus,1	
amid,9	
ammunition,1	
among,3	
amount,2	
amplified,1	
analysis,6	
analyze,1	
analyzing,2	
ancient,1	
anew,1	
angry,2	
anniversary,1	
announced,2	
another,7	
answer,2	
answers,1	
antagonist,1	
antidote,1	
anyones,1	
anything,1	
apart,1	
apartment,1	
apologize,1	
apology,1	
app,1	
apparent,2	
apparently,1	
appeal,1	
appealed,1	
appeals,1	
appear,5	
appearance,1	
appears,2	
appellate,1	
applications,1	
apply,2	
appointed,2	
apprehensions,1	
approached,2	
approaches,1	
appropriately,1	
approval,3	
approved,1	
apps,1	
archaeological,1	
archival,1	
area,4	
areas,3	
arena,1	
argued,2	
argues,3	
arguing,1	
arguments,1	
arising,1	
armed,3	
armored,1	
armory,1	
arms,1	
army,1	
around,11	
arrange,1	
array,1	
arrest,2	
arrested,2	
arrests,2	
arriving,1	
arson,1	
articles,1	
artillery,1	
aside,2	
ask,2	
asking,2	
asks,2	
assailing,1	
assassin,4	
assassinate,1	
assassination,2	
assassins,2	
assault,3	
asserts,1	
assessing,1	
assistance,1	
associate,1	
assuming,1	
asylum,3	
atop,1	
attack,10	
attacks,1	
attempt,3	
attended,1	
attendees,1	
attends,1	
attention,5	
attitudes,1	
attorney,8	
attorneys,1	
attract,1	
attribute,2	
attributed,1	
attuned,1	
auspices,1	
authentic,1	
authorities,5	
authority,1	
authorize,1	
authorizing,1	
autopsy,4	
available,2	
average,2	
avoided,1	
awaiting,1	
aware,2	
away,4	
awkward,2	
awkwardness,1	
back,3	
backdrop,1	
backed,1	
background,1	
backlash,1	
backseat,1	
backyard,2	
bags,1	
ball,1	
ballot,3	
ballots,1	
bank,4	
bankruptcy,8	
banks,1	
baptism,5	
baptized,2	
baptizing,1	
barbershops,1	
bargaining,2	
barometer,1	
baseball,1	
based,2	
basket,1	
bathroom,1	
battalions,1	
battery,1	
battle,6	
battlefield,1	
battlegrounds,1	
battles,1	
beans,1	
bear,3	
beaten,1	
become,2	
becoming,2	
bedeviled,1	
bedroom,1	
began,4	
begin,1	
beginning,1	
begun,2	
behalf,2	
behavior,1	
behind,2	
belie,1	
belief,1	
believe,5	
believed,4	
believes,1	
believing,2	
bellwether,1	
belonging,2	
bench,1	
benefit,1	
besieged,1	
besmirching,1	
best,4	
betrayed,1	
better,2	
beyond,5	
bias,1	
big,7	
bigger,1	
biggest,2	
bill,2	
billed,1	
billion,1	
binging,1	
biologists,1	
bit,1	
bittersweet,1	
bizarre,1	
black,8	
blackened,1	
blame,1	
blast,1	
blew,1	
blistering,1	
blockade,1	
blocked,2	
blocking,1	
blowing,1	
blows,1	
blunt,1	
board,2	
boast,1	
boasts,1	
body,3	
boldness,1	
bomb,6	
bomber,1	
bombers,2	
bombing,2	
bombings,7	
bombs,2	
border,12	
borders,1	
bored,1	
bottle,2	
bought,2	
boundary,1	
box,1	
boycott,6	
boycotting,1	
boycotts,1	
brain,1	
branded,1	
braved,1	
breached,1	
breaking,2	
brick,1	
briefed,1	
briefs,1	
bring,1	
bringing,2	
broad,1	
broken,1	
broker,1	
brokered,1	
broom,1	
brought,4	
brutal,1	
build,3	
building,1	
built,3	
bullet,1	
bullets,1	
bulrushes,1	
bump,1	
bunkers,1	
bunnies,2	
bureaus,1	
buried,1	
burning,1	
buses,1	
business,3	
busload,1	
bust,2	
busy,1	
butt,1	
buyers,1	
call,4	
called,16	
calling,2	
calls,8	
cam,1	
came,14	
camera,2	
campaign,10	
canceled,1	
candidate,12	
candidates,6	
capital,6	
captain,1	
capture,1	
captured,2	
car,12	
caravan,2	
card,1	
carelessly,1	
caring,1	
carried,2	
carrying,1	
cars,1	
case,21	
cases,9	
cash,1	
cast,2	
casting,2	
casualties,1	
cat,1	
catch,1	
catching,1	
caught,1	
caused,4	
caution,1	
cellphone,2	
cells,2	
center,3	
centers,1	
central,1	
certain,2	
certainly,1	
chairman,1	
challenger,1	
champion,1	
championship,1	
chance,3	
chances,1	
change,2	
changed,1	
channel,3	
chaotic,1	
chapels,1	
character,1	
characteristics,1	
characters,1	
charged,1	
charges,6	
charismatic,1	
charity,1	
charred,1	
check,3	
cheered,1	
cheese,1	
chemical,4	
chemistry,1	
chemists,1	
chief,9	
child,1	
children,4	
childrens,1	
chilling,1	
chose,1	
church,3	
churches,5	
cigarette,3	
circumstances,1	
cities,1	
citing,2	
citizen,1	
citizens,1	
citizenship,1	
city,14	
citys,1	
civilian,1	
civilians,4	
claim,4	
claimed,1	
claiming,2	
claims,5	
clashes,1	
classmate,1	
classmates,1	
cleansed,1	
clear,2	
clearance,1	
clearly,2	
client,1	
clinic,1	
clock,1	
close,4	
closely,2	
clubs,1	
clues,4	
coalition,1	
coincide,1	
collapsed,1	
collapsing,1	
collection,1	
collections,1	
collective,3	
college,4	
colleges,2	
collision,2	
color,1	
combat,2	
combination,1	
comes,2	
comfortable,1	
coming,4	
commander,1	
commanders,1	
commanding,1	
comment,1	
commented,1	
commission,1	
commissioned,1	
commit,1	
committed,3	
common,1	
communicate,1	
communications,2	
companies,17	
company,9	
companys,5	
compared,1	
comparison,1	
compassion,1	
competing,1	
competition,1	
complaint,1	
completed,1	
completely,2	
complex,4	
complicated,1	
complicit,1	
components,1	
compound,1	
compounds,1	
comprises,1	
computer,1	
concern,1	
concerned,2	
condition,3	
conducted,1	
conducting,1	
conference,1	
confidence,1	
confident,1	
conflict,1	
conflicted,1	
confrontations,2	
congratulatory,1	
congressional,4	
congresswoman,2	
connect,2	
connecting,2	
connection,1	
connections,1	
conscious,1	
consensus,1	
consent,1	
conservative,5	
consider,1	
considerable,1	
consideration,1	
considered,2	
consisted,1	
conspiracy,1	
constituents,1	
constitutional,1	
consultation,1	
consulting,2	
contact,1	
container,1	
contend,3	
contended,1	
contender,1	
contentious,1	
contested,1	
contests,1	
context,1	
continue,1	
continued,1	
continuous,1	
contributed,1	
control,8	
controls,1	
conversation,1	
conversations,1	
cool,1	
cooperating,1	
cooperation,2	
coordinated,1	
cope,1	
cork,1	
corner,1	
corners,1	
corpses,1	
couldnt,1	
council,1	
counseling,1	
countries,2	
country,7	
countrys,4	
county,2	
couple,1	
course,1	
court,19	
courtesy,1	
cover,2	
coverage,3	
covered,1	
covering,1	
cow,1	
crackdown,1	
crazy,1	
cream,1	
create,3	
created,4	
creative,1	
credentials,1	
creditors,1	
crew,1	
cries,2	
crime,10	
crimes,3	
criminal,6	
criminalizes,1	
critic,1	
critical,2	
criticism,1	
criticized,1	
criticizing,1	
critics,1	
critisized,1	
crossers,2	
crosses,1	
crossing,3	
crossings,1	
crossword,2	
crowd,4	
crowded,1	
crowds,1	
cry,1	
crystallized,1	
culled,1	
culpa,1	
culture,3	
curtailing,1	
customer,1	
cyber,2	
cynical,1	
damaged,1	
danger,2	
dangerous,2	
data,3	
database,2	
dating,1	
daughter,3	
daughters,1	
day,7	
days,7	
deactivated,2	
deactivating,1	
deadline,1	
deadly,2	
deafening,1	
deal,4	
dealer,1	
death,10	
deaths,1	
debate,3	
debt,2	
debts,1	
decade,1	
decades,4	
decision,1	
declaring,1	
declined,3	
declining,1	
decrease,1	
deepened,1	
deeply,1	
defamation,1	
defeated,1	
defecting,1	
defectors,1	
defects,1	
defendant,1	
defended,1	
defense,1	
degenerative,1	
delay,2	
delayed,1	
delegation,1	
delete,1	
deleted,4	
deliver,1	
demanded,1	
demanding,3	
demographically,1	
demonstrate,2	
demonstrated,1	
demonstration,4	
demonstrations,1	
demonstrator,1	
demonstrators,3	
denied,4	
denies,1	
denominations,1	
denominator,1	
dents,2	
deny,1	
department,5	
departure,1	
depend,1	
depending,1	
deportation,1	
deported,2	
derived,1	
descendants,1	
described,1	
describes,1	
designated,1	
designed,2	
detail,1	
detained,1	
detectives,1	
detectors,1	
detergent,1	
determined,1	
detonated,1	
detritus,1	
developed,1	
development,1	
device,3	
devices,3	
devised,1	
devoted,1	
didnt,5	
die,1	
died,2	
different,2	
difficult,1	
difficulty,1	
digital,1	
dignity,1	
dilemma,1	
diplomatic,1	
diplomats,2	
direct,2	
direction,1	
directives,1	
directly,1	
director,3	
disappointed,1	
disarmament,1	
disclose,1	
disclosure,1	
discourse,1	
discovering,1	
discrimination,1	
discuss,5	
discussing,1	
discussion,1	
dislike,1	
dismiss,1	
dismissed,2	
dismissing,1	
dispute,3	
disrespectful,2	
disruptive,1	
dissect,1	
dissent,1	
dissipated,1	
distance,1	
distributed,1	
district,9	
districts,3	
disturbed,2	
diversity,1	
diverted,1	
division,4	
divulged,1	
dizzying,1	
doctors,1	
documentaries,1	
documentary,1	
documents,2	
doesnt,1	
dollars,4	
dome,1	
domestic,7	
dominance,1	
donations,3	
done,1	
dont,6	
door,12	
doors,1	
dotted,1	
double,1	
doubt,3	
downtown,2	
dozen,3	
dozens,3	
draft,1	
drag,1	
drain,1	
draw,1	
drawing,1	
drawn,3	
dreamed,1	
dreamscape,1	
drew,4	
drive,1	
driver,1	
driving,2	
drop,1	
dropped,2	
drug,1	
drugs,1	
dubbed,1	
dubious,1	
dueling,1	
dumped,2	
dynamite,1	
eager,1	
earlier,1	
early,4	
earned,3	
east,2	
eastbound,1	
eastern,4	
easy,1	
economic,1	
economy,1	
ecosystem,1	
edge,1	
editing,1	
editor,4	
editorial,1	
editors,1	
effect,1	
effective,1	
effectively,1	
effectiveness,1	
effects,1	
effort,3	
efforts,2	
eight,3	
either,3	
electing,1	
election,7	
electioneering,1	
elections,8	
element,3	
else,1	
email,1	
emailed,1	
emails,2	
embattled,2	
emboldened,1	
embrace,2	
emerged,2	
emergency,1	
emerges,2	
emerging,1	
emeritus,2	
emotionless,1	
employee,1	
employers,1	
employment,1	
enacted,1	
enclave,1	
encountered,1	
end,1	
endangered,1	
ended,3	
endorsed,3	
endorsement,1	
endorsements,1	
endured,1	
energized,1	
enforcement,5	
engage,1	
engineer,2	
engineers,1	
enough,5	
ensure,3	
enter,1	
entered,1	
entering,1	
entire,1	
entrusting,1	
entrustment,1	
environments,2	
episode,1	
episodes,1	
era,1	
erred,1	
escaping,1	
established,1	
estimate,1	
estimated,1	
even,9	
event,2	
events,2	
eventually,4	
ever,2	
every,10	
everybodys,1	
everyone,1	
everything,2	
everywhere,1	
evidence,15	
eviscerate,1	
exactly,4	
examining,1	
example,1	
excellent,1	
exceptions,1	
exchange,1	
exclaimed,1	
excuse,1	
executive,3	
exerts,1	
exit,3	
expanded,1	
expansion,1	
expect,2	
expedited,1	
expelled,1	
expensive,1	
experience,3	
experienced,2	
experiment,1	
expert,2	
experts,2	
explanations,1	
explicitly,1	
explore,1	
exploring,1	
explosions,1	
explosive,7	
explosives,4	
exposed,2	
expressed,2	
expulsions,1	
extended,1	
exterior,1	
extortion,1	
extra,1	
extremist,1	
fabrications,1	
face,6	
faced,1	
faces,3	
facilities,1	
facility,3	
facing,3	
fade,2	
failed,1	
failures,1	
fairly,1	
faith,3	
fall,3	
familiar,1	
families,8	
family,15	
famous,1	
fanbase,1	
fans,3	
far,3	
fatal,2	
fatalities,1	
fate,1	
father,1	
favor,3	
favored,1	
favorites,1	
fazed,1	
fear,2	
feared,1	
federal,10	
feel,1	
feels,1	
feet,1	
fellow,6	
felt,2	
female,9	
fewer,1	
fiancee,1	
fictions,1	
fields,1	
fight,1	
fighters,2	
fighting,3	
file,2	
filed,4	
filing,1	
filings,5	
fill,2	
filled,1	
filmmaker,1	
finance,1	
financed,1	
finances,2	
financial,5	
financing,2	
find,3	
finding,2	
findings,1	
fine,1	
finished,1	
finishers,1	
fire,4	
firearms,2	
firebombs,1	
fired,9	
fires,1	
firing,2	
firm,2	
first,9	
fiscal,1	
fish,1	
fit,1	
five,3	
flat,1	
flavor,1	
fledgling,1	
fleeing,1	
flicked,1	
flooded,1	
flow,1	
flows,1	
flurries,1	
flurry,1	
focus,1	
focusing,1	
folded,1	
followed,1	
followers,1	
following,1	
follows,1	
footage,7	
football,1	
force,2	
forces,4	
forcing,1	
foreign,2	
forensic,2	
forgot,1	
formed,1	
former,14	
forum,2	
forums,1	
forward,1	
found,9	
foundation,1	
founded,1	
founder,1	
four,7	
free,2	
freed,3	
freedom,1	
freelanced,1	
freelancing,1	
freezing,1	
frequency,1	
frequent,1	
fresh,2	
friends,3	
front,4	
fueled,1	
full,1	
fully,2	
fund,5	
funded,1	
funding,2	
fundraiser,3	
fundraisers,1	
funds,1	
fur,1	
fury,1	
galvanized,1	
gambling,2	
game,2	
games,4	
gangs,1	
gap,1	
gas,2	
gasoline,1	
gather,1	
gathered,1	
gathering,1	
gave,2	
general,2	
generation,1	
gentle,1	
gesturing,1	
get,11	
gets,1	
giants,1	
gift,1	
gimmes,1	
gingerly,1	
girlfriend,1	
give,4	
given,2	
glimpse,1	
goal,1	
goes,1	
going,5	
golden,1	
gone,1	
good,2	
goods,1	
got,7	
gotten,1	
government,13	
governor,1	
graders,1	
grandmother,1	
grandmothers,1	
granted,4	
grasp,1	
great,3	
green,1	
grew,1	
grief,2	
grinding,1	
gripping,1	
groped,1	
gross,1	
group,15	
groups,4	
guard,2	
guerrilla,1	
guessed,1	
guest,1	
guide,2	
guidelines,1	
guilty,2	
gun,44	
gunfire,1	
gunmakers,1	
gunman,2	
gunmen,1	
gunned,2	
guns,6	
gunshot,2	
hacking,1	
hadnt,1	
half,3	
hall,2	
hallucinations,1	
hamstrung,2	
hand,3	
handed,1	
handful,1	
handicaps,1	
handle,9	
handled,1	
handling,1	
hang,1	
happen,1	
happened,3	
happens,1	
harassed,1	
harassing,1	
harassment,11	
hard,2	
harder,1	
hardware,1	
harmed,1	
harmful,1	
harvested,1	
hashtag,5	
hatch,1	
hauled,1	
haze,1	
head,1	
headed,1	
heading,1	
headlines,2	
heads,2	
health,2	
healthy,1	
heard,1	
hearing,1	
hearings,1	
hears,1	
heart,1	
heartbreaking,1	
heat,3	
heavily,1	
hedge,1	
hedging,1	
held,1	
help,6	
helped,2	
helping,1	
helps,2	
heralding,1	
heres,1	
hes,1	
hide,1	
hiding,1	
high,9	
higher,1	
highest,1	
highlight,2	
highly,2	
highway,1	
hill,1	
hinge,1	
hinting,1	
hired,1	
historic,3	
historical,2	
history,2	
hit,2	
hits,1	
hold,6	
holding,4	
holds,1	
hollering,1	
holy,1	
home,4	
homemade,2	
homes,1	
honey,1	
hope,3	
hoped,1	
hopes,1	
hoping,3	
hopped,1	
horrendous,1	
horrified,1	
horse,1	
hospital,1	
hospitals,1	
host,2	
hosted,1	
hosting,1	
hour,1	
hours,2	
house,2	
household,1	
housing,1	
huge,4	
hulk,1	
human,2	
humanitarian,1	
hundreds,5	
hurdle,1	
hurled,1	
husband,2	
husbands,1	
hybrid,1	
hypocrite,1	
iPad,1	
iPhone,3	
iPhones,1	
ice,1	
idea,1	
identified,4	
identify,1	
identifying,1	
identity,1	
ideologies,1	
illegal,3	
illegally,1	
image,2	
imagination,1	
imagine,1	
immediate,2	
immediately,2	
immersed,1	
immigrant,1	
immigrants,5	
immigration,2	
immunity,1	
imperative,1	
implication,1	
important,1	
improperly,1	
improving,1	
improvised,2	
inaccurate,1	
incident,6	
inclined,1	
included,1	
includes,11	
including,7	
inconsistent,1	
increased,3	
increasingly,2	
incredibly,1	
incumbents,1	
independent,2	
indicate,2	
indicated,1	
individual,1	
individuals,1	
industry,2	
industrywide,1	
inescapable,1	
inextricably,1	
infiltrated,1	
infiltrating,1	
inflicted,1	
influence,2	
informant,4	
information,4	
informing,1	
infrastructure,1	
initially,1	
injured,2	
injuries,4	
innocent,1	
innocuous,1	
insight,1	
insist,1	
insisted,1	
insists,1	
inspiration,1	
installed,1	
instance,1	
instances,1	
instead,2	
instructed,1	
insult,1	
insulting,1	
insurgency,1	
insurgents,1	
intelligence,4	
intended,1	
intense,2	
intensified,2	
intent,1	
intercepted,1	
interest,2	
internal,2	
international,2	
internet,3	
interpretation,1	
intersectional,1	
interviewed,1	
interviews,2	
introduce,1	
investigates,1	
investigating,2	
investigation,5	
investigations,2	
investigator,3	
investigators,3	
invitation,1	
involved,2	
involvement,1	
involves,1	
involving,6	
ions,1	
ire,1	
irony,1	
isolated,1	
isotope,1	
issue,5	
issued,2	
issues,3	
issuing,1	
itchy,1	
items,1	
jeep,1	
jet,1	
job,2	
join,1	
joined,3	
jointly,1	
journey,1	
judge,6	
jumble,1	
jumps,1	
junior,3	
jurisdiction,1	
jury,2	
justice,3	
justices,1	
keep,4	
key,1	
kicking,1	
kill,3	
killed,23	
killing,1	
killings,1	
kind,3	
kindness,1	
kings,4	
kissed,1	
knew,4	
know,13	
knowledge,3	
known,6	
kowtowing,1	
lab,3	
label,1	
labeled,2	
laboratories,1	
laboratory,3	
labs,4	
lack,1	
lady,1	
lament,1	
land,3	
landfill,1	
landmark,1	
lane,1	
large,1	
largest,4	
lasting,1	
late,3	
later,7	
latest,3	
launched,1	
laundering,1	
laundry,1	
law,17	
lawmakers,5	
laws,3	
lawsuit,15	
lawsuits,1	
lawyer,3	
lawyers,3	
lazy,1	
lead,1	
leader,3	
leaders,3	
leadership,2	
leading,3	
learn,1	
learned,1	
learning,3	
least,9	
leave,4	
led,2	
left,5	
legal,5	
legalize,2	
legislation,3	
legislative,2	
legislator,1	
lenders,2	
lending,1	
lese,1	
less,9	
let,2	
lethal,1	
letter,1	
levels,1	
liability,1	
liberal,3	
library,1	
liked,1	
likely,4	
limited,3	
line,3	
lined,2	
linked,2	
list,3	
listed,1	
listings,1	
literary,1	
litigation,1	
littering,1	
little,6	
live,2	
lives,3	
livestream,1	
living,2	
loan,1	
lobbing,1	
lobby,1	
lobbyist,1	
local,4	
location,1	
logged,1	
logistical,1	
long,10	
longer,2	
longstanding,1	
look,3	
looking,5	
losing,1	
loss,3	
losses,1	
lost,1	
lot,7	
lots,1	
love,1	
loving,1	
low,3	
lower,1	
lowest,1	
lyrics,1	
macabre,1	
machine,2	
made,6	
magazine,1	
mailings,1	
main,3	
maintained,1	
maintains,1	
majeste,1	
major,4	
majority,4	
make,5	
makes,3	
making,4	
man,10	
manager,2	
manufactured,1	
manufacturers,1	
manufacturing,1	
many,19	
map,2	
maps,3	
march,1	
marches,1	
marching,1	
margin,1	
marked,1	
marketing,1	
marshmallows,1	
masks,4	
mass,6	
massacre,3	
masturbated,1	
material,1	
materials,2	
matter,1	
mattresses,1	
maximizing,1	
may,5	
mea,1	
meaning,1	
means,3	
meant,2	
measure,1	
mechanized,1	
media,3	
medical,2	
meeting,3	
meetings,1	
member,4	
members,12	
memorandum,1	
memorial,1	
memory,4	
men,9	
menacing,1	
mental,1	
mentality,1	
message,6	
messages,2	
messaging,2	
midterm,3	
midterms,1	
might,5	
migrants,3	
migration,1	
mild,1	
mile,1	
miles,3	
militant,1	
militants,6	
military,8	
million,7	
millions,2	
mindful,1	
minds,1	
mine,3	
minefields,2	
mines,6	
minister,1	
minor,5	
minutes,2	
mischievous,1	
misconduct,3	
mishandling,1	
missing,1	
mistaking,1	
misusing,1	
mobilize,1	
model,1	
moderate,1	
modest,1	
moment,2	
momentum,3	
monarchy,1	
monastery,1	
money,5	
monks,3	
month,5	
months,7	
morning,3	
morph,1	
mortars,1	
mostly,4	
motivated,2	
motivation,1	
motive,1	
motorcycle,1	
mounted,3	
mourn,1	
move,1	
moved,1	
movement,5	
movements,1	
movie,3	
moving,3	
much,5	
mud,1	
multinational,1	
multiple,3	
multipronged,1	
mural,1	
murder,6	
murky,1	
musical,1	
must,4	
name,3	
named,4	
names,1	
narrow,3	
nation,2	
national,6	
nationally,1	
nations,2	
nationwide,2	
native,1	
near,4	
nearby,2	
nearly,10	
necessarily,1	
neck,1	
need,4	
needed,2	
needs,1	
negative,1	
negligent,1	
nephew,1	
nerve,8	
neuroscientist,1	
never,5	
news,7	
newsletter,1	
newsletters,1	
newspaper,1	
next,5	
nexus,2	
nicer,1	
night,5	
nightclub,1	
nine,3	
nobody,2	
nonpartisan,1	
nonprofit,1	
north,1	
northern,3	
note,1	
nothing,1	
noting,3	
notion,2	
novel,2	
number,4	
object,1	
objective,1	
obscenity,1	
obtained,1	
occasion,1	
occupants,1	
occupation,1	
occupied,2	
occurred,2	
odds,3	
offer,2	
offered,1	
office,16	
officer,14	
officers,16	
offices,1	
official,2	
officially,1	
officials,26	
often,1	
old,2	
older,1	
oldest,1	
ones,1	
open,4	
opened,3	
opening,2	
opens,1	
operates,1	
operation,10	
opponents,3	
opportunity,2	
opposed,2	
opposite,2	
optimize,1	
options,1	
oral,1	
orbit,1	
ordered,2	
orderly,1	
organizations,1	
organize,1	
organized,7	
organizers,1	
original,1	
originated,1	
others,4	
otherwise,1	
ouster,1	
outcome,2	
outdoor,1	
outing,2	
outlive,1	
outnumber,1	
outpacing,1	
outrage,1	
outright,1	
outside,8	
outspoken,1	
outvote,1	
overdue,1	
oversaw,1	
overseeing,1	
oversight,1	
overtaken,1	
owned,3	
owner,2	
owners,3	
packed,1	
page,3	
pages,2	
paid,1	
pain,1	
painstaking,1	
palm,1	
panel,1	
paper,1	
parcels,1	
parents,1	
park,3	
part,2	
participants,1	
participation,1	
particularly,1	
partisan,2	
parts,1	
party,3	
pass,1	
passed,3	
passenger,4	
passes,1	
passing,1	
past,4	
patent,1	
patents,1	
path,1	
patrol,8	
pattern,2	
patterns,1	
pay,2	
peace,1	
peaceful,4	
peek,2	
peeking,1	
peers,1	
pellet,2	
people,36	
percent,10	
percentage,1	
performance,1	
period,1	
periods,1	
permits,1	
perpetrated,2	
persecution,1	
persisted,1	
person,5	
personal,3	
personnel,1	
pertinent,1	
pervasive,3	
petitioning,1	
phone,3	
phones,1	
photographs,2	
photos,1	
phrase,1	
physically,2	
piata,1	
picked,1	
picture,7	
piece,3	
pierce,1	
pierced,1	
piles,1	
pilgrim,2	
pilgrimage,1	
pilgrims,4	
piping,1	
place,2	
places,2	
plaintiffs,2	
plan,3	
plane,1	
planning,3	
plans,5	
planted,1	
platform,2	
platforms,1	
play,1	
played,2	
player,2	
players,1	
playing,1	
plays,1	
please,1	
pledged,1	
plotting,2	
plummeted,1	
plunged,1	
plunges,1	
pockets,1	
point,1	
pointed,3	
pointing,1	
points,1	
poised,1	
poison,4	
poisoned,1	
poisoning,3	
police,25	
policies,2	
policy,1	
political,9	
politically,1	
politics,2	
polling,1	
polls,2	
pollution,4	
poor,1	
popular,4	
populism,1	
portion,1	
portray,1	
posing,1	
position,1	
positions,1	
possess,1	
possible,4	
possibly,2	
post,2	
posted,1	
posture,1	
potent,1	
potential,3	
potentially,2	
pounding,2	
poured,1	
powder,1	
power,4	
powered,1	
powerful,2	
powers,1	
practice,2	
practices,2	
praises,1	
precision,1	
predicted,1	
predictive,1	
prefer,1	
preferred,1	
prepackaged,1	
presence,3	
presented,1	
president,6	
presidential,2	
presidents,1	
press,1	
pretty,1	
prevail,1	
prevailing,1	
prevent,2	
prevented,1	
price,1	
primarily,1	
primary,1	
primed,1	
private,5	
probably,2	
probe,1	
problem,2	
problems,2	
proceeding,1	
process,5	
proclaiming,1	
prodded,1	
produced,2	
product,1	
products,4	
profanities,1	
professional,1	
professionals,1	
professor,4	
profile,2	
program,7	
progressive,1	
project,1	
promise,2	
promising,1	
promote,1	
promoting,2	
prompt,1	
prompted,2	
promptly,1	
properly,1	
properties,1	
proposition,1	
prosecutor,2	
prosecutors,1	
prospective,1	
protect,5	
protecting,4	
protections,2	
protest,2	
protested,1	
protester,6	
protesters,4	
protests,8	
prove,3	
proved,2	
proves,1	
provide,5	
provided,3	
provides,1	
providing,1	
proving,1	
proxy,1	
psychological,1	
psychology,1	
public,5	
publicizing,1	
publicly,2	
published,1	
pulling,1	
pulsed,1	
punching,1	
punish,1	
purple,1	
purpose,1	
pursue,1	
pursuing,1	
pushed,1	
pushes,1	
pushing,1	
put,4	
puzzle,1	
puzzles,1	
qualify,1	
quell,1	
question,3	
questioning,1	
questions,4	
quickly,3	
quiet,1	
quietly,1	
quit,1	
quite,1	
quiz,1	
quoting,1	
race,11	
races,2	
radio,1	
radioactive,1	
raged,1	
raised,2	
rally,5	
ran,4	
range,2	
rare,1	
rarely,2	
rarest,1	
rather,1	
ratings,1	
ratio,1	
reach,3	
reached,1	
reaching,1	
read,1	
readers,1	
reading,1	
reads,1	
real,2	
realize,1	
realizing,1	
really,4	
rear,2	
reason,1	
reassess,1	
reassesses,1	
rebaptized,1	
reboot,2	
recalled,1	
receive,2	
received,3	
recent,17	
recently,10	
recipes,2	
reckoning,1	
recognized,1	
recognizing,1	
recommendation,1	
record,2	
records,1	
recovered,2	
recurring,1	
recusal,1	
red,1	
redacted,1	
rededicate,1	
redistricting,1	
reference,2	
referenced,1	
reflects,1	
reform,2	
refugee,1	
refugees,2	
refused,2	
regardless,1	
region,4	
registration,1	
regrets,2	
regularly,1	
regulations,1	
rehabilitate,1	
reinforce,1	
reinvigorated,1	
reissued,1	
rejected,2	
related,1	
relationship,2	
relative,1	
relatives,1	
release,5	
released,7	
releases,1	
reliable,1	
reliably,1	
relic,1	
relied,1	
relies,1	
reluctant,1	
remain,6	
remained,2	
remaining,1	
remains,3	
remember,2	
remote,1	
removed,1	
rendering,2	
renegotiated,1	
renewed,1	
renovated,1	
reorganization,1	
reorganized,1	
reorganizes,1	
repeatedly,4	
repelled,1	
replace,3	
replied,1	
report,5	
reporter,1	
reporters,3	
reporting,6	
reports,1	
represent,1	
representation,1	
representative,1	
representatives,1	
representing,3	
reputed,2	
request,3	
requests,2	
require,3	
requires,1	
rescind,1	
research,3	
researching,1	
reserves,1	
residents,1	
resign,4	
resigned,7	
resolve,1	
resort,1	
resources,1	
respect,1	
respected,1	
respond,3	
responded,2	
responding,3	
responds,1	
response,3	
responses,2	
responsibility,1	
rest,1	
restaurant,2	
restore,1	
restrictions,3	
restructuring,1	
resume,1	
retaliated,1	
retaliation,1	
retired,2	
return,4	
retweeted,1	
revealed,1	
revealer,1	
revelations,1	
reverse,1	
reversing,1	
review,1	
revisit,1	
revolver,3	
ricocheted,1	
ridiculous,2	
rifle,2	
rifles,1	
right,7	
rights,6	
ring,2	
risen,1	
risk,1	
risky,3	
rival,1	
rivals,1	
river,2	
riverbank,1	
road,3	
roadway,1	
robes,1	
robust,1	
rock,1	
rockets,1	
role,4	
rolled,1	
room,2	
rose,1	
roughly,1	
round,2	
roundup,1	
route,2	
routine,2	
royal,1	
rubbing,1	
rule,5	
ruled,1	
ruling,3	
run,7	
running,9	
runoff,1	
rural,2	
safe,2	
safety,1	
saffron,1	
saint,1	
sale,2	
sales,2	
sample,1	
samples,1	
sanctuaries,1	
sand,1	
sandals,2	
sang,1	
satellite,1	
save,1	
saw,3	
saying,2	
says,3	
scary,1	
scenario,1	
scene,2	
sceneAt,1	
scenes,2	
schlepped,1	
scholarship,1	
school,10	
science,2	
scientists,3	
scolding,1	
scouring,1	
scratches,2	
scrutinize,1	
sealed,6	
search,3	
searched,1	
searing,1	
seasons,1	
seat,4	
seats,2	
secession,1	
second,1	
secretary,1	
secretive,1	
section,1	
secure,3	
secured,2	
security,6	
see,4	
seeing,2	
seek,2	
seeking,2	
seem,4	
seems,1	
seen,3	
seized,1	
send,2	
senior,3	
sense,1	
sensitive,1	
sent,3	
separate,1	
serial,2	
series,3	
serve,1	
service,5	
services,3	
sets,1	
setting,1	
seven,4	
several,3	
sex,1	
sexual,7	
shadow,2	
shadows,1	
shaky,1	
share,2	
shared,3	
sharing,4	
shattered,2	
shield,2	
shielded,1	
shields,1	
shifted,2	
shocking,1	
shone,1	
shoot,1	
shooting,14	
shootings,2	
shop,1	
shopped,1	
short,1	
shot,13	
shotguns,1	
shots,5	
shout,1	
shouting,2	
shouts,1	
show,3	
showcasing,1	
showed,3	
showing,1	
shown,1	
shows,3	
shut,1	
side,7	
sides,1	
sign,2	
signaling,1	
signature,3	
signed,2	
signs,4	
silence,1	
similar,2	
simplest,1	
simultaneous,1	
since,9	
single,1	
sir,1	
sirens,1	
sister,1	
sitcom,1	
site,11	
sites,3	
six,1	
size,3	
skeptical,1	
skill,1	
skilled,1	
slamming,1	
slightest,2	
slightly,1	
slogans,1	
slow,3	
small,5	
smaller,1	
smart,1	
smear,1	
smeared,1	
snap,1	
snowstorm,1	
social,4	
software,1	
sold,1	
soldier,1	
soldiers,4	
solvers,1	
solving,1	
someone,6	
something,9	
somewhat,1	
son,1	
sons,2	
soon,1	
sorted,1	
sorts,1	
sought,3	
sound,1	
source,1	
southern,3	
souvenir,1	
speakers,1	
special,5	
specialized,1	
specific,2	
specifically,1	
specifics,1	
specked,1	
spectrometry,1	
speech,2	
speed,1	
speeds,1	
spending,4	
spends,1	
spent,4	
spilling,1	
spit,1	
spoilers,1	
spoke,1	
spokesman,2	
spokeswoman,1	
sporadic,1	
sports,1	
spot,2	
spotlight,1	
spotlights,1	
spots,3	
spread,3	
spring,3	
spy,2	
square,1	
stabilization,1	
stable,1	
staff,7	
staffers,4	
stage,2	
staged,1	
stakes,1	
stall,1	
stalled,1	
stamp,1	
stand,1	
standard,1	
standing,2	
stands,1	
starry,1	
stars,3	
start,2	
started,4	
state,12	
stated,1	
statement,5	
statements,1	
states,2	
statewide,2	
stations,1	
statistics,1	
statues,1	
status,2	
stays,1	
steered,1	
step,7	
steps,3	
stick,2	
sticking,1	
still,10	
stints,1	
stones,2	
stood,3	
stop,6	
stopped,3	
stopping,1	
store,1	
stories,5	
stormed,1	
story,2	
strained,1	
strategist,1	
strategy,1	
street,2	
streets,3	
stressed,1	
stretch,1	
strict,2	
string,1	
strokes,1	
strong,2	
strongly,1	
struck,4	
struggle,1	
struggled,1	
stub,1	
student,5	
students,7	
study,2	
stupid,1	
subject,2	
submitted,1	
substances,1	
suburbs,2	
success,1	
suffered,5	
suggesting,1	
suggests,2	
suit,2	
suited,1	
summer,1	
superstar,1	
support,6	
supporters,2	
supposed,2	
supposedly,1	
suppress,1	
sure,2	
surprise,2	
surrounded,4	
surrounding,1	
survey,3	
surveyed,1	
survived,2	
survivors,1	
suspect,4	
suspected,1	
suspend,2	
suspicious,2	
suss,1	
sustained,5	
swap,1	
sweltering,1	
swim,1	
swing,2	
sword,1	
symbolism,1	
system,3	
systemic,1	
taken,1	
takes,3	
taking,3	
talent,1	
talk,2	
talking,2	
tape,1	
target,3	
targeted,3	
targets,2	
task,1	
tasks,1	
teacher,1	
team,4	
tear,2	
tech,5	
technicians,1	
technique,2	
teenagers,1	
televised,1	
television,1	
tell,1	
tells,1	
tempered,1	
tempting,1	
tendency,1	
tens,1	
terrible,1	
territorial,1	
territory,4	
terrorism,5	
terrorist,3	
terrorized,2	
tested,1	
testing,1	
thats,3	
theater,1	
theme,3	
theological,1	
theories,1	
theory,1	
theres,2	
theyre,1	
thigh,1	
thing,3	
things,2	
think,5	
thinking,2	
third,2	
though,1	
thoughts,1	
thousands,2	
threat,2	
threatened,1	
threatening,2	
threats,2	
three,15	
threw,1	
ticking,1	
tidy,1	
time,12	
times,3	
timing,1	
tire,2	
tires,1	
today,2	
together,7	
toll,1	
tone,1	
took,8	
tool,1	
top,5	
topics,1	
tossup,1	
totaled,1	
touched,1	
tough,2	
tougher,3	
tour,3	
tourism,1	
tourist,1	
tourists,1	
tournaments,1	
toward,4	
town,9	
toxicology,1	
track,1	
tracked,1	
tracks,1	
trade,2	
traditional,1	
traffic,2	
trail,1	
trained,1	
training,1	
transactions,1	
transferred,1	
translating,1	
transported,2	
trauma,1	
traveled,2	
traveling,4	
treated,6	
trial,2	
tried,2	
tries,1	
trigger,1	
triggered,1	
tripled,1	
troops,1	
trouble,1	
true,1	
trust,1	
trustee,1	
try,3	
trying,5	
tucked,1	
turbulent,1	
turn,2	
turned,2	
turning,2	
turnout,3	
turnover,1	
turns,1	
tweet,2	
tweeted,1	
tweeting,1	
tweets,7	
twice,3	
twisted,1	
two,22	
type,1	
types,1	
typical,1	
ultimate,1	
ultimately,2	
unaccustomed,1	
unanimously,1	
unarmed,5	
uncertain,1	
uncle,2	
unclear,4	
uncommon,1	
unconstitutional,1	
underestimated,1	
underlying,1	
understand,2	
understanding,1	
undertaken,1	
underway,2	
undocumented,1	
unexploded,1	
unfolded,1	
unfortunately,1	
unidentified,1	
unimpaired,1	
union,2	
unit,1	
units,1	
unlawful,1	
unlikely,3	
unloads,1	
unlock,1	
unorganized,1	
unresponsive,1	
unsettling,1	
untrained,1	
unusual,1	
upheld,1	
uproar,1	
upsetting,1	
urged,2	
urging,3	
use,7	
user,1	
users,1	
using,11	
usual,1	
usually,1	
vacant,2	
vacated,1	
values,1	
various,1	
vast,2	
vehicle,8	
vehicles,1	
vera,1	
verge,1	
veteran,1	
veterans,1	
veto,1	
viability,1	
vice,1	
victims,4	
victories,1	
victory,2	
video,3	
view,1	
viewing,1	
vigil,2	
village,2	
violate,2	
violation,1	
violence,11	
violent,2	
visible,1	
visit,1	
visited,1	
visitors,1	
vivid,1	
voices,1	
volume,1	
voluminous,1	
volunteering,1	
vote,2	
voter,3	
voters,8	
vulnerable,3	
vying,1	
wading,1	
waited,2	
walked,1	
walking,1	
walkouts,1	
walks,1	
wall,3	
walls,1	
want,10	
wanted,2	
wants,1	
war,4	
warehouse,1	
warnings,1	
watch,2	
watched,2	
watching,1	
water,3	
waters,2	
way,7	
ways,3	
weak,1	
weapon,2	
weapons,4	
wearing,4	
website,1	
week,12	
weekend,1	
weeklong,1	
weekly,1	
weeks,7	
weighed,1	
weighing,1	
well,7	
went,3	
western,1	
wet,2	
weve,1	
whatever,1	
wheelhouse,1	
whether,6	
white,1	
whole,1	
wholesaler,1	
whose,5	
wide,1	
widely,2	
widespread,2	
widow,1	
wife,1	
willing,1	
willingness,1	
win,4	
winding,1	
window,1	
windows,3	
wine,1	
winner,1	
winning,1	
wins,4	
wipe,1	
wiretaps,3	
wish,1	
withdraw,1	
within,4	
without,6	
wives,1	
woman,2	
women,5	
woodworker,1	
worded,1	
words,3	
work,9	
worked,1	
workers,2	
workforce,1	
working,5	
workplace,1	
works,3	
world,2	
worry,1	
worshipped,1	
worst,2	
wounded,5	
wounds,4	
wrap,1	
wraps,1	
writer,2	
writes,1	
written,1	
wrong,1	
wrongful,1	
wrote,8	
year,11	
yearlong,1	
years,16	
yelled,1	
yelling,2	
yet,3	
youll,1	
young,6	
younger,1	
youre,1	
youve,2	
zeal,1	
zone,2	
