word,count	
ability-advance,1	
ability-formulate,2	
ability-get,1	
abrupt-firing,1	
absence-commitment,1	
acceptance-red,1	
accepting-south,1	
access-automakers,1	
access-despite,1	
access-immediate,1	
access-market,1	
access-technology,1	
accomplish-objectives,1	
accomplish-shared,1	
accordance-international,1	
according-international,1	
according-local,1	
according-pool,1	
accusations-rights,1	
acknowledge-growing,1	
across-border,1	
across-china,1	
actions-may,1	
actions-undermine,1	
activists-organizations,1	
activities-complicate,2	
add-nasty,1	
adding-percent,1	
adding-worries,2	
additional-reporting,1	
administration-attorney,1	
administration-begins,1	
administration-harming,2	
administration-officials,1	
adopted-country,1	
advance-interests,1	
adviser-choose,1	
adviser-liu,1	
advocates-supports,1	
aerospace-communications,1	
aerospace-corp,1	
aerospace-industry,1	
afraid-years,1	
africa-southern,1	
agency-forecast,1	
agency-happen,1	
aggressive-direct,1	
aggressive-posture,1	
aggressively-pushing,1	
agree-special,1	
agreed-settling,1	
agreed-week,1	
agreement-meet,1	
agreement-place,1	
agreement-reached,1	
agreement-resolving,1	
agreement-side,1	
ahead-impeachment,1	
ahead-planned,1	
aides-gamed,1	
aides-parties,1	
aides-privately,1	
aims-place,1	
air-force,1	
aircraft-engines,1	
alarming-many,1	
alison-bevege,1	
allegations-beijing,1	
allies-asia,1	
allies-need,1	
allies-still,1	
allow-mueller,1	
allowed-see,1	
ally-japan,1	
almonds-tariff,1	
almost-certainly,1	
alone-may,1	
along-four,1	
already-feel,1	
also-areas,1	
also-attorney,1	
also-fear,1	
also-lay,1	
also-lifted,1	
also-made,1	
also-marched,1	
also-tracked,1	
also-visited,1	
aluminum-following,1	
aluminum-japan,1	
aluminum-scrap,1	
aluminum-tariffs,1	
aluminum-took,1	
amazon-alarming,1	
amazon-wield,1	
ambitions-missile,1	
ambitious-space,1	
america-range,1	
american-bourbon,1	
american-demand,1	
american-intellectual,1	
american-pork,1	
americans-cannot,1	
amid-growing,2	
amid-heightened,2	
amid-ongoing,1	
amid-rising,1	
among-hundreds,1	
among-isolated,1	
among-loyal,1	
amounted-likely,1	
analysis-get,1	
andrew-roche,1	
angered-countries,1	
announcement-chinese,1	
announcement-month,1	
another-garber,1	
another-investigator,1	
another-politician,1	
another-trusted,1	
anything-china,1	
anything-clear,1	
apparently-even,1	
appeal-concern,1	
appeal-firing,1	
appeal-voters,1	
appearance-north,1	
appearance-part,1	
appeared-landed,1	
apples-almonds,1	
approval-possible,1	
approving-possible,1	
april-ahead,1	
area-thousands,1	
areas-many,1	
areas-mutual,1	
areas-vigorous,1	
argument-justice,1	
argument-technology,1	
arizona-republican,1	
around-gmt,1	
art-troupe,1	
art-troupes,1	
artificial-islands,1	
artificial-objects,1	
artillery-loudspeakers,1	
asia-follows,1	
asia-massachusets,1	
asia-trouble,1	
asked-questions,1	
aspect-tensions,1	
associated-press,1	
assumed-power,1	
assuming-economic,1	
astrophysicist-australian,1	
athletes-cheerleaders,1	
athletes-north,1	
atlantic-near,1	
atmosphere-brazilian,1	
atmosphere-burnt,2	
atmosphere-percent,1	
atmosphere-within,2	
atmosphere-yet,1	
attack-special,1	
attempt-reject,1	
attended-concert,1	
attention-partly,1	
attention-whether,1	
attorney-general,3	
audience-clapped,1	
australia-canada,1	
australia-south,1	
australian-national,1	
authoritarian-government,1	
authority-brief,1	
authority-vast,1	
automakers-drugmakers,1	
avoid-facing,1	
avoid-looking,1	
back-earth,1	
back-prompts,1	
backing-recently,1	
balcony-according,1	
ballistic-missiles,1	
band-often,1	
band-red,1	
bank-korea,1	
barriers-fears,1	
base-favors,1	
based-economic,1	
basic-human,1	
become-regular,1	
beef-oranges,1	
began-policymakers,1	
begins-rolling,1	
beijing-aerospace,1	
beijing-alison,1	
beijing-allies,1	
beijing-amid,2	
beijing-china,1	
beijing-officials,1	
beijing-policy,1	
beijing-raised,1	
beijing-respond,1	
beijing-sen,1	
beijing-systematically,1	
beijing-trade,1	
ben-blanchard,1	
berlin-defunct,1	
better-manage,1	
better-realize,1	
bevege-editing,1	
bigger-clash,1	
bigger-projects,1	
biggest-trading,1	
bilateral-practical,1	
bilateral-relations,2	
bilateral-trade,1	
bilateral-two,1	
billion-billion,1	
billion-chinese,1	
billion-goods,1	
billion-less,1	
billion-list,3	
billion-march,1	
billion-previous,1	
billion-products,1	
billion-tariffs,1	
billion-united,1	
billion-vietnam,1	
billion-year,1	
binh-minh,2	
bits-definitely,1	
blanchard-beijing,1	
boost-bilateral,1	
border-psychological,1	
border-village,1	
bourbon-peanut,1	
brad-tucker,1	
branch-employee,1	
branch-ignore,1	
branch-though,1	
brazilian-coast,1	
break-rank,1	
breakthrough-tense,1	
brief-statement,1	
briefing-chinese,1	
bring-wto,1	
bringing-gift,1	
broadcast-across,1	
budget-leave,1	
build-healthy,1	
build-support,1	
building-militarising,1	
burn-scientists,1	
burned-mainly,1	
burnt-around,1	
burnt-atmosphere,1	
burnt-middle,2	
busiest-sea,1	
business-congress,1	
butter-yet,1	
buys-little,1	
call-mueller,1	
called-event,1	
called-restraint,2	
calling-establishing,1	
campaign-russian,1	
canada-france,1	
canada-northern,1	
candidate-despite,1	
cannot-avoid,1	
cannot-directly,1	
cannot-support,1	
cant-flake,1	
capitalist-north,1	
capitol-hill,1	
car-exports,1	
careful-negotiations,1	
carolina-dont,1	
carolina-giving,1	
carry-docking,1	
carry-unilateral,1	
cars-china,1	
case-challenging,1	
case-right,1	
caught-selling,1	
cause-trump,1	
cellphone-next,1	
censorship-crackdown,1	
censure-president,1	
censure-urge,1	
certainly-prompt,1	
chairman-given,1	
chairmanship-democratic,1	
challenge-rule,1	
challenge-white,1	
challenging-chinese,1	
chamber-congress,1	
chances-person,1	
chances-presidents,1	
change-political,1	
change-pop,1	
chaos-trump,2	
chaotic-foreign,2	
cheerleaders-art,1	
chief-space,1	
china-africa,1	
china-allegations,1	
china-along,1	
china-american,1	
china-began,1	
china-calling,1	
china-complex,1	
china-europe,1	
china-european,1	
china-fails,1	
china-gestures,1	
china-government,1	
china-guide,1	
china-lost,1	
china-market,1	
china-misdirected,2	
china-never,1	
china-open,1	
china-raised,2	
china-reporters,1	
china-sea,6	
china-shared,1	
china-smoothly,1	
china-steals,1	
china-sunday,2	
china-two,1	
china-vietnam,2	
china-warren,2	
chinese-counterpart,1	
chinese-demands,1	
chinese-deviated,1	
chinese-foreign,3	
chinese-goods,2	
chinese-investment,1	
chinese-link,1	
chinese-move,1	
chinese-officials,2	
chinese-products,1	
chinese-space,4	
chinese-steel,1	
chinese-tabloid,1	
chinese-technology,1	
chips-computers,1	
chips-sold,1	
chirpy-harmonies,1	
choice-ahead,1	
choose-remove,1	
chris-coons,1	
christian-schmollinger,1	
cite-good,1	
cities-sao,1	
citizens-living,1	
claim-parts,2	
claims-percent,1	
clapped-loudly,1	
clapped-smiled,1	
clapping-erupted,1	
clarence-fernandez,1	
clash-looms,1	
clear-dismissal,1	
clear-stand,1	
close-country,1	
closely-warren,1	
closer-closer,1	
closer-earth,1	
coast-south,1	
coherent-policy,2	
colleagues-stand,1	
colleagues-support,1	
combined-steady,1	
combined-year,1	
comes-donald,1	
comes-president,1	
comes-week,1	
coming-time,1	
comment-period,1	
commerce-announcement,1	
commitment-discuss,1	
commitment-steps,1	
committee-choice,1	
committee-impeachment,1	
committee-stands,1	
committees-call,1	
committees-chairman,1	
communications-technology,1	
communist-granted,1	
communist-party,1	
community-slap,1	
companies-give,1	
companies-hand,1	
companies-worry,2	
compared-revised,1	
competitive-currency,1	
competitors-shared,1	
complaints-china,1	
complaints-washington,1	
complex-warren,1	
complicate-expand,2	
complicate-situation,1	
components-engines,1	
computer-thumb,1	
computers-across,1	
comrades-good,1	
concern-want,1	
concerned-chances,1	
concert-hall,1	
concert-later,1	
concert-north,1	
concert-south,2	
conference-point,1	
confirmed-coordination,1	
congress-garber,1	
congress-hearings,1	
congress-leverage,1	
congress-many,1	
congress-pass,1	
congress-passed,1	
congress-presidents,1	
congress-press,1	
congress-support,1	
congress-theyre,1	
congressional-investigator,2	
consequences-flake,1	
consequences-truth,1	
consequential-debate,1	
considered-less,1	
consistent-efforts,1	
constitutional-challenge,1	
contact-cut,1	
containing-south,1	
contempt-muellers,1	
continue-emphasize,1	
continue-post,1	
continued-failure,1	
control-information,1	
control-justice,1	
control-provided,1	
control-resisted,1	
control-squadron,1	
control-station,1	
controls-society,1	
coons-congress,1	
coons-moderate,1	
cooperation-build,1	
cooperation-effort,1	
cooperation-sea,1	
coordination-counterparts,1	
corp-predicted,1	
corps-terrible,1	
corps-understaffing,1	
counsel-even,1	
counsel-fashion,1	
counsel-former,1	
counsel-grand,1	
counsel-law,1	
counsel-lead,2	
counsel-legitimacy,1	
counsel-ousted,1	
counsel-robert,1	
counsel-throttling,1	
counsels-investigation,1	
counterpart-vietnamese,1	
counterparts-australia,1	
countries-good,1	
countries-manage,1	
countries-region,1	
countries-relations,1	
countries-south,1	
countries-trying,1	
countries-well,1	
country-advocates,1	
country-openly,1	
country-recent,1	
country-story,1	
country-using,1	
course-monday,1	
covering-united,1	
crackdown-activists,1	
crackdown-dvds,1	
craft-burn,1	
craft-burnt,1	
craft-expected,1	
creative-understand,1	
crew-departed,1	
crewed-missions,1	
crisis-situations,1	
criticized-unilateral,1	
critics-months,1	
critics-president,1	
crooners-gelled,1	
crossed-firing,1	
crucial-lost,1	
culture-among,1	
culture-minister,1	
culture-striking,1	
currency-devaluation,1	
current-law,1	
current-relations,1	
cut-budget,1	
cut-imports,1	
cut-orbited,1	
cynthia-editing,1	
damaged-interests,1	
damaging-trump,1	
dance-apparently,1	
dangers-global,1	
data-showed,1	
data-shows,1	
david-stanway,1	
days-march,1	
deal-also,1	
deal-deter,1	
deal-finalised,1	
dear-many,1	
debate-serious,1	
debris-considered,1	
debris-ocean,1	
debris-poses,1	
decade-visit,1	
decadent-capitalist,1	
decades-george,1	
decades-policymakers,2	
decide-democrats,1	
decide-happens,1	
decide-whether,1	
decision-independently,1	
declare-investigation,1	
decline-trade,1	
declined-percent,1	
decommissioned-mission,1	
defence-wei,1	
definitely-made,1	
defunct-tiangong,2	
degrees-north,1	
degrees-south,1	
delaware-pleaded,1	
delayed-leading,1	
demand-amid,2	
demand-muellers,1	
demand-south,2	
demanding-firing,1	
demanding-hostage,1	
demands-companies,1	
democracy-promotion,1	
democrat-chaotic,1	
democrat-delaware,1	
democrat-illinois,1	
democrat-judiciary,1	
democrat-trump,1	
democratic-control,1	
democratic-leaders,1	
democrats-agree,1	
democrats-may,1	
democrats-realistic,1	
democrats-signaled,1	
democrats-spoken,1	
denied-tiangong,1	
denuclearization-increasing,1	
deny-accusations,1	
departed-contact,1	
department-made,1	
department-official,1	
department-officials,1	
department-whose,1	
departments-nominees,1	
depend-large,1	
depress-global,2	
depressed-financial,1	
deputy-attorney,1	
deputy-prime,1	
deputy-rod,1	
described-two,1	
designer-zhu,1	
despite-pledges,1	
despite-rejecting,1	
details-discussions,1	
details-investigation,1	
detects-artificial,1	
deter-competitive,1	
devaluation-seoul,1	
development-access,1	
development-bilateral,2	
development-rising,1	
deviated-talking,1	
didnt-turn,1	
different-figures,1	
different-reality,1	
difficult-impossible,1	
diminished-trump,1	
diplomat-minister,1	
diplomat-two,1	
diplomatic-consistent,1	
diplomatic-corps,2	
diplomatic-efforts,1	
direct-artillery,1	
direct-attack,1	
directly-fire,1	
director-publicly,1	
disbanded-primary,1	
disclose-details,2	
discovered-ultimately,1	
discuss-verifiable,1	
discussed-trade,1	
discussion-include,1	
discussions-beijing,1	
dismiss-mueller,2	
dismissal-robert,1	
dismissal-special,1	
dispute-effectively,1	
dispute-north,1	
dispute-president,2	
disputes-activities,1	
disputes-expand,1	
disputes-important,1	
disputes-must,1	
disputes-respect,1	
disputes-south,4	
disputes-talks,1	
disputes-wang,1	
divisions-decades,1	
divulging-results,1	
docking-orbit,1	
docking-procedures,1	
doesnt-seem,1	
donald-agreement,1	
donald-trump,5	
done-name,1	
dont-think,1	
downplay-human,1	
downside-risk,1	
drafted-senator,1	
dramas-smuggled,1	
dramatic-lieu,1	
drilling-project,1	
drives-containing,1	
drop-car,1	
drugmakers-south,1	
dtente-included,1	
dtente-neighboring,1	
duties-american,1	
duties-billion,2	
duties-nearly,1	
dvds-computer,1	
ear-word,1	
earlier-even,1	
earlier-exchanged,1	
earlier-imports,1	
earlier-percent,1	
earlier-slower,1	
earlier-tariff,1	
early-monday,1	
earth-somewhere,1	
earth-sunday,2	
earth-western,1	
east-pyongyang,1	
economic-adviser,1	
economic-diplomatic,1	
economic-engagement,1	
economic-growth,1	
economic-policy,1	
economic-sanctions,1	
economic-system,1	
economist-investment,1	
economists-expected,2	
economy-expand,1	
editing-andrew,1	
editing-christian,1	
editing-jonathan,1	
editing-paul,1	
effect-march,1	
effect-may,1	
effective-thing,1	
effectively-boost,1	
effectively-cut,1	
effort-get,1	
efforts-legs,2	
efforts-reduce,1	
efforts-seoul,1	
either-side,1	
election-possible,1	
elections-voters,1	
elite-citizens,1	
elizabeth-warren,4	
emerged-partys,1	
emphasize-importance,1	
employee-explicit,1	
enacting-legislation,1	
end-result,1	
enforcement-figure,1	
engagement-lead,1	
engines-chances,1	
engines-resulted,1	
ensure-safekeeping,1	
entered-concert,1	
environment-order,1	
envy-space,1	
erupted-kim,1	
escalating-tariff,2	
establishing-mosquito,1	
europe-australia,1	
europe-lifted,1	
european-governments,1	
european-space,1	
european-union,2	
even-korean,1	
even-north,1	
even-ordered,1	
even-people,1	
even-posing,1	
even-sang,1	
even-senator,1	
even-though,1	
evening-thunderous,1	
event-gift,2	
eventually-democrats,1	
ever-punishing,1	
evidence-gathered,1	
evidence-turned,1	
exactly-remnants,1	
exceeded-billion,1	
exchange-access,1	
exchange-know,1	
exchange-quotas,1	
exchanged-insults,1	
executive-branch,2	
executive-legislative,1	
exemptions-steel,1	
expand-disputes,2	
expand-percent,1	
expand-propose,1	
expansion-dangers,1	
expansion-february,1	
expansion-seen,1	
expansion-since,1	
expect-information,1	
expected-atmosphere,3	
expected-beijing,1	
expected-compared,1	
expected-march,2	
expects-economy,1	
experience-father,1	
experimental-platform,1	
experiments-part,1	
expert-impeachment,1	
experts-legislation,1	
experts-mueller,1	
experts-suggest,1	
experts-think,1	
explicit-protections,1	
exploit-agreed,1	
exploit-waters,1	
exporters-ally,1	
exports-combined,1	
exports-grew,3	
exports-park,1	
exports-shipments,1	
exports-trump,1	
extremely-important,1	
faces-complaints,1	
facing-different,1	
facts-united,1	
facts-warren,1	
fails-respect,1	
failure-fill,1	
falling-debris,1	
fallout-capitol,1	
falls-david,1	
famous-gangnam,1	
fanfare-pyongyang,1	
far-accepting,1	
far-messier,1	
farm-areas,1	
farmers-sent,1	
fashion-unclear,1	
fastest-expansion,1	
fate-political,1	
father-kim,1	
favorite-girl,1	
favors-removing,1	
fear-less,1	
fears-temporarily,1	
fears-trade,2	
featuring-theme,1	
february-athletes,1	
february-government,1	
february-moon,1	
february-readings,1	
fed-status,1	
feel-political,1	
fell-amid,1	
fell-middle,1	
female-singer,1	
fervent-critics,1	
fight-muellers,1	
figure-executive,1	
figures-put,1	
fill-many,1	
filled-theater,1	
finalised-north,1	
finance-ministry,3	
financial-markets,1	
fire-push,1	
fire-special,1	
fired-investigation,1	
fired-special,1	
fired-top,1	
firing-improbable,1	
firing-mueller,2	
firing-panel,1	
firing-rex,1	
firing-special,2	
firings-mueller,1	
first-days,1	
first-known,1	
first-plane,1	
first-south,1	
first-space,1	
first-time,1	
fit-facts,2	
flag-opening,1	
flake-anything,1	
flake-arizona,1	
flake-interview,1	
flake-republicans,1	
flew-saturday,1	
flexible-least,1	
flooding-global,1	
focused-kim,1	
foe-touted,1	
following-earlier,1	
following-pressure,1	
follows-abrupt,1	
force-space,1	
forecast-station,1	
foreign-companies,1	
foreign-kim,1	
foreign-minister,3	
foreign-ministerwang,1	
foreign-policy,2	
foreign-service,1	
foreign-sunday,1	
former-director,1	
former-singer,1	
formulate-coherent,2	
forward-mueller,1	
foster-dtente,1	
four-others,1	
fraction-still,1	
france-germany,1	
free-trade,1	
friday-unlikely,1	
friends-good,1	
fruit-products,2	
future-permanent,1	
gamed-crisis,1	
games-february,1	
gangnam-style,1	
gap-record,1	
garber-also,1	
garber-expert,1	
garber-lawyer,1	
garber-voters,1	
gathered-special,1	
gelled-rockers,1	
general-declare,1	
general-dismiss,1	
general-jeff,1	
george-wallace,1	
germany-italy,1	
gestures-north,1	
get-depend,1	
get-mueller,1	
get-put,1	
get-resources,1	
gets-ross,1	
getting-commitment,1	
gift-pyongyang,3	
girl-band,1	
girl-group,2	
girl-groups,1	
give-access,1	
give-exchange,1	
give-white,1	
given-indication,1	
giving-mueller,1	
global-commerce,1	
global-demand,2	
global-finance,1	
global-markets,1	
global-recovery,1	
global-star,1	
global-times,2	
global-total,1	
global-trade,1	
gmt-authority,1	
gmt-chinese,1	
gmt-monday,1	
goals-also,1	
good-cause,1	
good-comrades,1	
good-friends,1	
good-kind,1	
good-neighbors,1	
good-visit,1	
goodlatte-virginia,1	
goods-china,1	
goods-meant,1	
goods-separate,1	
goods-year,1	
government-data,1	
government-earlier,1	
government-stepped,1	
government-struggling,1	
government-waking,1	
governments-criticized,1	
governments-raise,1	
governments-threatened,1	
gradually-closer,1	
graham-republican,1	
grand-jury,2	
grand-theater,1	
granted-south,1	
great-fanfare,1	
grew-less,2	
grew-percent,3	
ground-fraction,1	
group-perform,1	
group-performed,1	
group-photo,1	
group-typical,1	
groups-known,1	
growing-fears,2	
growing-power,1	
growth-economists,1	
growth-fastest,1	
growth-open,1	
growth-steady,1	
guide-return,1	
gutirrez-democrat,1	
hall-seated,1	
halted-major,1	
hampers-market,1	
hand-chamber,1	
hand-ordered,1	
hands-members,1	
hanoi-chinese,1	
hanoi-vietnam,1	
happen-course,1	
happen-late,1	
happens-probably,1	
hard-keep,1	
harder-build,1	
harming-ability,2	
harmonies-sexy,1	
healthy-environment,1	
healthy-stable,1	
healthy-sustainable,1	
hearings-nominations,1	
hearings-raise,1	
hearings-speaker,1	
heavenly-palace,2	
heavier-components,1	
heels-featuring,1	
heightened-trade,2	
helped-close,1	
high-heels,1	
higher-duties,1	
hike-seriously,1	
hike-steel,1	
hikes-offset,1	
hikes-response,1	
hill-lawmakers,1	
hiring-mueller,2	
hit-countries,1	
hit-debris,1	
hit-included,1	
hold-joint,1	
hold-trade,1	
holding-talks,1	
holiday-fell,1	
hollywood-kims,1	
hope-colleagues,1	
host-two,1	
hostage-price,1	
hours-either,1	
house-argument,1	
house-judiciary,1	
house-made,1	
house-respond,1	
however-eventually,1	
huge-area,1	
human-rights,3	
human-ruling,1	
hundreds-north,1	
hurtled-toward,2	
hype-reflected,1	
hype-sling,1	
hypothetical-options,1	
idea-china,1	
identified-potential,1	
ignore-congress,1	
iii-special,1	
iii-tectonic,1	
illinois-member,1	
immediate-impact,1	
impact-limited,1	
impeachment-democrats,1	
impeachment-hearings,1	
impeachment-law,1	
impeachment-proceedings,1	
impeachment-remain,1	
impeachment-see,1	
impeachment-unclear,1	
implement-billion,1	
implement-mutual,1	
implications-potential,1	
import-barriers,1	
import-duties,2	
import-united,1	
importance-human,1	
importance-preserving,1	
important-healthy,2	
important-issues,2	
imports-beef,1	
imports-goods,1	
imports-korean,1	
imports-steel,1	
imposed-apples,1	
impossible-trump,1	
improbable-warrant,1	
improper-subsidies,1	
improperly-steel,1	
inclined-disclose,1	
include-hiring,1	
included-sending,1	
included-tell,1	
including-aerospace,1	
including-control,1	
including-holding,1	
including-key,1	
including-liu,1	
including-older,1	
increase-imports,1	
increase-proper,1	
increased-militarization,1	
increased-percent,1	
increasing-uncertainties,1	
independent-counsel,1	
independent-investigator,1	
independently-president,1	
indexes-tokyo,1	
indicate-serious,1	
indication-proceed,1	
indoor-stadium,1	
industry-chinese,1	
industry-development,1	
industry-falls,1	
industry-sent,1	
infectious-south,1	
infiltration-souths,1	
influence-continue,1	
information-intentions,1	
information-mueller,1	
information-smartphones,1	
information-whose,1	
inherit-chairmanship,1	
insults-veiled,1	
integrate-rest,1	
integrated-economic,1	
intellectual-massachusetts,1	
intentions-asia,1	
interest-show,1	
interests-accordance,1	
interests-finance,1	
interests-warren,1	
interests-work,1	
interference-presidential,1	
international-community,1	
international-khanh,1	
international-laws,1	
international-show,1	
international-standoff,1	
internet-helped,1	
interview-referring,1	
investigating-concerned,1	
investigation-aides,1	
investigation-congress,1	
investigation-disbanded,1	
investigation-potential,1	
investigation-raise,1	
investigation-red,1	
investigation-unnecessary,1	
investigation-well,1	
investigator-executive,1	
investigator-maintaining,1	
investigator-passing,1	
investigator-reinstated,1	
investment-key,1	
investment-two,1	
investment-united,1	
investors-worry,1	
islands-south,1	
isolated-kim,1	
isolated-past,1	
issue-let,1	
issued-recently,1	
issues-asia,1	
issues-extremely,1	
issues-foreign,1	
issues-north,1	
italy-japan,1	
january-grew,1	
japan-exemptions,1	
japan-governments,1	
japan-south,2	
japan-trip,1	
jeff-flake,1	
jeff-sessions,1	
jerrold-nadler,1	
jiechi-top,1	
jinping-assumed,1	
jinping-china,1	
joint-concert,1	
joint-minh,1	
joint-press,1	
jointly-exploit,2	
jonathan-oatis,1	
jong-rash,1	
jong-trump,1	
journalists-focused,1	
judiciary-committee,2	
judiciary-committees,1	
jumped-percent,1	
jury-resources,1	
jury-secrecy,1	
justice-department,3	
justice-departments,1	
justice-first,1	
justice-president,1	
justice-trumps,1	
keep-allies,1	
keep-decadent,1	
key-economic,1	
key-leadership,1	
key-technology,1	
khanh-minh,1	
kim-former,1	
kim-jong,2	
kim-quoted,1	
kim-react,1	
kim-reportedly,1	
kim-scheduled,1	
kim-shook,1	
kim-showed,1	
kim-studied,1	
kim-sunday,1	
kim-traveled,1	
kim-watched,1	
kim-wife,1	
kims-acceptance,1	
kims-appearance,1	
kims-favorite,1	
kims-first,1	
kims-nuclear,1	
kind-exchange,1	
know-attention,1	
knowledge-inclined,1	
known-chirpy,1	
known-experience,1	
known-yeri,1	
korea-agreed,1	
korea-allies,1	
korea-also,1	
korea-biggest,1	
korea-clapped,1	
korea-deal,1	
korea-decade,1	
korea-denuclearization,1	
korea-exchange,1	
korea-expects,1	
korea-exporters,1	
korea-exports,1	
korea-japan,1	
korea-limit,1	
korea-remnants,1	
korea-senior,1	
korea-society,1	
korea-strong,1	
korea-winter,1	
korea-younger,1	
korean-art,1	
korean-cars,1	
korean-culture,1	
korean-deal,1	
korean-exports,2	
korean-female,1	
korean-girl,1	
korean-journalists,1	
korean-kim,1	
korean-leader,3	
korean-memory,2	
korean-military,1	
korean-music,1	
korean-musical,1	
korean-musicians,2	
korean-officials,3	
korean-performers,1	
korean-pop,2	
korean-singers,3	
korean-soldiers,1	
korean-song,1	
korean-steel,1	
korean-troupe,1	
koreans-allowed,1	
koreans-filled,1	
koreans-see,1	
koreas-leader,1	
koreas-moranbong,1	
koreas-popular,1	
koreas-president,1	
laboratory-designer,1	
laboratory-media,1	
landed-miles,1	
landscape-country,1	
lanes-potentially,1	
large-part,1	
large-pieces,1	
largest-economies,1	
largest-visit,1	
late-january,1	
late-present,1	
late-process,1	
later-china,1	
later-week,1	
latest-chinese,1	
launched-carry,1	
launched-september,1	
launched-trade,1	
law-dear,1	
law-enforcement,1	
law-obstruct,1	
law-reinstating,1	
law-represented,1	
law-restore,1	
law-teeth,1	
law-trump,1	
lawmakers-alone,1	
lawmakers-demand,1	
laws-minh,1	
lawyer-hiring,1	
lay-claim,1	
lead-open,1	
lead-president,1	
lead-presidents,1	
leader-attended,1	
leader-kim,2	
leader-made,1	
leader-watched,1	
leaders-aides,1	
leaders-two,1	
leaders-view,1	
leadership-positions,1	
leading-experts,1	
least-among,1	
least-effective,1	
leave-committee,1	
leave-key,1	
legal-challenge,1	
legal-experts,2	
legislation-allow,1	
legislation-almost,1	
legislation-reinstating,1	
legislation-screech,1	
legislative-branch,1	
legitimacy-current,1	
legitimate-rights,1	
legs-diplomatic,1	
legs-underneath,1	
less-dramatic,1	
less-expected,2	
less-percent,1	
less-tiangong,1	
let-voters,1	
leverage-control,1	
liberals-already,1	
licensing-proposed,1	
lies-busiest,1	
lieu-demanding,1	
lifted-march,1	
lifted-threat,1	
likelihood-story,1	
likely-continue,1	
likely-debris,1	
likely-outcome,1	
likely-skewed,1	
likely-survive,1	
limit-far,1	
limited-investors,1	
lindsey-graham,1	
line-crossed,1	
lines-total,1	
lines-worth,1	
lineup-change,1	
link-list,1	
list-affected,1	
list-open,1	
list-pork,2	
little-chinese,1	
little-recourse,1	
liu-chinese,1	
liu-vice,1	
living-pyongyang,1	
local-news,1	
long-lunar,1	
look-aggressively,1	
look-another,1	
look-rubbish,1	
looking-weak,1	
looms-approval,1	
lost-control,1	
lost-support,1	
loudly-even,1	
loudspeakers-warning,1	
loyal-elite,1	
luis-gutirrez,1	
lunar-year,1	
lyrics-risqu,1	
machinery-washington,1	
made-clear,1	
made-decision,1	
made-ground,1	
made-public,1	
made-secret,1	
made-stops,1	
made-surface,1	
made-surprising,1	
mainly-heavier,1	
maintain-peace,1	
maintaining-special,1	
major-oil,1	
majority-craft,1	
majority-liberals,1	
make-fate,1	
makes-hard,1	
making-china,1	
making-harder,1	
malaysia-philippines,1	
manage-disputes,3	
manner-according,1	
many-crucial,1	
many-legal,1	
many-protected,1	
many-retailers,1	
many-senator,1	
many-state,1	
many-voted,1	
march-adding,2	
march-bigger,1	
march-european,1	
march-exports,1	
march-order,1	
march-year,2	
marched-unified,1	
maritime-cooperation,1	
maritime-disputes,2	
maritime-issues,1	
maritime-territory,1	
market-access,1	
market-indexes,1	
market-politicians,1	
market-warren,1	
markets-bilateral,1	
markets-improperly,1	
markets-proven,1	
markets-though,1	
markets-without,1	
massachusets-democrat,1	
massachusetts-democrat,1	
massacre-cant,1	
massive-surveillance,1	
matters-sorted,1	
may-complicate,1	
may-decide,1	
may-hold,1	
may-outspoken,1	
may-president,1	
may-wait,1	
mean-getting,1	
meant-punish,1	
measure-adopted,1	
measure-drafted,1	
measures-hit,1	
media-hype,1	
media-unclear,1	
meet-north,1	
meet-south,1	
meet-success,1	
meeting-mean,1	
meeting-president,1	
meeting-vietnamese,1	
meetings-talking,1	
member-house,1	
member-known,1	
members-parties,1	
members-south,1	
members-team,1	
memory-chips,2	
mess-senator,1	
message-associated,1	
messier-swift,1	
met-americans,1	
michael-editing,1	
middle-month,1	
middle-south,2	
midterm-elections,1	
might-back,1	
might-craft,1	
might-depress,2	
might-respond,1	
miles-northwest,1	
militarising-rocky,1	
militarization-seven,1	
military-broadcast,1	
military-solution,1	
minh-bilateral,1	
minh-claims,1	
minh-editing,1	
minh-part,1	
minh-two,1	
minister-defence,1	
minister-deputy,1	
minister-pham,2	
minister-reporters,1	
minister-wang,1	
ministerwang-yisaid,1	
ministry-commerce,1	
ministry-country,1	
ministry-data,1	
ministry-percent,1	
ministry-responding,1	
minority-little,1	
misappropriated-american,1	
misdirected-decades,2	
misdirected-story,1	
missile-tests,1	
missiles-leader,1	
mission-repeatedly,1	
missions-served,1	
mistakenly-assuming,1	
mix-military,1	
moderate-democrat,1	
monday-beijing,2	
monday-chinese,2	
monday-escalating,2	
monday-gmt,1	
monday-stock,1	
monday-sunday,1	
month-prepared,1	
month-year,1	
months-democratic,1	
moon-border,1	
moon-good,1	
moon-watched,1	
moranbong-band,1	
mosquito-nets,1	
move-jointly,2	
move-targets,1	
move-united,1	
moves-cut,1	
movies-dramas,1	
much-aggressive,1	
much-attention,1	
much-garber,1	
much-interest,1	
mud-aerospace,1	
mueller-also,1	
mueller-another,1	
mueller-appeal,1	
mueller-cite,1	
mueller-congressional,1	
mueller-end,1	
mueller-fired,1	
mueller-iii,2	
mueller-members,1	
mueller-president,1	
mueller-right,1	
mueller-special,1	
mueller-summer,1	
mueller-taking,1	
mueller-team,1	
mueller-testify,1	
mueller-ultimately,1	
mueller-willing,1	
muellers-evidence,1	
muellers-firing,1	
muellers-investigation,1	
muellers-records,1	
multilateral-trading,1	
music-videos,1	
musical-performance,1	
musicians-pyongyang,2	
must-resolved,1	
mutual-interests,1	
mutual-understandings,1	
nadler-york,1	
name-international,1	
name-translates,1	
nasty-sideshow,1	
national-bits,1	
national-security,1	
natural-recent,1	
near-cities,1	
nearly-billion,2	
need-accomplish,1	
needs-acknowledge,1	
needs-rethink,1	
negotiations-state,1	
neighboring-countries,2	
neighbors-good,1	
neighbours-opened,1	
nets-keep,1	
never-fit,2	
never-submit,1	
news-conference,1	
news-media,1	
newspaper-published,1	
next-ear,1	
night-early,1	
night-massacre,1	
night-richard,1	
nixon-fired,1	
nominations-legislation,1	
nominees-purse,1	
normal-spacecraft,1	
north-attempt,1	
north-carolina,1	
north-caught,1	
north-degrees,1	
north-foster,1	
north-hold,1	
north-korea,6	
north-korean,7	
north-koreans,2	
north-koreas,2	
north-nuclear,3	
north-rejected,1	
north-south,1	
north-tests,1	
north-threaten,1	
northeast-asia,1	
northern-percent,1	
norths-performances,1	
northwest-tahiti,1	
nuclear-ambitions,1	
nuclear-program,2	
nuclear-threat,1	
nuclear-weapons,1	
objected-unleashed,1	
objectives-closely,1	
objects-orbit,1	
obstruct-justice,1	
obstruction-justice,1	
occurred-weeks,1	
ocean-even,1	
ocean-spread,1	
odds-china,1	
official-overseeing,1	
officials-bring,1	
officials-identified,1	
officials-including,2	
officials-met,1	
officials-north,2	
officials-routinely,1	
officials-special,1	
officials-thank,1	
officials-tied,1	
offset-washington,1	
often-kims,1	
oil-drilling,1	
older-crooners,1	
olympics-february,1	
ongoing-efforts,1	
online-censorship,1	
open-china,1	
open-comment,1	
open-markets,2	
opened-markets,1	
opening-amazon,1	
opening-south,1	
openly-odds,1	
operations-crew,1	
options-congress,1	
options-discussion,1	
options-sure,1	
options-table,1	
oranges-aircraft,1	
orbit-also,1	
orbit-back,1	
orbit-experiments,1	
orbit-originally,1	
orbited-gradually,1	
order-approving,1	
order-reach,1	
ordered-firing,1	
ordered-justice,1	
ordered-trade,1	
ordinary-north,1	
organization-rules,1	
organizations-though,1	
originally-planned,1	
others-claim,1	
ousted-business,1	
outcome-executive,1	
outcrops-reefs,1	
outlook-global,2	
outperforming-revised,1	
outspoken-subject,1	
overseas-envy,1	
overseeing-case,1	
pacific-monday,2	
painful-consequential,1	
palace-launched,1	
palace-sometime,1	
panel-options,1	
parallels-watergate,1	
park-economist,1	
part-ambitious,1	
part-become,1	
part-breakthrough,1	
part-chinese,1	
part-political,1	
part-trump,1	
particularly-red,1	
parties-congress,1	
parties-mueller,1	
partly-western,1	
partner-united,1	
partners-hampers,1	
parts-south,1	
parts-trillion,1	
party-retake,1	
party-tightened,1	
partys-fervent,1	
pass-law,1	
passed-legislation,1	
passes-year,1	
passing-independent,1	
past-trade,1	
past-week,1	
path-forward,1	
path-toward,1	
paul-ryan,1	
paul-tait,1	
paulo-rio,1	
pay-stealth,1	
peace-stability,1	
peacefully-manner,1	
peanut-butter,1	
peninsula-flag,1	
people-european,1	
people-stumbled,1	
percent-billion,2	
percent-burnt,1	
percent-combined,1	
percent-expansion,2	
percent-faces,1	
percent-finance,1	
percent-first,1	
percent-growth,2	
percent-made,1	
percent-percent,1	
percent-policymakers,1	
percent-potentially,1	
percent-resulted,1	
percent-seen,1	
percent-spacecraft,1	
percent-tariff,2	
percent-tariffs,1	
percent-time,1	
percent-trade,1	
percent-without,1	
percent-year,1	
perfecting-docking,1	
perform-called,1	
perform-kim,1	
perform-north,1	
perform-provincial,1	
performance-norths,1	
performances-south,2	
performed-short,1	
performers-tuesday,1	
period-growth,1	
period-reported,1	
permanent-chinese,1	
permanent-station,1	
person-hit,1	
pham-binh,2	
philippines-taiwan,1	
photo-appearance,1	
pieces-reach,1	
place-permanent,1	
place-tariffs,1	
place-within,1	
plane-washington,1	
planned-decommissioned,1	
planned-summit,1	
planning-meetings,1	
platform-bigger,1	
platform-perfecting,1	
played-host,1	
pleaded-colleagues,1	
pledges-flooding,1	
point-options,1	
policies-technology,1	
policy-misdirected,1	
policy-needs,1	
policy-region,1	
policy-someone,1	
policy-toward,4	
policy-yang,1	
policymakers-recalibrating,2	
policymakers-starting,1	
policymakers-wary,1	
political-base,1	
political-dtente,1	
political-expect,1	
political-issue,1	
political-landscape,1	
politician-tapped,1	
politicians-better,1	
politicians-spectacle,1	
pool-reports,1	
pop-culture,2	
pop-singers,1	
pop-songs,1	
pop-stars,1	
popular-girl,1	
pork-aluminum,1	
pork-fruit,2	
pork-industry,1	
posed-disclose,1	
poses-slight,1	
posing-group,1	
positions-vacant,1	
positive-development,1	
positive-trend,1	
possibility-muellers,1	
possible-higher,1	
possible-obstruction,1	
possible-tariff,1	
post-expansion,1	
posts-efforts,1	
posture-majority,1	
potential-firings,1	
potential-presidential,1	
potential-subpoena,1	
potential-targets,1	
potential-ties,1	
potentially-maritime,1	
potentially-sits,1	
power-influence,1	
power-online,1	
power-ways,1	
practical-top,1	
predicted-tiangong,1	
premier-economic,1	
prepared-meet,1	
prepares-implement,1	
present-flexible,1	
preserving-evidence,1	
president-donald,5	
president-impeachment,1	
president-jinping,2	
president-make,1	
president-making,1	
president-members,1	
president-moon,2	
president-ordered,1	
president-replace,1	
president-resolution,1	
president-shifted,1	
president-trump,3	
presidential-candidate,1	
presidential-election,1	
presidential-farmers,1	
presidents-hope,1	
presidents-impeachment,2	
press-briefing,1	
press-censure,1	
press-sunday,1	
pressure-china,1	
pressure-republicans,1	
pressures-foreign,1	
previous-soft,1	
price-access,1	
primary-importance,1	
prime-minister,1	
prison-kim,1	
privately-republican,1	
probably-far,1	
procedures-operations,1	
proceed-aides,1	
proceedings-leave,1	
process-delayed,1	
product-lines,1	
products-including,1	
products-making,1	
products-monday,2	
products-percent,1	
program-important,2	
programme-aims,1	
project-south,1	
projects-tiangong,1	
promote-cooperation,1	
promotion-diplomatic,1	
prompt-legal,1	
prompting-international,1	
prompts-governments,1	
pronounced-event,1	
proper-measure,1	
propose-two,1	
proposed-percent,1	
prosecutor-investigating,1	
protect-white,1	
protected-grand,1	
protectionism-resulting,1	
protections-trump,1	
proved-willing,1	
proven-united,1	
provided-specifics,1	
provincial-town,1	
psy-singer,1	
psychological-war,1	
public-way,1	
publicly-divulging,1	
published-ruling,1	
punish-china,1	
punishing-economic,1	
punitive-trade,1	
purse-strings,1	
push-top,1	
pushing-china,1	
put-gap,1	
put-mix,1	
pyongyang-done,1	
pyongyang-grand,1	
pyongyang-north,1	
pyongyang-show,2	
pyongyang-sunday,1	
pyongyang-unusual,1	
pyongyang-yerim,1	
questions-songs,1	
quo-look,1	
quotas-effectively,1	
quoted-saying,1	
quoted-telling,1	
raise-import,1	
raise-parallels,1	
raise-pressure,1	
raised-import,2	
raised-tariffs,1	
raising-duties,1	
range-covering,1	
range-russia,1	
rank-top,1	
rash-absence,1	
rather-later,1	
reach-heavenly,1	
reach-ultimate,1	
reached-south,1	
react-pop,1	
readings-likely,1	
real-repercussions,1	
realistic-path,1	
reality-china,1	
realize-sooner,1	
recalibrate-relationship,1	
recalibrating-ties,2	
received-much,1	
recent-increased,1	
recent-news,1	
recently-firing,1	
recently-president,1	
reciprocated-north,1	
reconsider-sort,1	
record-ministry,1	
recorded-version,1	
records-add,1	
recourse-without,1	
recovered-monday,1	
recovery-might,1	
red-line,1	
red-lines,1	
red-velvet,6	
reduce-north,1	
reduce-threat,1	
reefs-malaysia,1	
referring-night,1	
reflected-overseas,1	
refrain-taking,1	
region-makes,1	
region-reiterating,1	
regular-turnover,1	
reinstated-options,1	
reinstating-independent,1	
reinstating-special,1	
reiterating-stance,1	
reject-south,1	
rejected-suggestion,1	
rejecting-speculation,1	
relations-first,1	
relations-positive,1	
relations-reporters,1	
relations-seen,1	
relationship-china,1	
relationship-massive,1	
relevant-committees,1	
remain-remote,1	
remedy-flake,1	
remnants-appeared,1	
remnants-might,1	
remote-even,1	
remove-objected,1	
removing-jerrold,1	
repeatedly-happen,1	
repercussions-trump,1	
replace-sessions,1	
replaced-painful,1	
reported-trade,1	
reportedly-halted,1	
reportedly-pronounced,1	
reporters-beijing,1	
reporters-joint,1	
reporters-meeting,1	
reporters-pyongyang,1	
reporters-saturday,1	
reporters-visit,2	
reporting-ben,1	
reports-different,1	
reports-south,1	
representative-luis,1	
representative-robert,1	
represented-several,1	
reprimand-censure,1	
republican-cooperation,1	
republican-emerged,1	
republican-leaders,1	
republican-north,1	
republican-south,1	
republican-support,1	
republicans-break,1	
republicans-democrats,1	
republicans-suggested,1	
require-careful,1	
resisted-telegraphing,1	
resolution-reprimand,1	
resolved-peacefully,1	
resolving-disputes,2	
resolving-sea,1	
resources-ability,1	
resources-doesnt,1	
respect-basic,1	
respect-legitimate,1	
respond-avoid,1	
respond-march,1	
respond-message,1	
responding-tariff,1	
response-complaints,1	
responsibility-maintain,1	
rest-world,1	
restore-another,1	
restraint-resolving,2	
restrictions-chinese,1	
result-give,1	
resulted-decline,1	
resulted-trade,1	
resulting-smaller,1	
results-investigation,1	
resurgence-demand,1	
resurgence-protectionism,1	
retailers-saw,1	
retake-house,1	
retaliate-raising,1	
rethink-afraid,1	
return-earth,1	
reuters-adding,1	
reuters-survey,1	
revise-free,1	
revised-percent,2	
rex-tillerson,1	
rhetoric-appeal,1	
rich-natural,1	
richard-nixon,1	
right-appeal,1	
right-deputy,1	
rights-abuses,1	
rights-also,1	
rights-democracy,1	
rights-interests,1	
rights-within,1	
rio-united,1	
rising-protectionism,1	
rising-trade,1	
risk-korea,1	
risk-people,1	
risks-exports,1	
risqu-dance,1	
robert-goodlatte,1	
robert-mueller,2	
rockers-sunday,1	
rocky-outcrops,1	
rod-rosenstein,1	
role-vastly,1	
rolling-series,1	
rosenstein-minority,1	
rosenstein-part,1	
ross-garber,1	
routinely-deny,1	
rubbish-ocean,1	
rule-law,2	
rules-protect,1	
ruling-communist,2	
russia-canada,1	
russian-interference,1	
ryan-representative,1	
safekeeping-matters,1	
sanctions-isolated,1	
sang-south,1	
sao-paulo,1	
sap-trumps,1	
saturday-great,1	
saturday-night,1	
saturday-visit,1	
saw-sudden,1	
saying-audience,1	
saying-exactly,1	
says-chaos,2	
says-improper,1	
scheduled-meet,1	
scientists-falling,1	
scrap-products,1	
screech-stop,1	
sea-angered,1	
sea-change,1	
sea-dispute,1	
sea-including,1	
sea-lanes,1	
sea-lies,1	
sea-second,1	
sea-talks,2	
searching-information,1	
seated-balcony,1	
second-time,1	
secrecy-difficult,1	
secret-contempt,1	
secretary-state,2	
security-adviser,1	
see-recorded,1	
see-red,1	
see-thats,1	
seeking-government,1	
seem-much,1	
seen-period,1	
seen-positive,1	
seen-reuters,1	
sees-infiltration,1	
selling-watching,1	
sen-elizabeth,2	
senator-chris,1	
senator-elizabeth,2	
senator-jeff,1	
senator-lindsey,1	
senator-thom,1	
send-president,1	
sending-athletes,1	
senior-chinese,1	
sent-billion,1	
sent-nearly,1	
sent-prison,1	
seoul-give,1	
seoul-import,1	
seoul-south,2	
separate-argument,1	
september-future,1	
series-punitive,1	
serious-china,1	
serious-constitutional,1	
seriously-damaged,1	
seriously-implement,1	
served-test,1	
service-stands,1	
service-undermining,1	
serving-experimental,1	
sessions-deputy,1	
sessions-rosenstein,1	
sessions-taking,1	
settle-disputes,2	
settling-maritime,2	
seven-artificial,1	
several-politicians,1	
several-posts,1	
sexy-tunes,1	
shanghai-percent,1	
shanghai-space,1	
share-knowledge,1	
shared-goals,1	
shared-idea,1	
shared-responsibility,1	
shifted-aggressive,1	
shipments-united,1	
shook-hands,1	
short-skirts,1	
show-asked,1	
show-east,1	
show-kim,1	
show-occurred,1	
showed-increased,1	
showed-much,1	
shows-drop,1	
side-deal,1	
side-gmt,1	
sides-better,1	
sides-carry,1	
sides-coming,1	
sides-promote,1	
sideshow-sap,1	
sideways-week,1	
sign-lawmakers,1	
signaled-much,1	
since-grew,1	
since-president,1	
singer-among,1	
singer-famous,1	
singer-perform,1	
singers-including,1	
singers-north,1	
singers-particularly,1	
singers-perform,1	
sits-rich,1	
situation-strengthen,1	
situations-planning,1	
skewed-long,1	
skirts-high,1	
slap-ever,1	
sleep-cellphone,1	
slight-risk,1	
sling-mud,1	
slower-percent,1	
smaller-trade,1	
smartphones-internet,1	
smiled-even,1	
smoothly-integrate,1	
smuggled-china,1	
society-since,1	
society-writes,1	
soft-february,1	
sold-well,1	
soldiers-north,1	
solution-dispute,1	
someone-whose,1	
sometime-sunday,1	
somewhere-degrees,1	
song-lineup,1	
songs-hollywood,1	
songs-kims,1	
songs-movies,1	
sooner-rather,1	
sort-sideways,1	
sorted-relevant,1	
south-america,1	
south-atlantic,1	
south-carolina,1	
south-china,7	
south-didnt,1	
south-korea,11	
south-korean,23	
south-koreas,2	
south-pacific,2	
south-range,1	
south-statement,1	
south-winter,1	
southern-europe,1	
souths-pop,1	
space-agency,2	
space-authority,2	
space-control,1	
space-experts,1	
space-industry,1	
space-laboratory,2	
space-orbit,1	
space-programme,1	
space-station,6	
spacecraft-atmosphere,1	
spacecraft-likely,1	
spat-aspect,1	
speaker-paul,1	
special-congressional,1	
special-counsel,10	
special-counsels,1	
special-prosecutor,1	
specifics-anything,1	
spectacle-fired,1	
speculation-trade,1	
spoken-consequences,1	
spread-huge,1	
spurred-kims,1	
squadron-tracks,1	
square-friday,1	
stability-region,1	
stable-development,1	
stadium-koreans,1	
stance-maritime,1	
stand-red,1	
stand-saturday,1	
standoff-spurred,1	
stands-inherit,1	
stands-undermine,1	
stanway-wang,1	
star-psy,1	
stars-lyrics,1	
starting-look,1	
state-department,1	
state-national,1	
state-trump,1	
state-workers,1	
statement-confirmed,1	
statement-tariff,1	
statement-website,1	
states-air,1	
states-buys,1	
states-cannot,1	
states-china,1	
states-declined,1	
states-fell,1	
states-past,1	
states-policies,1	
states-south,1	
states-stood,1	
states-trying,1	
states-year,1	
station-atmosphere,2	
station-chief,1	
station-hurtled,2	
station-orbit,1	
station-played,1	
station-serving,1	
station-whose,1	
status-quo,1	
stave-sees,1	
steady-increase,1	
steady-likely,1	
steals-pressures,1	
stealth-visit,1	
steel-aluminum,4	
steel-percent,1	
steel-south,1	
step-restrictions,1	
stepped-crackdown,1	
steps-indicate,1	
steps-party,1	
steps-reduce,1	
still-amounted,1	
still-economists,1	
still-supportive,1	
stock-market,1	
stocks-recovered,1	
stood-billion,1	
stop-legal,1	
stop-replaced,1	
stops-japan,1	
story-gets,1	
story-never,2	
story-think,1	
strengthen-maritime,1	
striking-government,1	
strings-ensure,1	
strong-economic,1	
strong-likelihood,1	
struggling-stave,1	
studied-switzerland,1	
stumbled-look,1	
style-hit,1	
subject-sleep,1	
submit-launched,1	
subpoena-fight,1	
subpoenaed-congress,1	
subsidies-still,1	
success-meeting,1	
sudden-willingness,1	
suggest-space,1	
suggested-dismissal,1	
suggestion-global,1	
summer-backing,1	
summit-meeting,1	
sunday-called,2	
sunday-china,2	
sunday-concert,1	
sunday-evening,1	
sunday-expected,2	
sunday-night,1	
sunday-seeking,1	
sunday-space,1	
sunday-watching,1	
support-congress,1	
support-impeachment,1	
support-integrated,1	
support-many,1	
support-measure,1	
support-whether,1	
supportive-searching,1	
supports-multilateral,1	
sure-mess,1	
surface-reuters,1	
surplus-billion,2	
surplus-exports,1	
surplus-united,3	
surprising-announcement,1	
surveillance-system,1	
survey-outperforming,1	
survive-burned,1	
sustainable-development,1	
swift-justice,1	
switzerland-teenager,1	
system-china,1	
system-including,1	
system-statement,1	
systematically-misappropriated,1	
tabloid-global,1	
tahiti-brad,1	
tait-clarence,1	
taiwan-vietnam,1	
taking-actions,1	
taking-mueller,1	
taking-sessions,1	
taking-unilateral,1	
talking-implications,1	
talking-points,1	
talks-joint,1	
talks-move,2	
talks-refrain,1	
tapped-divisions,1	
targets-farm,1	
targets-product,1	
tariff-dispute,2	
tariff-hike,2	
tariff-hikes,2	
tariff-imports,1	
tariff-imposed,1	
tariff-increase,1	
tariff-spat,1	
tariffs-chinese,2	
tariffs-effect,1	
tariffs-march,1	
tariffs-pork,1	
team-discovered,1	
team-subpoenaed,1	
technology-administration,1	
technology-discussed,1	
technology-industry,1	
technology-licensing,1	
technology-machinery,1	
technology-tariff,1	
tectonic-consequences,1	
teenager-tried,1	
teeth-many,1	
telegraphing-steps,1	
tell-president,1	
tell-story,1	
telling-south,1	
temporarily-depressed,1	
tense-international,1	
tensions-two,2	
tensions-washington,1	
terrible-michael,1	
territory-building,1	
test-platform,1	
testify-weighed,1	
tests-nuclear,1	
tests-prompting,1	
thank-bringing,1	
thats-remedy,1	
theater-part,1	
theater-watch,1	
theme-songs,1	
theres-strong,1	
theyre-willing,1	
thing-send,1	
things-korean,1	
think-china,1	
think-creative,1	
think-theres,1	
thom-tillis,1	
though-chinese,1	
though-democrats,1	
though-stocks,1	
though-trump,1	
thoughts-whose,1	
thousands-square,1	
threat-percent,1	
threat-posed,1	
threat-require,1	
threaten-direct,1	
threatened-retaliate,1	
threats-war,1	
throttling-investigation,1	
thumb-drives,1	
thunderous-clapping,1	
thursday-may,1	
tiangong-control,1	
tiangong-first,1	
tiangong-launched,1	
tiangong-place,1	
tiangong-space,2	
tied-investigation,1	
ties-campaign,1	
ties-senator,2	
tightened-controls,1	
tillerson-secretary,1	
tillis-republican,1	
time-north,1	
time-seriously,1	
time-two,1	
time-year,2	
times-newspaper,1	
times-normal,1	
together-try,1	
tokyo-shanghai,1	
took-effect,1	
top-democrat,1	
top-diplomat,2	
top-justice,1	
top-officials,1	
top-potential,1	
total-sea,1	
total-washington,1	
totaled-latest,1	
touted-potential,1	
toward-china,2	
toward-earth,2	
toward-north,2	
toward-republican,1	
town-north,1	
tracked-south,1	
tracks-detects,1	
trade-agreement,2	
trade-cynthia,1	
trade-exceeded,1	
trade-investment,1	
trade-issues,1	
trade-measures,1	
trade-ministry,1	
trade-officials,1	
trade-organization,1	
trade-passes,1	
trade-policy,1	
trade-surplus,6	
trade-tensions,2	
trade-war,4	
trading-partner,1	
trading-partners,1	
trading-system,1	
train-pay,1	
translates-heavenly,1	
traveled-train,1	
trend-described,1	
tried-late,1	
trillion-trade,1	
trillion-trillion,1	
trip-president,1	
trouble-understanding,1	
troupe-flew,1	
troupe-south,1	
troupes-performances,1	
trump-administration,3	
trump-cannot,1	
trump-companies,2	
trump-continued,1	
trump-earlier,1	
trump-enacting,1	
trump-first,1	
trump-foe,1	
trump-made,1	
trump-may,1	
trump-mueller,1	
trump-prepares,1	
trump-presidential,1	
trump-proved,1	
trump-rhetoric,1	
trump-several,1	
trump-sign,1	
trump-stop,1	
trump-taking,1	
trump-thursday,1	
trump-warning,1	
trumps-critics,1	
trumps-political,1	
trusted-law,1	
truth-fallout,1	
try-accomplish,1	
trying-hype,1	
trying-recalibrate,1	
tucker-astrophysicist,1	
tuesday-indoor,1	
tumultuous-administration,1	
tunes-infectious,1	
turn-things,1	
turned-congress,1	
turnover-tumultuous,1	
two-coons,1	
two-countries,2	
two-crewed,1	
two-current,1	
two-largest,2	
two-neighboring,1	
two-neighbours,1	
two-sides,4	
typical-south,1	
ultimate-agreement,1	
ultimately-made,1	
ultimately-real,1	
uncertainties-trade,1	
unclear-ordinary,1	
unclear-whether,1	
undermine-foreign,1	
undermine-rule,1	
undermining-ability,1	
underneath-diplomatic,1	
understaffing-service,1	
understand-damaging,1	
understand-relationship,1	
understanding-chaotic,1	
understandings-leaders,1	
unified-peninsula,1	
unilateral-actions,1	
unilateral-activities,1	
unilateral-move,1	
union-jumped,1	
union-trading,1	
united-bank,1	
united-states,12	
unleashed-president,1	
unlikely-large,1	
unnecessary-dismiss,1	
unusual-authoritarian,1	
urge-reconsider,1	
using-world,1	
vacant-downplay,1	
vast-majority,1	
vastly-diminished,1	
veiled-threats,1	
velvet-girl,1	
velvet-kim,1	
velvet-member,1	
velvet-perform,1	
velvet-south,1	
velvet-wife,1	
verifiable-steps,1	
version-concert,1	
vice-premier,1	
videos-sent,1	
vietnam-also,1	
vietnam-china,3	
vietnam-country,1	
vietnam-reportedly,1	
vietnam-settle,2	
vietnam-vietnam,1	
vietnamese-foreign,2	
view-possibility,1	
vigorous-competitors,1	
village-april,1	
virginia-judiciary,1	
visit-beijing,2	
visit-china,1	
visit-comes,2	
visit-northeast,1	
visit-president,1	
visit-reciprocated,1	
visited-south,1	
voted-trump,1	
voters-decide,2	
voters-fed,1	
voters-however,1	
wait-midterm,1	
waking-chinese,1	
wang-additional,1	
wang-settling,1	
wang-time,1	
want-least,1	
war-downside,1	
war-global,1	
war-north,2	
war-resurgence,2	
war-south,1	
warning-issued,1	
warning-war,1	
warrant-hypothetical,1	
warren-also,1	
warren-areas,1	
warren-needs,1	
warren-reporters,4	
warren-says,2	
warren-visit,1	
warren-whole,1	
wary-risks,1	
washington-beijing,1	
washington-european,1	
washington-even,1	
washington-reports,1	
washington-representative,1	
washington-says,1	
washington-step,1	
watch-south,1	
watched-north,1	
watched-south,2	
watched-watching,1	
watching-group,1	
watching-red,1	
watching-south,1	
watergate-hearings,1	
way-another,1	
weak-monday,1	
weapons-ballistic,1	
website-without,1	
week-according,1	
week-kim,1	
week-revise,1	
week-two,1	
week-vietnam,1	
weeks-kim,1	
wei-officials,1	
weighed-path,1	
well-american,1	
well-manage,1	
well-secretary,1	
western-countries,1	
western-space,1	
whether-get,1	
whether-hand,1	
whether-law,1	
whether-see,1	
white-house,2	
white-likely,1	
whole-policy,1	
whose-analysis,1	
whose-information,1	
whose-name,1	
whose-role,1	
whose-thoughts,1	
wield-power,1	
wife-entered,1	
wife-watched,1	
willing-fire,1	
willing-share,1	
willing-tell,1	
willingness-amazon,1	
winter-games,1	
winter-olympics,1	
within-craft,1	
within-hours,2	
within-understand,1	
without-agreement,1	
without-demanding,1	
without-republican,1	
without-saying,1	
word-comes,1	
work-together,1	
workers-moves,1	
world-based,1	
world-trade,1	
worries-outlook,2	
worry-global,1	
worry-might,2	
worth-billion,1	
writes-human,1	
wto-case,1	
yang-jiechi,1	
year-amid,1	
year-earlier,3	
year-following,1	
year-global,1	
year-holiday,1	
year-late,1	
year-percent,2	
year-totaled,1	
year-vietnam,1	
years-mistakenly,1	
yeri-quoted,1	
yerim-red,1	
yet-might,1	
yet-received,1	
yisaid-sunday,1	
york-top,1	
younger-kims,1	
zhu-zongpeng,1	
zongpeng-denied,1	
