word,count	
Additional,1	
Aerospace,1	
Africa,1	
Agency,1	
Air,1	
Alison,1	
Amazon,2	
America,1	
American,4	
Americans,1	
Andrew,1	
April,1	
Arizona,1	
Asia,4	
Associated,1	
Athletes,1	
Atlantic,1	
Australia,2	
Australian,1	
BEIJING,4	
BERLIN,1	
Band,1	
Bank,1	
Beijing,9	
Ben,1	
Bevege,1	
Bilateral,1	
Binh,2	
Blanchard,1	
Brad,1	
Brazilian,1	
Canada,2	
Capitol,1	
Carolina,2	
China,38	
Chinese,21	
Chris,1	
Christian,1	
Clarence,1	
Commerce,1	
Committee,2	
Committees,1	
Communist,2	
Congress,10	
Control,1	
Coons,2	
Corp,1	
Cynthia,1	
DVDs,1	
David,1	
Defence,1	
Delaware,1	
Democrat,5	
Democratic,2	
Democrats,5	
Department,4	
Departments,1	
Deputy,1	
Donald,6	
Earth,5	
East,1	
Editing,4	
Elizabeth,4	
Europe,2	
European,4	
Even,2	
February,4	
Fernandez,1	
Finance,3	
Flake,4	
Force,1	
Foreign,5	
France,1	
Friday,1	
GMT,3	
Games,1	
Gangnam,1	
Garber,4	
George,1	
Germany,1	
Global,2	
Goodlatte,1	
Graham,1	
Grand,1	
Gutirrez,1	
HANOI,2	
Heavenly,2	
Hill,1	
Hollywood,1	
House,4	
III,2	
Illinois,1	
Investment,1	
Italy,1	
January,1	
Japan,5	
Jeff,2	
Jerrold,1	
Jiechi,1	
Jinping,2	
Jonathan,1	
Jong,2	
Judiciary,3	
Justice,4	
Khanh,1	
Kim,14	
Kims,5	
Korea,20	
Korean,33	
Koreans,3	
Koreas,4	
Lawmakers,1	
Liberals,1	
Lindsey,1	
Liu,2	
Luis,1	
Lunar,1	
Malaysia,1	
March,8	
Massachusets,1	
Massachusetts,1	
Massacre,1	
May,1	
Michael,1	
Minh,5	
Minister,5	
MinisterWang,1	
Ministry,4	
Monday,9	
Moon,3	
Moranbong,1	
Mueller,19	
Muellers,4	
Nadler,1	
National,1	
Night,1	
Nixon,1	
North,29	
Northeast,1	
Norths,1	
Oatis,1	
Olympics,1	
Options,1	
Organization,1	
Pacific,2	
Palace,2	
Park,1	
Party,1	
Paul,2	
Paulo,1	
Pham,2	
Philippines,1	
President,12	
Press,1	
Prime,1	
Psy,1	
Pyongyang,9	
Red,6	
Relevant,1	
Representative,2	
Republican,6	
Republicans,3	
Reuters,2	
Rex,1	
Richard,1	
Rio,1	
Robert,3	
Roche,1	
Rod,1	
Rosenstein,2	
Ross,1	
Russia,1	
Russian,1	
Ryan,1	
SEOUL,2	
SHANGHAI,1	
Sao,1	
Saturday,3	
Schmollinger,1	
Sea,6	
Sen,2	
Senator,6	
Seoul,2	
September,1	
Sessions,3	
Shanghai,1	
Society,1	
South,51	
Souths,1	
Space,2	
Speaker,1	
Squadron,1	
Stanway,1	
State,2	
States,12	
Still,1	
Style,1	
Sunday,12	
Switzerland,1	
Tahiti,1	
Tait,1	
Taiwan,1	
Theater,1	
Thom,1	
Thursday,1	
Tiangong,6	
Tillerson,1	
Tillis,1	
Times,2	
Tokyo,1	
Trade,1	
Trump,24	
Trumps,2	
Tucker,1	
Tuesday,1	
Union,2	
United,13	
Velvet,6	
Vietnam,9	
Vietnamese,2	
Virginia,1	
WASHINGTON,1	
WTO,1	
Wallace,1	
Wang,3	
Warren,11	
Washington,6	
Watergate,1	
Wei,1	
Western,2	
Whether,1	
White,3	
Winter,2	
Without,1	
World,1	
Yang,1	
Year,1	
Yeri,1	
Yerim,1	
Yisaid,1	
York,1	
Zhu,1	
Zongpeng,1	
ability,4	
abrupt,1	
absence,1	
abuses,1	
acceptance,1	
accepting,1	
access,5	
accomplish,2	
accordance,1	
according,3	
accusations,1	
acknowledge,1	
across,2	
actions,2	
activists,1	
activities,2	
add,1	
adding,3	
administration,5	
adopted,1	
advance,1	
adviser,2	
advocates,1	
aerospace,2	
affected,1	
afraid,1	
agency,1	
aggressive,2	
aggressively,1	
agree,1	
agreed,2	
agreement,5	
ahead,2	
aides,3	
aims,1	
aircraft,1	
alarming,1	
allegations,1	
allies,3	
allow,1	
allowed,1	
ally,1	
almonds,1	
almost,1	
alone,1	
along,1	
already,1	
also,9	
aluminum,5	
ambitions,1	
ambitious,1	
amid,6	
among,3	
amounted,1	
analysis,1	
angered,1	
announcement,2	
another,4	
anything,2	
apparently,1	
appeal,3	
appearance,2	
appeared,1	
apples,1	
approval,1	
approving,1	
area,1	
areas,3	
argument,2	
around,1	
art,2	
artificial,2	
artillery,1	
asked,1	
aspect,1	
assumed,1	
assuming,1	
astrophysicist,1	
athletes,1	
atmosphere,7	
attack,1	
attempt,1	
attended,1	
attention,2	
attorney,3	
audience,1	
authoritarian,1	
authority,3	
automakers,1	
avoid,2	
back,2	
backing,1	
balcony,1	
ballistic,1	
band,1	
barriers,1	
base,1	
based,1	
basic,1	
become,1	
beef,1	
began,1	
begins,1	
better,2	
bigger,2	
biggest,1	
bilateral,4	
billion,14	
bits,1	
boost,1	
border,2	
bourbon,1	
branch,3	
break,1	
breakthrough,1	
brief,1	
briefing,1	
bring,1	
bringing,1	
broadcast,1	
budget,1	
build,2	
building,1	
burn,1	
burned,1	
burnt,4	
busiest,1	
business,1	
butter,1	
buys,1	
call,1	
called,3	
calling,1	
campaign,1	
candidate,1	
cannot,3	
cant,1	
capitalist,1	
car,1	
careful,1	
carry,2	
cars,1	
case,2	
caught,1	
cause,1	
cellphone,1	
censorship,1	
censure,2	
certainly,1	
chairman,1	
chairmanship,1	
challenge,2	
challenging,1	
chamber,1	
chances,2	
change,2	
chaos,2	
chaotic,2	
cheerleaders,1	
chief,1	
chips,2	
chirpy,1	
choice,1	
choose,1	
cite,1	
cities,1	
citizens,1	
claim,2	
claims,1	
clapped,2	
clapping,1	
clash,1	
clear,2	
close,1	
closely,1	
closer,2	
coast,1	
coherent,2	
colleagues,2	
combined,2	
comes,3	
coming,1	
comment,1	
commerce,1	
commitment,2	
committee,1	
committees,1	
communications,1	
community,1	
companies,4	
compared,1	
competitive,1	
competitors,1	
complaints,2	
complex,1	
complicate,3	
components,1	
computer,1	
computers,1	
comrades,1	
concern,1	
concerned,1	
concert,5	
conference,1	
confirmed,1	
congressional,2	
consequences,2	
consequential,1	
considered,1	
consistent,1	
constitutional,1	
contact,1	
containing,1	
contempt,1	
continue,2	
continued,1	
control,5	
controls,1	
cooperation,3	
coordination,1	
corps,2	
counsel,11	
counsels,1	
counterpart,1	
counterparts,1	
countries,7	
country,5	
course,1	
covering,1	
crackdown,2	
craft,3	
creative,1	
crew,1	
crewed,1	
crisis,1	
criticized,1	
critics,2	
crooners,1	
crossed,1	
crucial,1	
culture,3	
currency,1	
current,2	
cut,3	
damaged,1	
damaging,1	
dance,1	
dangers,1	
data,2	
days,1	
deal,3	
dear,1	
debate,1	
debris,3	
decade,1	
decadent,1	
decades,3	
decide,3	
decision,1	
declare,1	
decline,1	
declined,1	
decommissioned,1	
definitely,1	
defunct,2	
degrees,2	
delayed,1	
demand,5	
demanding,2	
demands,1	
democracy,1	
denied,1	
denuclearization,1	
deny,1	
departed,1	
depend,1	
depress,2	
depressed,1	
deputy,2	
described,1	
designer,1	
despite,2	
details,2	
detects,1	
deter,1	
devaluation,1	
development,4	
deviated,1	
didnt,1	
different,2	
difficult,1	
diminished,1	
diplomat,2	
diplomatic,4	
direct,2	
directly,1	
director,1	
disbanded,1	
disclose,2	
discovered,1	
discuss,1	
discussed,1	
discussion,1	
discussions,1	
dismiss,2	
dismissal,2	
dispute,4	
disputes,11	
divisions,1	
divulging,1	
docking,2	
doesnt,1	
done,1	
dont,1	
downplay,1	
downside,1	
drafted,1	
dramas,1	
dramatic,1	
drilling,1	
drives,1	
drop,1	
drugmakers,1	
dtente,2	
duties,4	
ear,1	
earlier,6	
early,1	
economic,7	
economies,1	
economist,1	
economists,2	
economy,1	
effect,2	
effective,1	
effectively,2	
effort,1	
efforts,4	
either,1	
election,1	
elections,1	
elite,1	
emerged,1	
emphasize,1	
employee,1	
enacting,1	
end,1	
enforcement,1	
engagement,1	
engines,2	
ensure,1	
entered,1	
environment,1	
envy,1	
erupted,1	
escalating,2	
establishing,1	
even,6	
evening,1	
event,2	
eventually,1	
ever,1	
evidence,2	
exactly,1	
exceeded,1	
exchange,3	
exchanged,1	
executive,3	
exemptions,1	
expand,4	
expansion,4	
expect,1	
expected,7	
expects,1	
experience,1	
experimental,1	
experiments,1	
expert,1	
experts,4	
explicit,1	
exploit,2	
exporters,1	
exports,7	
extremely,1	
faces,1	
facing,1	
facts,2	
fails,1	
failure,1	
falling,1	
fallout,1	
falls,1	
famous,1	
fanfare,1	
far,2	
farm,1	
farmers,1	
fashion,1	
fastest,1	
fate,1	
father,1	
favorite,1	
favors,1	
fear,1	
fears,3	
featuring,1	
fed,1	
feel,1	
fell,2	
female,1	
fervent,1	
fight,1	
figure,1	
figures,1	
fill,1	
filled,1	
finalised,1	
financial,1	
fire,2	
fired,3	
firing,7	
firings,1	
first,6	
fit,2	
flag,1	
flew,1	
flexible,1	
flooding,1	
focused,1	
foe,1	
following,2	
follows,1	
forecast,1	
foreign,5	
former,2	
formulate,2	
forward,1	
foster,1	
four,1	
fraction,1	
free,1	
friends,1	
fruit,2	
future,1	
gamed,1	
gap,1	
gathered,1	
gelled,1	
general,3	
gestures,1	
get,4	
gets,1	
getting,1	
gift,3	
girl,4	
give,3	
given,1	
giving,1	
global,9	
goals,1	
good,6	
goods,4	
government,5	
governments,3	
gradually,1	
grand,2	
granted,1	
great,1	
grew,5	
ground,1	
group,4	
groups,1	
growing,3	
growth,4	
guide,1	
hall,1	
halted,1	
hampers,1	
hand,2	
hands,1	
happen,2	
happens,1	
hard,1	
harder,1	
harming,2	
harmonies,1	
healthy,3	
hearings,3	
heavier,1	
heels,1	
heightened,2	
helped,1	
high,1	
higher,1	
hike,2	
hikes,2	
hiring,2	
hit,3	
hold,2	
holding,1	
holiday,1	
hope,1	
host,1	
hostage,1	
hours,2	
however,1	
huge,1	
human,4	
hundreds,1	
hurtled,2	
hype,2	
hypothetical,1	
idea,1	
identified,1	
ignore,1	
immediate,1	
impact,1	
impeachment,7	
implement,2	
implications,1	
import,4	
importance,2	
important,4	
imports,4	
imposed,1	
impossible,1	
improbable,1	
improper,1	
improperly,1	
inclined,1	
include,1	
included,2	
including,6	
increase,2	
increased,2	
increasing,1	
independent,2	
independently,1	
indexes,1	
indicate,1	
indication,1	
indoor,1	
industry,4	
infectious,1	
infiltration,1	
influence,1	
information,4	
inherit,1	
insults,1	
integrate,1	
integrated,1	
intellectual,1	
intentions,1	
interest,1	
interests,4	
interference,1	
international,5	
internet,1	
interview,1	
investigating,1	
investigation,8	
investigator,4	
investment,2	
investors,1	
islands,1	
isolated,2	
issue,1	
issued,1	
issues,4	
joint,3	
jointly,2	
journalists,1	
jumped,1	
jury,2	
justice,3	
keep,2	
key,3	
kind,1	
know,1	
knowledge,1	
known,3	
laboratory,2	
landed,1	
landscape,1	
lanes,1	
large,2	
largest,2	
late,3	
later,2	
latest,1	
launched,3	
law,8	
lawmakers,1	
laws,1	
lawyer,1	
lay,1	
lead,3	
leader,5	
leaders,3	
leadership,1	
leading,1	
least,2	
leave,2	
legal,3	
legislation,4	
legislative,1	
legitimacy,1	
legitimate,1	
legs,2	
less,5	
let,1	
leverage,1	
licensing,1	
lies,1	
lieu,1	
lifted,2	
likelihood,1	
likely,5	
limit,1	
limited,1	
line,1	
lines,2	
lineup,1	
link,1	
list,4	
little,2	
living,1	
local,1	
long,1	
look,3	
looking,1	
looms,1	
lost,2	
loudly,1	
loudspeakers,1	
loyal,1	
lyrics,1	
machinery,1	
made,8	
mainly,1	
maintain,1	
maintaining,1	
major,1	
majority,2	
make,1	
makes,1	
making,2	
manage,3	
manner,1	
many,7	
marched,1	
maritime,5	
market,4	
markets,5	
massive,1	
matters,1	
may,5	
mean,1	
meant,1	
measure,2	
measures,1	
media,2	
meet,3	
meeting,3	
meetings,1	
member,2	
members,3	
memory,2	
mess,1	
message,1	
messier,1	
met,1	
middle,3	
midterm,1	
might,5	
miles,1	
militarising,1	
militarization,1	
military,2	
minister,1	
ministry,1	
minority,1	
misappropriated,1	
misdirected,3	
missile,1	
missiles,1	
mission,1	
missions,1	
mistakenly,1	
mix,1	
moderate,1	
month,2	
months,1	
mosquito,1	
move,4	
moves,1	
movies,1	
much,4	
mud,1	
multilateral,1	
music,1	
musical,1	
musicians,2	
must,1	
mutual,2	
name,2	
nasty,1	
national,1	
natural,1	
near,1	
nearly,2	
need,1	
needs,2	
negotiations,1	
neighboring,2	
neighbors,1	
neighbours,1	
nets,1	
never,3	
news,2	
newspaper,1	
next,1	
night,2	
nominations,1	
nominees,1	
normal,1	
north,1	
northern,1	
northwest,1	
nuclear,5	
objected,1	
objectives,1	
objects,1	
obstruct,1	
obstruction,1	
occurred,1	
ocean,2	
odds,1	
official,1	
officials,11	
offset,1	
often,1	
oil,1	
older,1	
ongoing,1	
online,1	
open,4	
opened,1	
opening,2	
openly,1	
operations,1	
options,3	
oranges,1	
orbit,4	
orbited,1	
order,2	
ordered,3	
ordinary,1	
organizations,1	
originally,1	
others,1	
ousted,1	
outcome,1	
outcrops,1	
outlook,2	
outperforming,1	
outspoken,1	
overseas,1	
overseeing,1	
painful,1	
panel,1	
parallels,1	
part,6	
particularly,1	
parties,2	
partly,1	
partner,1	
partners,1	
parts,2	
party,1	
partys,1	
pass,1	
passed,1	
passes,1	
passing,1	
past,2	
path,2	
pay,1	
peace,1	
peacefully,1	
peanut,1	
peninsula,1	
people,2	
percent,25	
perfecting,1	
perform,4	
performance,1	
performances,2	
performed,1	
performers,1	
period,2	
permanent,2	
person,1	
photo,1	
pieces,1	
place,3	
plane,1	
planned,2	
planning,1	
platform,2	
played,1	
pleaded,1	
pledges,1	
point,1	
points,1	
policies,1	
policy,9	
policymakers,4	
political,5	
politician,1	
politicians,2	
pool,1	
pop,5	
popular,1	
pork,4	
posed,1	
poses,1	
posing,1	
positions,1	
positive,2	
possibility,1	
possible,3	
post,1	
posts,1	
posture,1	
potential,5	
potentially,2	
power,3	
practical,1	
predicted,1	
premier,1	
prepared,1	
prepares,1	
present,1	
preserving,1	
president,8	
presidential,3	
presidents,3	
press,2	
pressure,2	
pressures,1	
previous,1	
price,1	
primary,1	
prison,1	
privately,1	
probably,1	
procedures,1	
proceed,1	
proceedings,1	
process,1	
product,1	
products,5	
program,2	
programme,1	
project,1	
projects,1	
promote,1	
promotion,1	
prompt,1	
prompting,1	
prompts,1	
pronounced,1	
proper,1	
propose,1	
proposed,1	
prosecutor,1	
protect,1	
protected,1	
protectionism,2	
protections,1	
proved,1	
proven,1	
provided,1	
provincial,1	
psychological,1	
public,1	
publicly,1	
published,1	
punish,1	
punishing,1	
punitive,1	
purse,1	
push,1	
pushing,1	
put,2	
questions,1	
quo,1	
quotas,1	
quoted,2	
raise,3	
raised,3	
raising,1	
range,2	
rank,1	
rash,1	
rather,1	
reach,2	
reached,1	
react,1	
readings,1	
real,1	
realistic,1	
reality,1	
realize,1	
recalibrate,1	
recalibrating,2	
received,1	
recent,2	
recently,2	
reciprocated,1	
reconsider,1	
record,1	
recorded,1	
records,1	
recourse,1	
recovered,1	
recovery,1	
red,2	
reduce,2	
reefs,1	
referring,1	
reflected,1	
refrain,1	
region,3	
regular,1	
reinstated,1	
reinstating,2	
reiterating,1	
reject,1	
rejected,1	
rejecting,1	
relations,4	
relationship,2	
remain,1	
remedy,1	
remnants,2	
remote,1	
remove,1	
removing,1	
repeatedly,1	
repercussions,1	
replace,1	
replaced,1	
reported,1	
reportedly,2	
reporters,7	
reporting,1	
reports,2	
represented,1	
reprimand,1	
require,1	
resisted,1	
resolution,1	
resolved,1	
resolving,3	
resources,2	
respect,2	
respond,3	
responding,1	
response,1	
responsibility,1	
rest,1	
restore,1	
restraint,2	
restrictions,1	
result,1	
resulted,2	
resulting,1	
results,1	
resurgence,2	
retailers,1	
retake,1	
retaliate,1	
rethink,1	
return,1	
revise,1	
revised,2	
rhetoric,1	
rich,1	
right,2	
rights,5	
rising,2	
risk,2	
risks,1	
risqu,1	
rockers,1	
rocky,1	
role,1	
rolling,1	
routinely,1	
rubbish,1	
rule,2	
rules,1	
ruling,2	
safekeeping,1	
sanctions,1	
sang,1	
sap,1	
saw,1	
saying,2	
says,3	
scheduled,1	
scientists,1	
scrap,1	
screech,1	
sea,4	
searching,1	
seated,1	
second,1	
secrecy,1	
secret,1	
secretary,2	
security,1	
see,4	
seeking,1	
seem,1	
seen,3	
sees,1	
selling,1	
send,1	
sending,1	
senior,1	
sent,3	
separate,1	
series,1	
serious,2	
seriously,2	
served,1	
service,2	
serving,1	
settle,2	
settling,2	
seven,1	
several,2	
sexy,1	
share,1	
shared,3	
shifted,1	
shipments,1	
shook,1	
short,1	
show,4	
showed,2	
shows,1	
side,2	
sides,4	
sideshow,1	
sideways,1	
sign,1	
signaled,1	
since,2	
singer,3	
singers,4	
sits,1	
situation,1	
situations,1	
skewed,1	
skirts,1	
slap,1	
sleep,1	
slight,1	
sling,1	
slower,1	
smaller,1	
smartphones,1	
smiled,1	
smoothly,1	
smuggled,1	
society,1	
soft,1	
sold,1	
soldiers,1	
solution,1	
someone,1	
sometime,1	
somewhere,1	
song,1	
songs,3	
sooner,1	
sort,1	
sorted,1	
south,1	
southern,1	
space,15	
spacecraft,2	
spat,1	
special,13	
specifics,1	
spectacle,1	
speculation,1	
spoken,1	
spread,1	
spurred,1	
square,1	
stability,1	
stable,1	
stadium,1	
stance,1	
stand,2	
standoff,1	
stands,2	
star,1	
stars,1	
starting,1	
state,2	
statement,3	
station,9	
status,1	
stave,1	
steady,2	
steals,1	
stealth,1	
steel,6	
step,1	
stepped,1	
steps,3	
still,2	
stock,1	
stocks,1	
stood,1	
stop,2	
stops,1	
story,4	
strengthen,1	
striking,1	
strings,1	
strong,2	
struggling,1	
studied,1	
stumbled,1	
subject,1	
submit,1	
subpoena,1	
subpoenaed,1	
subsidies,1	
success,1	
sudden,1	
suggest,1	
suggested,1	
suggestion,1	
summer,1	
summit,1	
support,6	
supportive,1	
supports,1	
sure,1	
surface,1	
surplus,6	
surprising,1	
surveillance,1	
survey,1	
survive,1	
sustainable,1	
swift,1	
system,3	
systematically,1	
table,1	
tabloid,1	
taking,4	
talking,2	
talks,4	
tapped,1	
targets,2	
tariff,10	
tariffs,5	
team,2	
technology,6	
tectonic,1	
teenager,1	
teeth,1	
telegraphing,1	
tell,2	
telling,1	
temporarily,1	
tense,1	
tensions,3	
terrible,1	
territory,1	
test,1	
testify,1	
tests,2	
thank,1	
thats,1	
theater,1	
theme,1	
theres,1	
theyre,1	
thing,1	
things,1	
think,3	
though,4	
thoughts,1	
thousands,1	
threat,3	
threaten,1	
threatened,1	
threats,1	
throttling,1	
thumb,1	
thunderous,1	
tied,1	
ties,3	
tightened,1	
time,5	
together,1	
took,1	
top,6	
total,2	
totaled,1	
touted,1	
toward,7	
town,1	
tracked,1	
tracks,1	
trade,23	
trading,3	
train,1	
translates,1	
traveled,1	
trend,1	
tried,1	
trillion,2	
trip,1	
trouble,1	
troupe,2	
troupes,1	
trusted,1	
truth,1	
try,1	
trying,2	
tumultuous,1	
tunes,1	
turn,1	
turned,1	
turnover,1	
two,13	
typical,1	
ultimate,1	
ultimately,2	
uncertainties,1	
unclear,3	
undermine,2	
undermining,1	
underneath,1	
understaffing,1	
understand,2	
understanding,1	
understandings,1	
unified,1	
unilateral,3	
unleashed,1	
unlikely,1	
unnecessary,1	
unusual,1	
urge,1	
using,1	
vacant,1	
vast,1	
vastly,1	
veiled,1	
verifiable,1	
version,1	
vice,1	
videos,1	
view,1	
vigorous,1	
village,1	
visit,8	
visited,1	
voted,1	
voters,4	
wait,1	
waking,1	
want,1	
war,7	
warning,2	
warrant,1	
wary,1	
watch,1	
watched,4	
watching,3	
waters,1	
way,1	
ways,1	
weak,1	
weapons,1	
website,1	
week,5	
weeks,1	
weighed,1	
well,3	
whether,3	
whole,1	
whose,5	
wield,1	
wife,2	
willing,3	
willingness,1	
within,4	
without,3	
word,1	
work,1	
workers,1	
world,1	
worries,2	
worry,3	
worth,1	
writes,1	
year,11	
years,1	
yet,2	
younger,1	
