word,count	
ALBUQUERQUE,1	
AMC,1	
AMISOM,5	
AMLO,1	
AMMAN,1	
ANAYAThe,1	
ANGELES,3	
ANSA,1	
ANTONIO,1	
ARLINGTON,1	
Aaron,1	
Abd,1	
Abdel,1	
Abdelaziz,2	
Abdi,1	
Abdul,1	
Abelardo,1	
Abu,4	
Abusada,1	
Academy,1	
Acclaimed,1	
Accrediting,3	
Acrimony,5	
Act,2	
Action,8	
Acton,2	
Actor,8	
Actress,4	
Actually,1	
Adam,1	
Additional,4	
Advanced,1	
Advisors,1	
Advisory,1	
Advocates,1	
Aeroflot,1	
Afghan,31	
Afghanistan,12	
Afghanistans,1	
Afghans,3	
Africa,2	
African,5	
Agency,1	
Agents,1	
Agha,1	
Agreement,5	
Ahmad,1	
Air,8	
Aircraftsman,1	
Airport,1	
Aji,1	
Aka,1	
Alabama,2	
Alawite,1	
Albert,2	
Alberto,1	
Aleppo,1	
Alex,1	
Alexa,2	
Alexander,1	
Alexandra,1	
Alfonso,1	
Ali,3	
Alice,1	
Alito,1	
Allen,1	
AllianceBernstein,1	
Allied,1	
Alma,1	
Almost,1	
Alter,1	
Alton,1	
Altuve,1	
Amazon,5	
Amazons,2	
Amendment,1	
America,14	
American,66	
Americans,16	
Americas,1	
Amie,1	
Amnesty,2	
Among,2	
Amsterdam,7	
Analysts,1	
Anaya,4	
Anchorage,1	
Andover,1	
Andres,4	
Andrew,4	
Andrews,2	
Andy,1	
Angel,2	
Angela,1	
Angeles,4	
Anglican,2	
Animation,1	
Ankaras,1	
Anna,1	
Anne,1	
Annette,1	
Another,3	
Antebellum,1	
Antonio,4	
Anything,1	
Apostle,3	
Apple,4	
Apples,1	
April,21	
Arab,2	
Arabia,1	
Arabic,2	
Aramco,1	
Arbenz,3	
Ark,1	
Armed,2	
Army,25	
Aron,1	
Arrivals,4	
Artema,1	
Arthur,1	
Asa,1	
Ashby,3	
Asia,2	
Asian,6	
Aside,1	
Assad,2	
Associated,2	
Association,7	
Astana,1	
Astros,2	
Asylum,1	
Athletes,1	
Atlanta,1	
Atlantic,1	
Aug,1	
August,1	
Augusto,1	
Aung,2	
Aurora,1	
Austin,1	
Australia,5	
Australian,2	
Australias,1	
Authority,2	
Autnoma,1	
Autopilot,1	
Avengers,1	
Avery,1	
Avigdor,2	
Aviv,1	
Award,2	
BACKErlin,1	
BAPTISM,1	
BASEBALL,1	
BBC,1	
BDP,2	
BEACH,3	
BEIJING,3	
BEIRUT,2	
BERLIN,1	
BERRYVILLE,1	
BFG,1	
BLOOD,1	
BOSTON,1	
BUCKWILD,1	
Baaghi,1	
Babur,4	
Back,1	
Baek,1	
Baltimore,2	
Band,1	
Bang,1	
Bani,1	
Banister,1	
Bank,7	
Banks,1	
Bankss,1	
Bantam,1	
Baptist,3	
Barack,3	
Barbara,2	
Barber,1	
Barbini,1	
Barbisan,1	
Bareilles,1	
Barely,1	
Barfield,1	
Barnes,1	
Barno,2	
Barrios,1	
Barrs,1	
Barry,2	
Bart,1	
Bartolo,1	
Bartolomeo,1	
Baseball,2	
Bashar,4	
Basilica,2	
Basketball,1	
Baton,1	
Battle,1	
Baxter,1	
Beach,8	
Beautiful,1	
Bedford,2	
Beijing,9	
Belgian,1	
Bell,1	
Belt,1	
Ben,9	
Bending,1	
Benedict,3	
Benioff,1	
Benito,2	
Benjamin,2	
Berating,1	
Berryville,2	
Bertelsen,1	
Bethany,2	
Bethlehem,1	
Betsy,1	
Bettis,1	
Beverly,1	
Bible,2	
Big,2	
Bijou,1	
Bilal,1	
Bilateral,1	
Bild,1	
Bill,2	
Billy,1	
Binh,1	
Bismarck,2	
Black,18	
Blanchard,1	
Blockers,2	
Bloomberg,2	
Blue,1	
Board,1	
Bob,1	
Bolton,3	
Bonham,1	
Border,13	
Borneo,1	
Boston,4	
Botswana,2	
Bouchon,1	
Bowl,3	
Box,1	
Boycott,1	
Boyle,1	
Brad,1	
Brady,1	
Branch,1	
Branchs,1	
Brandon,4	
Braun,2	
Bregman,1	
Brent,1	
Brewers,2	
Brian,3	
Bridge,1	
Brief,1	
Briefing,4	
Briefings,1	
Britain,12	
British,20	
Broadcasting,2	
Brokaw,1	
Brom,2	
Brooklyn,4	
Bros,2	
Brown,2	
Browse,1	
Bryan,1	
Bulamarer,2	
Bulls,1	
Bullwinkle,1	
Bundo,1	
Burr,1	
Burt,1	
Bus,1	
Butterfield,1	
BuzzFeed,1	
Buzzfeed,1	
Byzantine,1	
CBW,1	
CHILD,1	
CHRIST,1	
CITY,5	
CIUDAD,1	
COLD,1	
CONCERT,1	
Cadillac,1	
Cafe,1	
Cain,9	
California,2	
Californias,1	
Call,1	
Camembert,1	
Campaign,1	
Canaans,1	
Canada,6	
Canadian,1	
Canadians,1	
Canal,1	
Candy,1	
Cannon,1	
Capital,1	
Caravan,1	
Caravans,2	
Carbone,2	
Cardinals,1	
Career,2	
Carl,2	
Carlos,3	
Carnegie,1	
Carolina,3	
Carrefour,1	
Carter,1	
Casablanca,1	
Casey,2	
Cashman,3	
CasselmanJerome,1	
Castle,1	
Catch,2	
Cathedral,2	
Catherine,1	
Catholic,4	
Catholicism,1	
Catholics,1	
Celebrate,1	
Celtics,6	
Center,4	
Centers,1	
Centocelle,1	
Central,15	
Century,6	
Chad,4	
Chamber,2	
Chan,1	
Chancellor,1	
Chang,2	
Chaos,1	
Charles,3	
Charleston,1	
Charlie,3	
Chemical,1	
Chess,1	
Chiapas,1	
Chicago,6	
Chicagos,1	
Childhood,4	
China,34	
Chinas,1	
Chinese,21	
Cho,4	
Choe,1	
Chris,1	
Christ,6	
Christian,16	
Christians,3	
Christine,3	
Christmas,2	
Christopher,1	
Chuck,1	
Chung,2	
Church,9	
CinemaScore,2	
Citizens,1	
City,13	
Ciudad,7	
Civil,4	
Clark,1	
Clarks,1	
Classics,1	
Claudia,1	
Clayton,1	
Clearly,1	
Cleave,1	
Cleveland,1	
Cliff,1	
Clifford,1	
Clinton,2	
Clintons,2	
Club,1	
Coffee,1	
Coffman,2	
Col,1	
Cold,5	
Cole,4	
College,3	
Colleges,5	
Collins,1	
Colombia,1	
Colon,1	
Colorado,3	
Colorados,1	
Columbia,2	
Comcast,1	
Coming,2	
Commanders,1	
Commerce,2	
Commission,1	
Committee,4	
Common,1	
Communist,2	
Companies,1	
Company,3	
Competition,1	
Comstock,3	
Comstocks,1	
Concerts,1	
Confederate,1	
Conference,5	
Congo,1	
Congress,17	
Congressional,2	
Conn,1	
Connecticut,2	
Conroy,3	
Consider,1	
Contact,1	
Conway,1	
Cook,4	
Cooke,1	
Cooney,3	
Cooper,1	
Coordinating,1	
Coretta,1	
Corinthian,1	
Corona,1	
Corporation,1	
Corps,6	
Correa,1	
Council,6	
Country,2	
Court,6	
Courtin,1	
Cowan,2	
Cowboy,7	
Cpl,1	
Cradle,1	
Crazy,1	
Criminal,1	
Criticizing,1	
Cross,3	
Cruz,1	
Cruzs,1	
Crystal,1	
Cultural,2	
Culture,3	
Cumberbatch,3	
Curbelo,1	
Currently,1	
Currie,1	
Curt,2	
Customs,1	
Cynthia,1	
DACA,17	
DEAL,1	
DIEGO,1	
DMV,1	
DOG,1	
DVD,1	
DVDs,1	
Dakota,3	
Dale,1	
Dallas,1	
Damascus,11	
Dame,1	
Dan,2	
Daniel,3	
Daniels,1	
Darkness,1	
Darvish,1	
Dave,1	
David,7	
Davies,4	
Dawlat,1	
Day,2	
Days,1	
DeMar,1	
DeRozan,2	
DeShields,1	
DeVos,3	
Dead,3	
Deane,6	
December,4	
Declaring,1	
Defence,1	
Defender,1	
Defense,8	
Deferred,4	
Delino,1	
Delphine,1	
Demand,1	
Democracy,1	
Democrat,8	
Democratic,15	
Democrats,17	
Depardieu,1	
Department,13	
Departments,1	
Deputy,1	
Dergarabedian,4	
Despite,1	
Determined,1	
Diane,2	
Diaz,2	
Diego,3	
Directed,1	
Disney,5	
District,5	
Division,2	
Dixon,1	
Dodd,2	
Dodgers,2	
Dogs,3	
Donald,26	
Donker,1	
Dorothy,1	
Douglas,2	
Doukeris,1	
Douma,25	
Dowling,1	
Dream,2	
DreamWorks,1	
Dreamer,3	
Dreamers,5	
Dretzin,1	
Drew,1	
Driven,1	
Dudley,1	
Dust,1	
Dutch,7	
Dwayne,1	
Dwight,2	
Dylan,1	
EASIEST,1	
ESPN,2	
Earths,1	
East,7	
Easter,37	
Eastern,4	
EasyJet,1	
Ebert,16	
Economic,1	
Economists,1	
Editing,14	
Education,9	
Educational,1	
Edward,1	
Edwards,3	
Efrain,5	
Efran,2	
Egg,3	
Egypt,2	
Eight,1	
Eisenhower,1	
Elections,1	
Elementary,1	
Elizabeth,7	
Elizabeths,1	
Elko,2	
Ellis,2	
Ellison,1	
Elon,2	
Elvis,1	
Embassy,1	
Emily,1	
Empire,1	
Employers,1	
England,4	
English,1	
Enrique,3	
Entertainment,2	
Entry,1	
Episcopal,2	
Erdogan,2	
Eric,3	
Erlin,2	
Ernest,2	
Ethiopian,1	
Eugene,1	
Eugenio,1	
Europe,2	
European,13	
Evan,1	
Evans,2	
Eve,1	
Even,5	
Evening,2	
Every,1	
Everytown,1	
Excellence,1	
FEEDERSBefore,1	
Facebook,15	
Facebooks,4	
Failaq,2	
Fair,1	
Falk,1	
Falwell,1	
Famer,1	
Faqir,1	
Farah,2	
Fatah,1	
Fattah,1	
Faylaq,3	
Features,1	
Feb,3	
February,13	
Federal,2	
Federica,1	
Feds,1	
Feisal,1	
Felipe,1	
Field,1	
Fifty,3	
Filipina,1	
Filmed,1	
Filmyard,1	
Fin,1	
Final,2	
Finally,1	
Finance,4	
Financing,1	
Finckel,2	
Fisher,2	
Five,1	
Fla,4	
Flake,1	
Flores,1	
Florida,6	
Flying,2	
Focus,2	
Following,1	
Fools,2	
Force,7	
Foreign,6	
Forks,1	
Former,5	
Foundation,3	
Four,2	
Fox,16	
France,3	
Francesco,1	
Francis,13	
Francisco,2	
Frank,1	
Fred,1	
Frederick,1	
Free,7	
Freking,1	
French,2	
Friday,19	
Friends,6	
Front,1	
Fronteras,2	
Fuller,1	
Fund,1	
Fury,5	
GABORONE,1	
GOP,1	
GUATEMALA,2	
Gabba,1	
Gail,1	
Galilee,1	
Gallo,1	
Galvis,1	
Gambia,1	
Game,3	
Games,1	
Gandee,1	
Gangnam,1	
Garca,1	
Garden,3	
Garibo,1	
Garland,1	
Gaskins,1	
Gate,1	
Gathering,1	
Gattis,1	
Gay,2	
Gaye,1	
Gaza,14	
Gazan,1	
Gazans,1	
Geertruida,1	
Gems,1	
Gen,8	
General,11	
Generation,1	
George,4	
Georgians,1	
Gerald,1	
Gerard,1	
German,5	
Germans,1	
Germany,5	
Gerrit,4	
Ges,4	
Gess,2	
Getting,3	
Ghadir,1	
Ghotua,1	
Ghouta,13	
Giants,1	
Ginni,3	
Giuseppe,1	
Gives,1	
Glenn,3	
Glickman,2	
Global,1	
Globally,1	
Gnomes,1	
God,4	
Going,1	
Golden,1	
Goldsboro,1	
Goldstein,1	
Gonzo,1	
Google,2	
Gopalakrishnan,1	
Gordon,1	
Gov,3	
Government,2	
Governors,1	
Graham,7	
Grand,4	
Grant,1	
Grassley,1	
Grassleys,1	
Great,4	
Greek,1	
Green,4	
Greenham,1	
Gresback,1	
Griffin,1	
Group,2	
Guadalupe,1	
Guarneri,4	
Guarnerius,1	
Guatemala,14	
Guatemalan,13	
Guatemalans,2	
Guevara,2	
Guidance,1	
Gun,3	
Gunderson,2	
Gurriel,3	
Guterres,1	
Guthrie,2	
Gymnasium,1	
HANOI,1	
HAPPY,2	
HARTFORD,1	
HBOs,1	
HEALTHYPlaying,1	
HILLS,1	
Hader,1	
Hair,1	
Haji,1	
Hall,4	
Halo,4	
Hamas,17	
Hamass,2	
Hamilton,2	
Hampshire,4	
Han,1	
Haniya,1	
Hanyu,1	
Happy,2	
Harrell,1	
Harris,3	
Hastings,1	
Haunted,1	
Hawk,3	
Hawking,2	
Hay,2	
Hayes,2	
Health,1	
Heathrow,1	
Heavens,1	
Hee,1	
Heekyong,1	
Heiko,2	
Helena,1	
Helicopter,1	
Hell,1	
Helmand,2	
Helsinki,1	
Henritte,1	
Henson,6	
Hensons,2	
Herat,1	
Heres,8	
Heritage,2	
Hernndez,1	
Hero,1	
Herod,1	
Het,1	
Hey,2	
Hezbollah,1	
Hicks,1	
High,4	
Highland,1	
Highlight,1	
Hill,1	
Hillary,3	
Hills,2	
Hinch,2	
Hispanics,2	
History,4	
HistoryToday,1	
Hockey,1	
Hoffman,1	
Hofman,1	
Holdings,1	
Holes,1	
Holland,1	
Hollenbeck,2	
Hollywood,10	
Hollywoods,1	
Holmes,2	
Holocaust,2	
Holt,1	
Holy,7	
Homeland,2	
Homero,1	
Honda,1	
Honduran,1	
Honduras,2	
Hong,1	
Hoopes,21	
Hoopess,2	
Hope,5	
Hopes,1	
Horford,1	
Hosmer,1	
House,15	
Housing,1	
Houston,5	
Hubert,1	
Huckabee,1	
Hudson,1	
Huehuetenango,3	
Hughes,1	
Hulst,17	
Human,3	
Humane,1	
Humphrey,1	
Hundreds,1	
Huntington,1	
Hwi,1	
Hyundai,1	
IBM,2	
ICE,1	
IFC,1	
INNOCENCEAn,1	
ITT,1	
Ian,3	
Ibaka,2	
Idlib,4	
Ill,1	
Imagine,3	
Imitation,1	
Independent,3	
India,2	
Indian,3	
Indiana,1	
Inequality,1	
Infantry,1	
Infinity,2	
Inn,1	
Inspector,1	
Institute,3	
Institutional,4	
Integrity,1	
Intelligence,2	
InterMedia,1	
Interbank,1	
Interior,1	
International,5	
Internet,1	
Investment,1	
Iowa,1	
Iran,2	
Iranian,1	
Iraq,1	
Irving,1	
Isaac,1	
Isabelle,1	
Islam,19	
Islamic,6	
Islamist,2	
Isle,3	
Isley,1	
Ismail,1	
Israel,25	
Israeli,27	
Israelis,4	
Israelites,1	
Israels,4	
Italian,1	
Italy,5	
Ive,2	
Ixil,4	
Ixtepec,2	
Iyad,1	
JERUSALEM,2	
JESUS,1	
JUAREZ,1	
Jack,2	
Jackson,1	
Jacob,1	
Jacobo,3	
Jaguars,1	
Jaime,1	
Jaish,5	
James,2	
Jamie,1	
Jamous,2	
Jan,2	
Jane,1	
Janette,1	
January,6	
Japan,3	
Japanese,2	
Jarablus,2	
Jay,1	
Jayne,1	
Jeanne,2	
Jeff,5	
Jericho,1	
Jerry,2	
Jerusalem,2	
Jesse,1	
Jessica,2	
Jesus,11	
Jesuss,1	
Jewish,4	
Jews,4	
Jiechi,1	
Jim,3	
Jimmy,3	
Jin,1	
Jinping,2	
Joanne,1	
Joey,1	
Johan,1	
Johannes,1	
John,24	
Johnny,1	
Johnson,6	
Jonathan,2	
Jones,2	
Jong,14	
Jordan,9	
Jordanian,4	
Jose,5	
Josefowicz,1	
Joseph,1	
Josh,3	
Joshua,2	
Juarez,9	
Judd,6	
Judge,3	
Judiciary,1	
July,9	
June,4	
Jurassic,2	
Justice,2	
Justin,1	
KABUL,1	
KCNA,2	
Kabul,5	
Kandahar,2	
Kansas,2	
Kashmir,1	
Kasich,3	
Katherine,1	
Kathy,1	
Keiser,2	
Keith,1	
Kelly,1	
Kellyanne,1	
Kelman,2	
Kennedys,1	
Kermit,1	
Kerner,4	
Kerry,1	
Kevin,1	
Khama,3	
Khan,2	
Khanh,1	
Killam,1	
Kim,38	
Kimmel,1	
Kims,5	
King,32	
Kingdom,2	
Kings,8	
Kirstein,3	
Kirstjen,1	
KitroeffECONOMYThe,1	
Kjell,1	
Knock,1	
Kong,1	
Korea,33	
Korean,99	
Koreans,10	
Koreas,9	
Krause,1	
Krauss,1	
Kremlin,2	
Kremlins,1	
Kunhardt,1	
Kurdish,2	
Kurds,1	
Kuwait,1	
Kuwaiti,1	
Kyi,9	
Kyle,2	
Kyrie,1	
LIVE,1	
LONDON,2	
LOPEZ,1	
LOS,3	
Labor,1	
Lack,1	
Lady,1	
Lance,1	
Land,5	
Lanni,2	
Lanter,1	
Later,2	
Latest,4	
Latin,4	
Latino,1	
Latinos,1	
Laugerud,1	
Laura,1	
Lavazza,1	
Law,1	
Lawder,1	
Lawn,1	
Leadership,3	
League,4	
Leave,1	
Lebanese,2	
Lee,3	
Leeds,1	
Leesburg,1	
Legend,4	
Leila,1	
Lemmon,2	
Lerman,1	
Let,2	
Lewis,2	
Lewiston,1	
Liberty,1	
Libor,2	
Libya,1	
Lieberman,4	
Life,3	
Light,2	
Lincoln,4	
Lindsey,2	
Line,1	
Lions,1	
Lionsgate,2	
Litchfield,1	
Literature,1	
Little,2	
Litvinenko,1	
Liu,1	
Live,2	
Lives,4	
Lizbeth,2	
Lloyd,1	
Lobo,1	
Logan,1	
London,5	
Londonderry,1	
Londons,1	
Look,1	
Lopez,22	
Lorenzo,2	
Los,5	
Lose,1	
Losses,1	
Louis,2	
Louise,2	
Lower,2	
Lowry,2	
Lucas,1	
Luftwaffe,1	
Luis,5	
Lunar,1	
Luther,6	
Luxembourg,1	
Lynch,2	
Lyndon,3	
Lynton,3	
MANUEL,1	
MEADEAt,1	
MEDIAThe,1	
MEXICO,1	
MGM,1	
MLK,3	
MOFCOM,2	
MOGADISHU,1	
MORENA,1	
MSNBC,3	
MTV,1	
MVP,1	
Maas,3	
MacGraw,1	
MacKinnon,1	
Macdonald,1	
Maddow,1	
Madeline,2	
Madrid,1	
Mae,1	
Magdalena,1	
Magdalene,1	
Maggie,1	
Maghtas,1	
Magic,1	
Main,1	
Maine,2	
Maines,1	
Maj,1	
Major,1	
Malala,1	
Malaysia,1	
Malcolm,2	
Maleeva,1	
Mali,1	
Man,1	
Manchester,2	
Manelis,3	
Mantler,5	
Manuel,4	
Mara,1	
March,31	
Marchese,1	
Marchs,1	
Margarita,1	
Marine,1	
Marines,1	
Marjory,1	
Mark,5	
Markets,1	
Marlins,1	
Marlon,1	
Marschner,1	
Martin,6	
Marvel,1	
Marvin,2	
Marxist,1	
Mary,1	
Masisi,5	
Mason,1	
Mass,4	
Massachusetts,1	
Mast,1	
Matt,2	
Matter,2	
Matthew,1	
Max,1	
Maxim,1	
May,11	
Maya,6	
Mayan,3	
McCullers,1	
McDonald,1	
McEwans,1	
McGrady,1	
McMaster,1	
McNamee,2	
Meade,4	
Meanwhile,2	
Media,4	
Mediterranean,1	
Meijer,1	
Melania,2	
Melinda,1	
Memphis,1	
Men,1	
Menchu,1	
Mendelsohn,1	
Mentioning,1	
Menuhin,2	
Merida,2	
Merkel,1	
Merrill,1	
Meryl,1	
Method,1	
Mets,1	
Mexican,9	
Mexicans,5	
Mexico,50	
Miami,1	
Mica,1	
Michael,7	
Michigan,1	
Microsoft,1	
Middle,3	
Middlebury,1	
Mideast,1	
Mike,3	
Mikolas,1	
Milan,1	
Miles,2	
Military,2	
Miller,3	
Milwaukee,3	
Mine,2	
Minh,3	
Minister,13	
MinisterWang,1	
Ministry,11	
Minneapolis,1	
Minnesota,3	
Minor,2	
Minutes,1	
Miramax,1	
Miss,1	
Mission,1	
Misuses,1	
Mitchell,2	
Moein,1	
Moeti,1	
Mogadishu,3	
Mogherini,1	
Mohammed,1	
Mokgweetsi,1	
Mona,1	
Monday,10	
Montana,1	
Monteith,1	
Montgomery,4	
Montt,44	
Montts,3	
Moon,6	
Moral,1	
Morales,1	
Moranbong,1	
Morning,3	
Morris,8	
Morristown,1	
Morton,1	
Moscow,5	
Moses,1	
Mother,1	
Motion,4	
Mourning,1	
Movement,2	
Movie,3	
Much,1	
Mughal,8	
Muhlenberg,1	
Mujahid,1	
Muppet,1	
Muppets,1	
Musab,1	
Museum,2	
Music,2	
Musk,1	
Musks,1	
Muslim,2	
Muslims,1	
Must,2	
Myanmar,3	
Myers,1	
NAFTA,6	
NBA,2	
NBC,4	
NEED,3	
NLD,1	
NOS,1	
NOTHING,4	
Nabi,2	
Nafta,1	
Naing,1	
Nam,1	
Nancy,2	
Nash,2	
Nasiriyah,1	
Natalie,1	
Nati,1	
Nation,1	
National,21	
Nations,6	
Native,1	
Naval,2	
Navaratnam,1	
Nazareth,1	
Nazi,3	
Nazism,1	
Nearly,2	
Neither,1	
Netanyahu,2	
Netflix,3	
Netherlands,4	
Network,1	
Networks,1	
Never,1	
News,4	
Newson,1	
Next,3	
Nicaragua,1	
Nick,1	
Nickelodeon,1	
Nickelodeons,1	
Niekro,1	
Nielsen,1	
Nieto,2	
Nigerian,1	
Nikolas,1	
Nikole,1	
Nobel,4	
Nolan,1	
Nonviolent,1	
Noor,1	
Norman,1	
North,86	
Northern,1	
Norths,1	
Nos,1	
Nothing,1	
Nov,1	
November,3	
Novichok,2	
Nuclear,2	
Nunzio,1	
Nur,2	
OUTA,1	
Oakland,1	
Oatis,2	
Oaxaca,1	
Obama,14	
Obrador,22	
Observatory,4	
Occupy,1	
Ocean,1	
Ochoa,1	
Oct,1	
October,4	
Offered,1	
Office,2	
Ogah,8	
Ogahs,1	
Ohio,3	
Okinawa,1	
Oklahoma,2	
Olivia,1	
Olympic,1	
Olympics,3	
Operations,1	
Option,2	
Orbi,4	
Orchestra,2	
Organization,6	
Orlando,1	
Orlofsky,1	
Orthodox,2	
Osman,1	
Oval,1	
Overnight,1	
Owners,1	
Oxygen,1	
Oyelowo,1	
PALM,3	
PAN,4	
PBS,1	
PRI,5	
PROGRESSCeltics,1	
Pacific,3	
Padres,3	
Paige,1	
Pakistan,1	
Pakistans,1	
Palace,1	
Palestinian,16	
Palestinians,12	
Palm,8	
Panama,1	
Panther,7	
Paramount,3	
Paris,1	
Park,2	
Parkers,1	
Parkland,3	
Parks,1	
Parliament,1	
Parool,1	
Part,2	
Party,9	
Paso,2	
Passover,1	
Pat,1	
Patrol,6	
Paul,7	
Paz,4	
Pea,1	
Peace,2	
Peeps,1	
Pegg,1	
Pelosi,1	
Pena,1	
Peninsula,3	
Penns,1	
Pennsylvania,2	
Pentagon,4	
Perdomo,2	
Performance,1	
Performers,1	
Perry,2	
Persian,1	
Pete,1	
Peter,5	
Peters,3	
Pfc,1	
Pham,1	
Phil,2	
Philadelphia,2	
Philip,3	
Philippines,1	
Phillips,1	
PhillipsREGULATIONBy,1	
Picture,4	
Pictures,3	
Pimentel,2	
Pinochet,1	
Pittsburgh,1	
Pittsley,3	
Pixar,1	
Place,1	
Plainsboro,1	
Player,10	
Poetry,3	
Poland,1	
Police,2	
Policy,1	
Political,1	
Polls,1	
Polonium,1	
Pomeroy,1	
Poor,2	
Pope,9	
Porter,1	
Portillo,1	
Post,1	
Potter,3	
Powell,3	
Power,4	
Prairie,2	
President,57	
Press,3	
Prevent,1	
Price,1	
Prime,5	
Prince,1	
Princeton,1	
Prize,1	
Professor,1	
Progress,1	
Prohibition,1	
Project,1	
Promised,1	
Prosecutors,1	
Protection,1	
Protestant,2	
Province,4	
Psy,1	
Pueblo,3	
Puerto,1	
Pule,1	
Pulse,1	
Putin,3	
Putins,1	
Pyeongchang,2	
Pyongyang,21	
QASR,1	
Qasr,3	
Qiu,1	
Quality,1	
Quantico,1	
Quarter,1	
Queen,2	
Queretaro,2	
Quich,1	
Quiet,1	
Quilt,1	
Quinnipiac,1	
RAF,1	
RBI,5	
RBIs,2	
RHP,6	
Rabbit,1	
Rachel,2	
Radio,2	
Rahman,3	
Raider,2	
Raju,1	
Rakhine,3	
Ramadan,2	
Rangers,1	
Rapid,1	
Raptors,3	
Raso,1	
Rate,2	
Rather,1	
Ready,8	
Reagan,6	
Rebecca,1	
Recent,1	
Recently,1	
Recep,1	
Recession,1	
Recipe,1	
Red,18	
Redfin,1	
Reformed,1	
Regeneration,1	
Reggae,1	
Reggie,1	
Regi,1	
Regiment,1	
Reid,1	
Relativity,1	
Release,2	
Remember,1	
Renault,1	
Report,2	
Representative,5	
Representatives,1	
Repubblica,1	
Republic,3	
Republican,11	
Republicans,9	
Research,1	
Reserve,2	
Resistance,2	
Resurrection,2	
Return,2	
Reuters,5	
Rev,4	
Revival,1	
Revolutionary,3	
Reyes,1	
Ricardo,3	
Rices,1	
Rich,1	
Richard,4	
Rifle,1	
Righteous,1	
Rights,6	
Rim,5	
Rios,26	
River,4	
Riverside,1	
Rivkin,18	
Rivkins,2	
Robbie,1	
Robert,3	
Roberto,1	
Robin,1	
Robinson,3	
Roche,1	
Rock,2	
Rockwell,1	
Rocky,1	
Rodriguez,1	
Roger,1	
Rogue,1	
Rohingya,2	
Roll,3	
Roman,4	
Rome,4	
Romeo,1	
Rometty,2	
Ronald,2	
Ronen,2	
Rookie,1	
Room,1	
Ros,17	
Rosa,1	
Rosales,4	
Roseanne,2	
Rosenberg,1	
Rosie,1	
Rotten,2	
Rouge,1	
Rounds,1	
Royal,8	
Rozier,3	
Rua,1	
Rudolph,1	
Russia,21	
Russian,23	
Russias,3	
Rust,1	
Rutha,1	
Rutherford,1	
Ryan,3	
Rylance,1	
Ryukyung,1	
Ríos,1	
SAN,1	
SANA,3	
SEOUL,4	
SHANGHAI,1	
SHOW,1	
SITE,1	
SNCC,1	
SOLDIERBorn,1	
SPD,1	
SUPERSTAR,1	
Sacramento,1	
Safety,1	
Salesforce,1	
Salisbury,1	
Salman,3	
Salvador,2	
Sam,3	
Samjiyon,1	
Samuel,2	
San,7	
Sanchez,1	
Sanders,1	
Sara,1	
Sarah,1	
Saturday,18	
Saudi,5	
Schar,1	
Schmollinger,2	
School,8	
Schools,3	
Schrank,1	
Schrijver,1	
Schumer,1	
Scientific,1	
Scott,1	
Screen,1	
Sea,3	
Sean,2	
Searchlight,2	
Second,2	
Secretarial,1	
Secretary,2	
Secured,1	
Security,5	
Self,1	
Selma,1	
Selmer,1	
Sen,4	
Senate,9	
Senator,7	
Senegal,1	
Seoul,6	
September,3	
Sepulcher,1	
Sepulchre,1	
Seretse,1	
Serge,1	
Sergei,3	
Series,6	
Service,2	
Services,1	
Seulgi,1	
Several,1	
Sgt,1	
Shabaab,7	
Shabelle,2	
Shaheen,2	
Shaheens,1	
Shahs,1	
Shain,1	
Shanghai,1	
Shaun,1	
Shaw,4	
Shell,2	
Sheridan,1	
Sheriffs,1	
Sherlock,1	
Shimoni,1	
Ship,1	
Shireman,1	
Shlomo,1	
Shoon,1	
Short,1	
Shortly,1	
Show,2	
Shri,1	
Shulkin,1	
Sign,1	
Silicon,4	
Simon,2	
Sin,3	
Since,3	
Singapore,1	
Singer,2	
Site,1	
Sixth,1	
Skripal,7	
Skripals,5	
Skull,1	
Slack,1	
Slim,1	
Smithsonian,1	
Social,2	
Society,3	
Sofia,2	
Sokeel,1	
Sol,3	
Soldiers,1	
Somali,6	
Somalia,1	
Someday,1	
Something,1	
Sonnenfeld,1	
Sonntag,1	
Sony,8	
Sonys,2	
South,95	
Southeast,2	
Southern,6	
Souths,1	
Soviet,1	
SpaceX,1	
Spain,3	
Spanish,1	
Sparrow,1	
Special,2	
Spielberg,4	
Spielbergs,1	
Sports,1	
Spring,3	
Square,2	
Squeezed,1	
Sskind,1	
Stanway,1	
Starring,1	
Start,1	
Stassi,1	
State,6	
States,49	
Stella,1	
Stephen,5	
Stephon,1	
Sterling,4	
Stern,3	
Sterns,1	
Steve,3	
Steven,6	
Stevens,3	
Still,3	
Stockholm,1	
Stoll,1	
Stoneman,1	
Stonestreet,1	
Stormy,1	
Strad,11	
Stradivari,1	
Stradivarius,3	
Strads,4	
Streep,1	
Street,3	
Strip,1	
Stubby,9	
Student,1	
Students,2	
Studies,2	
Style,1	
Sudan,2	
Suheila,1	
Suleiman,1	
Summers,1	
Sunday,86	
Sundays,1	
Sunhee,1	
Sunni,1	
Super,2	
Supporters,1	
Supreme,4	
Survivors,1	
Susan,2	
Sussex,1	
Suter,1	
Suu,8	
Swat,1	
Switzerland,1	
Sydney,2	
Syria,23	
Syrian,28	
TIME,1	
TIMESBut,1	
TRADEThe,1	
Taekwondo,1	
Tait,1	
Taiwan,1	
Taliban,14	
Talibans,1	
Talked,1	
TankersleyINTERNATIONALCrown,1	
Taraji,1	
Taran,1	
Tatum,1	
Tax,1	
Taylor,3	
Tayyip,1	
Teachers,1	
Tech,1	
Technical,1	
Tel,1	
Tennis,1	
Tens,1	
Terrible,1	
Terrier,1	
Terry,3	
Tesla,5	
Test,1	
Texas,8	
Thames,1	
Thats,1	
Theater,2	
Theatre,1	
Theoharis,1	
Theran,2	
Theresa,1	
Thimmesch,1	
Third,1	
Thomas,1	
Thorn,1	
Thornton,1	
Though,2	
Thunder,4	
Thursday,5	
Ticketmaster,1	
Tiffany,1	
Tiisetso,1	
Tim,2	
Time,6	
Times,9	
Timothy,1	
Timurid,2	
Titanic,1	
Tocci,1	
Today,3	
Todd,1	
Tokyo,1	
Tolhurst,1	
Tolson,1	
Tom,2	
Tomatoes,2	
Tomb,1	
Tommy,1	
Tonight,2	
Tony,1	
Top,1	
Toronto,4	
Tracy,1	
Trade,12	
Training,1	
Travis,1	
Treasury,1	
Trey,1	
Trump,81	
Trumpian,1	
Trumps,6	
Trumpx,2	
Trust,4	
Trusts,1	
Try,1	
TsangECONOMYLast,1	
Tuesday,9	
Tulsa,1	
Turkey,6	
Turkish,2	
Turkishness,1	
Tutuola,1	
Twitter,11	
Two,5	
Tye,1	
Tyler,4	
Typically,1	
UConn,1	
UDC,1	
USA,1	
Ubers,1	
Ugandan,3	
Ukraine,2	
Ultravox,1	
Unesco,1	
Unification,1	
Union,8	
Unit,1	
United,63	
Units,1	
Universal,4	
Universidad,1	
Universiteit,2	
Universities,1	
University,8	
Uns,1	
Upholding,1	
Uprising,4	
Urbi,4	
Uses,1	
VATICAN,2	
VIP,1	
Valenti,3	
Valentis,1	
Valerie,1	
Valley,6	
Van,3	
Vashem,2	
Vatican,1	
Velvet,12	
Venezuela,3	
Vengerov,1	
Verlander,1	
Vermont,1	
Viacom,1	
Vibes,1	
Vice,1	
Victims,1	
Victor,1	
Videgaray,1	
Vietnam,8	
Vietnamese,1	
Vigil,1	
Villa,1	
Village,1	
Villanova,1	
Violence,1	
Virginia,5	
Virginias,1	
Viva,1	
Vladimir,1	
Volcovici,1	
Voting,1	
Vrije,2	
WASHINGTON,3	
WAY,1	
WEST,1	
WTO,3	
Waddie,1	
Walker,1	
Wall,1	
Wallace,2	
Wallet,1	
Wallis,2	
Walt,1	
Walter,1	
Walton,2	
Wang,1	
Want,1	
War,19	
Warner,8	
Warren,5	
Washington,30	
Waziri,2	
Wazirs,1	
Weapons,1	
Webber,1	
Wednesday,5	
Week,1	
Weekend,1	
Wei,1	
Well,2	
Weller,1	
Wes,2	
West,8	
Westerbork,1	
Western,4	
Whats,1	
WhatsApp,1	
White,11	
Wife,2	
Wil,1	
Wild,1	
WildBrain,1	
Wilderness,2	
Wilhelm,1	
William,2	
Willow,1	
Winter,4	
WisdomTree,1	
Wish,1	
Without,1	
Wood,1	
Woody,1	
Worcester,1	
Word,2	
Working,2	
World,21	
Wrinkle,2	
Writing,2	
Xernona,1	
YANGON,1	
Yad,2	
Yang,2	
Yankee,1	
Yasmn,1	
Year,2	
Years,3	
Yehudi,1	
Yelich,7	
Yeri,2	
Yerim,1	
Yes,1	
Yet,2	
Yevgeny,1	
Yevtushenko,3	
Yimou,1	
Yisaid,1	
Yong,1	
Yoon,1	
York,15	
Young,1	
Youngs,1	
Younis,1	
Yousafzai,1	
Ysae,1	
Ysaes,1	
Yucatan,1	
Yuli,1	
Yulia,2	
Yung,1	
Yuri,2	
Yuzuru,1	
Yvonne,1	
ZAVALAZavala,1	
Zach,1	
Zavala,4	
Zone,1	
Zraick,1	
Zuckerberg,1	
Zuckerbergs,1	
Zuckerman,1	
Zuniga,1	
Zury,2	
Zyg,8	
Zygmuntowicz,9	
Zygmuntowiczs,2	
Zygs,3	
abandon,2	
abandoned,3	
ability,1	
able,8	
aboard,1	
abroad,4	
absence,1	
absent,1	
absolute,1	
absorb,1	
abuse,1	
academics,1	
academy,1	
acceptance,1	
accepted,3	
accepting,1	
access,10	
accidental,1	
acclaiming,1	
accolades,1	
accommodate,1	
accommodating,2	
accompanied,2	
accompanying,1	
accomplice,1	
accomplished,1	
according,37	
accords,1	
account,3	
accountability,2	
accountable,1	
accounted,1	
accounts,2	
accreditation,3	
accredited,3	
accrediting,8	
accreditors,4	
accurate,1	
accusations,4	
accused,6	
accuses,3	
achieved,2	
achieving,1	
acknowledge,2	
acknowledged,2	
acknowledgment,1	
acquire,2	
acquired,2	
acquittal,1	
across,18	
act,1	
acted,4	
action,4	
actioner,1	
actions,4	
active,4	
actively,2	
activism,4	
activist,5	
activists,11	
activities,2	
activity,2	
actors,2	
actress,1	
acts,3	
actual,1	
actually,4	
adapt,1	
adaptation,1	
add,1	
added,13	
adding,8	
addition,1	
additional,5	
address,8	
addressed,5	
addressing,2	
adds,1	
adhered,1	
adjoining,1	
adjusted,1	
adjusting,1	
administration,28	
administrations,2	
administrative,1	
admired,1	
admirer,1	
admit,3	
adobo,1	
adopt,1	
adopted,4	
adoption,1	
ads,2	
adult,2	
adults,1	
advance,4	
advanced,1	
advances,1	
advancing,1	
advantage,6	
adventure,1	
adventures,1	
adversaries,3	
advertise,1	
advertising,1	
adviser,4	
advisers,4	
advising,1	
advisory,2	
advocacy,2	
advocate,1	
advocated,1	
advocates,3	
advocating,1	
aerial,1	
aerospace,1	
affable,1	
affair,1	
affairs,5	
affect,2	
affected,4	
aficionados,1	
afraid,2	
afternoon,2	
afterward,2	
afterwards,1	
age,4	
aged,2	
agencies,5	
agency,15	
agencys,5	
agenda,2	
agent,15	
agents,7	
ages,2	
aggressive,1	
aggressively,3	
ago,7	
agree,2	
agreed,13	
agreement,15	
agreements,1	
agriculture,1	
ahead,3	
aid,10	
aided,1	
aiding,1	
aim,2	
aimed,3	
air,5	
aircraft,3	
aired,3	
airing,1	
airport,3	
aisle,1	
akin,1	
album,1	
alcohol,1	
alert,1	
alike,1	
alive,1	
allegations,2	
allegory,1	
alliance,1	
allies,4	
allow,9	
allowed,13	
allowing,2	
allows,2	
alluded,1	
ally,3	
almonds,1	
almost,10	
alone,1	
along,14	
already,10	
also,88	
altered,1	
aluminum,8	
always,3	
amazing,2	
ambassador,4	
ambitions,1	
ambushed,1	
ambushes,1	
amid,10	
among,20	
amongst,1	
amount,1	
amphibious,1	
analysis,3	
analyst,2	
analysts,1	
analyzing,1	
ancient,1	
anew,1	
anger,2	
animal,1	
animated,1	
animation,2	
ankle,2	
anniversary,7	
announce,1	
announced,8	
announcement,2	
annual,4	
annually,1	
annulled,1	
anonymity,1	
another,18	
antagonist,1	
anthropology,1	
antidote,1	
antipathy,1	
anxiety,1	
anyone,1	
anyones,1	
anything,1	
anytime,1	
apart,1	
apiece,1	
apparent,1	
apparently,6	
appeal,1	
appealed,2	
appear,4	
appearance,4	
appeared,5	
appearing,1	
appears,3	
applauded,1	
applauding,1	
applause,1	
apples,1	
application,6	
applications,2	
applied,1	
apply,2	
appointee,1	
appreciated,1	
apprehensions,1	
approach,3	
approaches,2	
appropriate,1	
appropriately,3	
approval,7	
approved,3	
approving,2	
approximately,1	
arbitrarily,1	
arc,1	
archaeological,1	
archbishop,2	
archival,2	
area,8	
areas,16	
argued,1	
argues,1	
argument,1	
arguments,1	
arm,1	
armed,5	
armored,1	
armory,1	
arms,1	
army,25	
around,21	
aroundAnd,1	
arrange,1	
arrangement,1	
array,1	
arrested,3	
arrests,2	
arrived,2	
arriving,1	
arrogance,1	
arrows,1	
art,12	
article,1	
articles,1	
artillery,2	
artist,1	
artistic,2	
artists,2	
aside,1	
ask,1	
asked,13	
asking,4	
aspect,2	
assassin,4	
assassinate,1	
assassinated,2	
assassination,6	
assassins,2	
assault,4	
assembly,1	
assessed,1	
assessing,2	
assistance,1	
assistant,2	
assists,2	
associate,1	
associated,2	
association,1	
associations,2	
assumed,1	
assuming,2	
asylum,7	
athletes,1	
atmosphere,1	
atop,1	
atrocities,2	
attach,2	
attache,1	
attached,1	
attack,15	
attacked,8	
attacking,4	
attacks,9	
attempt,8	
attempting,2	
attempts,1	
attend,5	
attended,10	
attending,1	
attention,7	
attic,1	
attitude,1	
attorney,1	
attorneys,2	
attracted,2	
attribute,1	
attributed,2	
attuned,1	
audience,7	
aunt,1	
auspices,1	
authentic,3	
author,1	
authoritarian,1	
authorities,8	
authority,4	
authorize,1	
authorizing,1	
auto,1	
automakers,1	
autopsy,1	
autumn,1	
available,7	
avalanche,1	
avenue,1	
average,1	
avidly,1	
avoid,3	
await,3	
awaited,1	
awaiting,1	
awarded,1	
awards,1	
aware,2	
awareness,2	
away,13	
awfully,1	
awkward,1	
awkwardness,1	
babies,1	
back,23	
backdrop,1	
backed,2	
backer,1	
background,1	
backgrounds,1	
backing,1	
backlash,1	
backs,1	
backyard,1	
bad,4	
bag,1	
bags,1	
balance,1	
balcony,4	
ball,3	
ballad,1	
ballistic,1	
ballot,2	
ballots,1	
ballpark,1	
balls,1	
ban,1	
band,4	
banished,1	
bank,5	
bankruptcy,1	
banks,1	
banned,2	
baptism,7	
baptismal,1	
baptized,3	
baptizing,1	
barbershops,1	
bare,2	
barking,1	
barn,1	
barrel,1	
barriers,4	
base,10	
baseball,2	
based,12	
baseman,1	
bases,5	
basic,1	
basically,1	
basis,3	
basketball,1	
bastion,2	
batch,2	
batches,1	
battalions,1	
batted,1	
batting,1	
battle,9	
battled,2	
battlefield,4	
battlegrounds,1	
battles,1	
beans,1	
bears,4	
beat,2	
beaten,1	
beating,1	
beautiful,2	
became,19	
become,8	
becomes,2	
becoming,7	
bed,1	
bedroom,1	
beds,1	
bedtime,1	
beef,2	
beenBefore,1	
began,19	
beggar,1	
begged,1	
begging,1	
begin,3	
beginning,4	
begins,2	
begun,3	
behalf,2	
behind,10	
belie,1	
belief,2	
believe,7	
believed,10	
believes,2	
belonged,4	
belonging,2	
beloved,6	
belt,1	
bench,1	
benchmark,1	
benefit,1	
benefited,2	
benefits,4	
bent,1	
besieged,6	
best,7	
bestseller,1	
betrayed,1	
better,12	
betweenJust,1	
beyond,6	
bid,2	
big,11	
bigger,2	
biggest,6	
bilateral,2	
bill,2	
billed,1	
billion,24	
billionaire,3	
billions,1	
bin,1	
binging,1	
bipartisan,2	
birch,1	
birth,1	
birthday,2	
bit,3	
bites,1	
biting,1	
bitter,2	
bitterly,2	
bittersweet,1	
bizarre,1	
black,18	
blackened,1	
blacklisting,1	
blackouts,1	
blacks,6	
blades,1	
blame,1	
blamed,6	
blames,2	
blaming,1	
blessing,1	
blew,4	
blind,1	
blistering,1	
block,1	
blockade,4	
blockbuster,3	
blockbusters,1	
blocked,2	
blocking,2	
blocks,2	
blood,1	
bloodiest,3	
bloodless,1	
bloodshed,1	
bloody,2	
blossom,1	
board,3	
boards,1	
boast,1	
boasts,1	
boat,1	
bodies,1	
body,4	
boils,1	
bold,3	
boldness,1	
bolstered,1	
bomb,1	
bombardment,2	
bombed,1	
bombing,3	
bombings,1	
bombs,4	
bone,1	
book,4	
bookings,1	
bookkeeper,1	
booming,1	
border,62	
borders,6	
bored,1	
born,5	
borrowed,1	
bottom,1	
bought,3	
bounced,1	
bourbon,1	
boutique,1	
bowed,2	
box,12	
boycott,2	
branch,1	
branding,1	
brave,1	
bravery,2	
breach,2	
breached,1	
break,3	
breakdown,1	
breakfast,1	
breaking,1	
breakthrough,1	
brick,1	
bride,2	
brides,1	
brief,2	
briefed,1	
briefing,1	
briefly,2	
brigadier,1	
bright,1	
bring,11	
bringing,7	
broad,1	
broadcast,1	
broadcaster,2	
broadcasts,1	
broke,3	
broken,3	
broom,1	
brother,1	
brought,9	
brunch,1	
brutal,5	
brutality,1	
budget,2	
build,11	
building,3	
buildings,2	
builds,1	
built,5	
bulk,1	
bullet,1	
bullets,2	
bulrushes,1	
bum,1	
bunnies,2	
burden,1	
bureau,1	
burgers,1	
buried,5	
burn,1	
burned,1	
burning,5	
bus,2	
buses,5	
bushy,1	
business,10	
businesses,4	
businesswoman,1	
busload,1	
bustling,1	
butter,1	
buy,3	
buyers,1	
buying,3	
buys,1	
buzz,1	
byzantine,1	
cable,2	
call,6	
called,36	
calling,7	
calls,7	
came,18	
cameras,1	
camp,1	
campaign,32	
campaigning,1	
campaigns,1	
camps,1	
campuses,1	
cancel,2	
canceled,1	
cancelling,1	
candidate,16	
candidates,4	
cannot,6	
cans,1	
capable,2	
capital,18	
capitalist,1	
capitalists,1	
capped,1	
capriciously,1	
captain,2	
captured,3	
capturing,3	
car,7	
caravan,6	
caravans,1	
carbon,1	
card,1	
care,4	
careening,1	
career,13	
careful,2	
caring,2	
carnage,5	
carried,4	
carry,2	
carrying,3	
cars,3	
cartoon,1	
case,11	
cases,5	
cash,6	
cast,5	
castigate,1	
casting,2	
casualties,1	
cat,1	
catastrophe,1	
catch,2	
categorize,1	
cattle,1	
caught,4	
cause,4	
caused,3	
causes,1	
causing,1	
caution,1	
cavalry,1	
ceasefire,2	
celebrate,1	
celebrated,10	
celebrates,1	
celebrating,1	
celebrities,2	
cello,1	
cellphone,1	
cells,2	
cemetery,1	
censorship,1	
center,17	
centers,3	
central,10	
centre,1	
centres,1	
centuries,1	
century,6	
ceremonies,1	
ceremony,2	
certain,7	
certainly,1	
chain,1	
chains,1	
chairman,11	
challenge,2	
challenged,4	
challenges,6	
challenging,2	
champion,2	
championed,1	
championship,1	
chance,5	
chances,1	
change,10	
changed,4	
changes,6	
channel,2	
chaos,2	
chaotic,2	
chapbook,1	
chapels,1	
chapters,1	
character,2	
characteristics,1	
characters,2	
charge,2	
charged,6	
charges,9	
charismatic,2	
charity,1	
charming,1	
chase,2	
chasing,1	
cheat,1	
check,2	
checkpoints,1	
checks,2	
cheer,1	
cheered,3	
cheering,2	
cheerleader,1	
cheerleaders,1	
cheers,1	
cheese,1	
chemical,5	
chemistry,1	
chess,2	
chided,1	
chief,23	
chiefs,4	
child,1	
children,34	
childrens,2	
chilling,1	
chip,1	
chipotles,1	
chips,2	
chirp,1	
chirpy,1	
chivalrous,2	
chocolate,1	
choice,3	
choices,1	
choosing,1	
chose,4	
church,11	
churches,5	
cigarette,4	
circles,1	
circulated,1	
citadel,1	
cited,4	
cities,3	
citing,1	
citizen,1	
citizens,5	
citizenship,2	
city,21	
citys,1	
civil,24	
civilian,3	
civilians,11	
civilization,1	
claim,6	
claimed,2	
claiming,1	
claims,5	
clapped,5	
clapping,3	
clash,1	
class,1	
classified,2	
classmate,1	
classmates,1	
classroom,2	
clause,1	
clean,1	
cleansed,1	
cleansing,1	
clear,8	
clearance,1	
clearly,1	
cleaved,1	
cleaver,2	
clerks,1	
clip,1	
cloaked,1	
clock,1	
close,10	
closed,5	
closer,1	
closing,1	
closure,1	
clothes,1	
clothing,1	
club,1	
clubs,1	
coach,3	
coalition,5	
coalitions,1	
coastal,2	
coffee,1	
cognizant,1	
coincided,1	
coincidence,1	
collaboration,1	
collapse,1	
collapsed,2	
collapsing,2	
collar,1	
collateral,1	
colleague,1	
collecting,1	
collection,5	
collective,1	
college,6	
colleges,4	
colonial,1	
colonialist,1	
color,3	
colored,1	
colorful,2	
comScore,2	
combed,1	
combined,5	
comeback,1	
comes,7	
comfort,2	
comfortable,2	
coming,18	
comity,1	
command,2	
commander,1	
commanders,9	
commanding,2	
commandos,1	
commands,1	
commemorative,1	
commendation,1	
comment,6	
commentary,1	
commentator,1	
comments,3	
commerce,1	
commercial,2	
commission,5	
commitment,3	
committed,5	
committee,5	
committing,1	
commodity,1	
common,1	
communicate,1	
communication,1	
communications,6	
communist,3	
communities,1	
community,5	
companies,23	
company,4	
companys,1	
compared,7	
comparisons,2	
compassion,1	
compelled,1	
compelling,2	
competed,1	
competing,2	
competition,1	
competitive,1	
complain,1	
complained,3	
complaints,4	
complete,3	
completely,3	
complex,2	
compliance,3	
complicate,1	
complicated,3	
complicity,1	
comply,2	
component,1	
compound,1	
compounds,1	
comprehensive,1	
computer,1	
computers,1	
comrade,1	
comrades,1	
conceived,1	
conceiving,2	
concentration,2	
concept,1	
concern,4	
concerning,1	
concerns,1	
concert,18	
concertgoers,1	
concerts,2	
concessions,1	
concluded,2	
concluding,1	
condemnation,2	
condition,2	
conditions,5	
condolences,1	
conducted,2	
conducting,1	
conferences,1	
confidence,2	
confident,1	
confirm,1	
confirmation,1	
confirmed,2	
conflict,19	
conflicted,1	
conflicts,5	
confront,1	
confrontations,3	
confronted,1	
conglomerates,1	
congratulations,2	
congratulatory,1	
congressional,2	
congressman,1	
congresswoman,2	
connect,1	
conquered,1	
consciences,1	
conscious,1	
consciousness,1	
consensus,1	
consequences,1	
conservative,3	
conservatives,1	
consider,3	
considerable,2	
consideration,1	
considered,3	
considers,1	
consisted,1	
consistently,1	
consolidate,1	
consolidating,1	
consolidation,1	
conspiracy,1	
conspired,1	
constitution,1	
constitutional,1	
consult,1	
consultancy,2	
consultation,1	
consulting,1	
consume,1	
consumer,2	
contact,1	
contain,1	
containing,1	
contemplation,1	
contemporary,7	
contemptuous,1	
contend,1	
content,1	
contentious,1	
contest,1	
contested,1	
context,3	
continue,5	
continued,7	
continues,1	
continuing,1	
continuous,1	
contract,1	
contracts,1	
contrary,1	
contrasts,1	
contribute,1	
contributed,4	
contributing,1	
control,29	
controlled,2	
controls,3	
controversy,1	
convention,1	
conventional,1	
conversation,1	
conversations,3	
convicted,5	
conviction,5	
convinced,2	
convincing,1	
cool,1	
cooperate,2	
cooperation,4	
coordinated,1	
cope,2	
copy,4	
core,2	
corners,2	
corporate,1	
corps,1	
corpses,1	
corruption,8	
cosmetic,1	
cost,4	
costumes,1	
couldnt,2	
council,12	
councils,8	
counselor,1	
count,1	
counter,1	
counteract,1	
counterinsurgency,2	
counterintuitive,1	
counterparts,1	
counters,2	
countless,1	
countries,8	
country,40	
countrys,7	
countryside,1	
counts,1	
coup,9	
couple,9	
couples,1	
courage,1	
course,5	
court,13	
courtin,1	
courtroom,1	
courts,2	
cousins,1	
covenants,1	
cover,4	
coverage,6	
covered,1	
cow,6	
cowboy,8	
cowboyll,1	
cowhand,1	
cowmans,1	
crackdown,5	
crackdowns,1	
crafted,1	
crash,1	
crazy,1	
create,3	
created,9	
creating,1	
creation,1	
credit,3	
credited,3	
creditors,1	
crew,1	
crews,1	
cricket,3	
cried,1	
crime,3	
crimes,7	
criminal,1	
criminals,3	
crises,2	
crisis,13	
criteria,2	
critic,3	
critical,1	
criticism,4	
criticize,1	
criticized,5	
criticizing,1	
critics,4	
crooners,1	
cross,4	
crossed,2	
crossers,2	
crosses,1	
crossing,8	
crossword,1	
crowd,4	
crowds,3	
crown,1	
crucial,1	
crucified,2	
crucifixion,1	
crusader,1	
crush,1	
crystallize,1	
culled,1	
culminate,1	
cultural,8	
culture,13	
cupcakes,1	
curated,1	
curates,1	
curb,1	
cured,1	
currency,1	
current,7	
currently,4	
cursed,1	
curve,1	
custodianship,1	
custody,1	
customer,1	
customers,3	
cut,6	
cute,1	
cuts,1	
cyberattack,1	
cynical,1	
daily,3	
damage,1	
damaged,3	
damages,1	
damn,1	
damper,1	
dance,2	
danced,1	
danger,1	
dangerous,10	
dangers,1	
dared,1	
daring,1	
dark,2	
darkness,1	
data,19	
database,1	
date,2	
dated,1	
dates,1	
dating,2	
daughter,9	
daughters,1	
daunting,1	
dawn,2	
day,24	
daylong,1	
days,21	
dead,6	
deadliest,2	
deadline,2	
deadly,4	
deal,27	
dealer,1	
dealing,1	
deals,3	
dealt,1	
dear,1	
death,10	
deaths,4	
debate,1	
debates,1	
debt,6	
debut,4	
debuted,1	
debuts,1	
decade,7	
decadent,1	
decades,13	
decentralized,1	
deception,1	
decided,3	
decision,9	
declaration,1	
declared,5	
declaring,2	
decline,2	
declined,5	
declining,1	
decorated,1	
decried,1	
deep,4	
deepen,1	
deepened,1	
deepening,1	
deeply,3	
defeat,1	
defecting,1	
defectors,2	
defend,3	
defendants,1	
defended,3	
defending,2	
defense,9	
defenseless,1	
defensively,1	
defiance,1	
defrauded,1	
defuse,2	
defy,1	
degree,2	
degrees,2	
dejected,1	
del,6	
delay,1	
delayed,1	
delegation,1	
deleterious,1	
deliberate,1	
deliberated,1	
delicate,1	
deliver,1	
delivered,4	
demand,7	
demanding,7	
demands,1	
dementia,3	
democracy,1	
democratic,1	
democratically,2	
demographic,1	
demonstrate,3	
demonstrated,2	
demonstrates,1	
demonstration,3	
demonstrations,3	
demonstrators,4	
denied,7	
denies,2	
denominations,1	
denounced,3	
denouncing,1	
denuclearization,1	
denunciations,1	
deny,1	
denying,1	
department,9	
departments,1	
departure,2	
dependence,1	
dependent,1	
depicting,1	
depicts,1	
deployed,1	
deportation,3	
deported,3	
deposed,1	
depress,2	
depressed,1	
deprivation,3	
deprived,1	
depth,1	
deputy,5	
derail,1	
dereliction,1	
derived,1	
descendants,2	
described,13	
describes,1	
describing,1	
description,1	
desegregated,1	
desegregation,1	
deserve,2	
designated,1	
designation,1	
designed,1	
desire,2	
despair,1	
desperate,2	
desperately,1	
despite,2	
destroyed,1	
destruction,2	
detail,1	
detailed,1	
details,2	
detained,3	
detector,1	
detectors,1	
detente,1	
detentions,1	
deter,2	
deteriorated,1	
determination,1	
determine,1	
determined,2	
determining,1	
deterrent,1	
detonated,1	
detractors,1	
detritus,1	
devaluation,1	
devastated,1	
devastating,1	
develop,3	
developed,1	
development,5	
device,1	
devices,23	
devising,1	
diagnosed,2	
dialogue,7	
diamond,2	
diamonds,1	
dictate,1	
dictator,11	
didnt,8	
die,2	
died,16	
diet,1	
differences,4	
different,5	
difficult,4	
difficulties,1	
dignified,1	
dignity,5	
dilutes,1	
dimensional,1	
diminished,2	
dinner,3	
diploma,2	
diplomat,1	
diplomatic,4	
diplomats,4	
dire,1	
direct,3	
directed,2	
directing,1	
directives,1	
directly,4	
director,10	
directors,2	
disability,1	
disadvantage,1	
disagreed,1	
disappear,1	
disappeared,4	
disarmament,2	
discernment,1	
disclosed,1	
discourse,1	
discovered,1	
discrimination,1	
discuss,7	
discussed,1	
discussing,1	
discussion,1	
disdains,1	
disgraced,2	
disillusioned,2	
dislike,1	
disliked,1	
dispersed,1	
displaced,3	
displacement,1	
displacements,1	
display,2	
displays,1	
disproportionate,1	
disproportionately,1	
dispute,3	
disputed,2	
disputes,5	
disruption,1	
dissent,1	
dissipated,1	
dissolved,1	
distance,1	
distant,1	
distinctly,1	
distribute,2	
distributed,1	
distribution,2	
district,4	
disturbed,1	
ditch,1	
diversification,1	
diversifying,2	
diverted,1	
divide,2	
divided,1	
division,1	
divisive,2	
dizzying,2	
doctor,1	
doctors,1	
documentaries,3	
documentary,3	
documented,1	
documenting,2	
documents,8	
doesnt,3	
dog,7	
doggerel,1	
doll,1	
dollars,4	
dome,1	
domestic,6	
domestically,1	
dominate,2	
dominating,1	
donations,1	
done,5	
dont,14	
dooming,1	
door,10	
doors,1	
dotted,1	
double,7	
doubled,3	
doubles,1	
doubt,2	
doubtful,1	
downed,1	
downside,1	
dozen,1	
dozens,5	
draft,1	
drag,1	
dragging,1	
drags,1	
drama,2	
dramas,2	
dramatically,1	
draw,4	
drawing,1	
drawn,2	
dream,2	
dreamed,1	
dreamscape,1	
dressed,1	
dresses,1	
dressing,1	
drew,6	
dribbled,1	
dried,1	
drills,1	
drive,3	
driven,1	
drives,1	
driving,2	
drones,3	
drop,5	
dropped,4	
drove,2	
drug,9	
drugmakers,1	
drugs,3	
dry,1	
dtente,2	
due,4	
dueling,1	
dug,1	
dumb,1	
dumps,1	
dunks,1	
dusk,1	
dusty,1	
duties,6	
dying,1	
dynasty,3	
eager,1	
ear,1	
earlier,15	
earliest,3	
early,14	
earn,1	
earned,3	
earning,1	
earnings,1	
earth,1	
earthen,1	
easier,1	
easily,1	
easing,1	
east,4	
eastern,17	
easy,1	
echo,1	
echoed,1	
echoes,1	
eclipsing,1	
economic,18	
economies,2	
economist,1	
economists,3	
economy,11	
edge,1	
edited,1	
editing,2	
editor,2	
editors,1	
education,13	
educators,1	
effect,5	
effective,3	
effectively,5	
effectiveness,1	
effects,3	
effort,6	
efforts,9	
egg,2	
eggs,2	
ego,3	
eight,7	
eighth,4	
either,9	
ejected,1	
ejecting,1	
ejection,1	
elaborate,1	
elbow,1	
elder,2	
elect,1	
elected,5	
electing,1	
election,12	
electioneering,1	
elections,3	
electrifying,1	
electronic,1	
electronics,1	
element,3	
elevated,1	
elevating,1	
elicited,1	
eliciting,1	
eligibility,1	
eliminate,1	
eliminated,1	
elite,5	
elites,1	
elusive,1	
email,5	
emails,1	
embankments,1	
embattled,1	
embrace,2	
embraced,1	
embryos,1	
emerged,2	
emergent,1	
emerging,1	
emeritus,1	
emotional,1	
emotionless,1	
emperor,1	
employ,1	
employees,1	
employment,1	
enact,1	
enclave,4	
encountered,1	
encouraged,1	
end,25	
endangered,2	
ended,8	
endemic,2	
ending,3	
endless,1	
endorsed,1	
ends,1	
endured,2	
energy,2	
enforced,1	
enforcement,2	
engage,1	
engaged,3	
engagement,4	
engineering,1	
engineers,1	
engines,1	
enjoyed,1	
enormous,1	
enough,4	
enrolled,1	
ensemble,1	
enshrine,1	
enshrined,2	
enshrining,1	
ensure,3	
enter,2	
entered,8	
entering,2	
entertained,1	
entertainment,2	
enthusiastic,1	
entire,3	
entities,1	
entrenched,1	
entrepreneurs,1	
entrepreneurship,1	
entry,1	
environment,1	
environmental,1	
envoy,1	
episode,2	
equal,3	
equip,1	
equipment,14	
equips,1	
equitable,1	
equivalent,1	
era,2	
erase,1	
erect,2	
erratically,1	
erupted,4	
escalating,3	
escape,2	
escaped,2	
esoteric,1	
especially,7	
essay,1	
essential,1	
essentials,1	
establish,1	
established,5	
establishing,1	
estate,3	
estimate,1	
estimated,5	
estimates,1	
ethical,1	
ethics,1	
ethnic,7	
eulogized,1	
eulogy,1	
euros,2	
evacuate,9	
evacuated,1	
evacuating,2	
evacuation,4	
evade,1	
evaluate,1	
evangelical,4	
evangelists,1	
even,26	
evening,2	
event,9	
events,6	
eventually,7	
ever,5	
every,17	
everybodys,1	
everyone,4	
everything,1	
evidence,6	
evil,2	
exacerbated,2	
exactly,1	
exaggerating,1	
examine,2	
examining,1	
example,7	
excavation,1	
exceeded,2	
excellent,1	
exception,1	
excessive,1	
exchange,6	
exchanged,2	
excitedly,1	
exclaimed,1	
excluded,1	
excludes,1	
excluding,1	
exclusion,3	
excuse,2	
executive,18	
executives,5	
exemptions,1	
exerts,1	
exhaustive,1	
exhibit,2	
exhibition,4	
exhorted,1	
exile,2	
exiled,1	
existed,2	
existing,1	
expand,3	
expanded,1	
expanding,1	
expansion,5	
expect,6	
expectations,2	
expected,12	
expects,1	
expel,1	
expelled,2	
expense,1	
expensive,1	
experience,4	
experiencing,2	
expert,3	
experts,3	
expired,1	
explain,3	
explanations,1	
exploded,1	
exploding,2	
exploit,2	
exploits,2	
explore,1	
explosive,1	
explosives,1	
exported,1	
exporters,1	
exports,8	
express,1	
expressed,7	
expresses,1	
expulsions,4	
extended,2	
extending,5	
exterminate,2	
extermination,1	
extortion,1	
extra,4	
extraordinary,1	
extremely,2	
extremist,2	
eye,1	
fabled,1	
fabricated,1	
face,14	
faced,7	
faces,9	
facilities,1	
facility,1	
facing,5	
fact,3	
faction,4	
factions,1	
facto,2	
factories,1	
facts,2	
faculty,1	
failed,6	
failing,2	
fails,1	
failure,4	
failures,2	
fair,3	
fairness,1	
faith,5	
faithful,2	
fall,5	
fallen,1	
falling,1	
fallow,1	
falls,1	
false,2	
falsified,1	
famed,1	
familial,1	
familiar,4	
families,6	
family,8	
famous,3	
famously,1	
fanbase,1	
fanfare,1	
fans,1	
fantasy,1	
far,11	
farm,1	
farmers,2	
farmhouse,2	
farmland,1	
farther,1	
fascinated,1	
fast,1	
fastest,1	
fatal,1	
fatally,1	
fate,2	
father,6	
fault,3	
favor,1	
favored,2	
favorite,2	
favorites,1	
fazed,1	
fear,4	
fearing,1	
fears,6	
feasible,1	
feature,1	
featured,1	
features,2	
featuring,1	
federal,24	
feed,2	
feeding,1	
feel,4	
feeling,1	
fell,6	
fellow,7	
felt,8	
female,5	
fence,11	
fended,1	
ferocity,1	
festivities,2	
fewer,4	
fickle,1	
fictions,1	
field,5	
fielder,1	
fierce,1	
fiery,1	
fifth,6	
fight,5	
fighter,1	
fighters,24	
fighting,8	
fights,1	
figure,10	
figures,5	
file,2	
filed,2	
filings,3	
fill,1	
filled,1	
film,19	
filmmakers,3	
filmmaking,1	
films,6	
final,9	
finalised,1	
finally,2	
finance,6	
financed,1	
finances,1	
financial,12	
financially,1	
find,6	
findings,1	
finds,2	
finger,1	
finish,2	
finished,2	
fire,6	
firearms,1	
firebombs,2	
fired,6	
firing,1	
firm,1	
first,72	
fiscal,2	
fish,1	
fit,2	
fitting,1	
five,17	
flag,2	
flagging,1	
flags,1	
flattening,1	
flavored,1	
flawed,1	
fled,3	
fledgling,1	
fleeing,2	
flew,3	
flexible,1	
flicked,1	
floating,1	
flocked,1	
flocking,1	
flooded,2	
flooding,1	
flourish,1	
flow,5	
flowing,2	
flows,4	
flurries,1	
flurry,1	
flushed,1	
fly,1	
focus,6	
focused,2	
focusing,2	
foe,2	
foiling,1	
folk,1	
followed,6	
followers,3	
following,11	
follows,2	
food,3	
fool,1	
foot,1	
footage,5	
football,1	
force,15	
forced,4	
forces,33	
forcing,1	
foreboding,1	
forefront,1	
foreground,1	
foreign,15	
forged,1	
forget,1	
forgive,1	
forgiveness,2	
forgotten,2	
formal,1	
formally,2	
format,1	
formed,4	
former,39	
formerly,1	
forms,3	
forth,1	
forthright,1	
forum,2	
forward,4	
foster,1	
fought,3	
foul,1	
fouled,1	
fouls,1	
found,18	
foundation,1	
founded,2	
founder,1	
founding,3	
four,17	
fourth,9	
fragile,1	
frailties,1	
franchise,2	
fraud,2	
fraudulent,1	
free,7	
freed,2	
freedom,2	
freelancing,1	
freezer,1	
freezing,1	
frequency,1	
frequent,1	
frequently,3	
fresh,1	
friction,1	
friend,3	
friends,1	
friendships,1	
front,7	
frozen,3	
fruit,3	
fruits,9	
frustrated,2	
fuel,1	
fueled,1	
fulfilling,1	
full,7	
fully,4	
fun,2	
fund,4	
fundamentally,2	
funded,1	
funding,4	
funds,2	
funeral,1	
funny,1	
fur,1	
furious,1	
furniture,1	
fury,1	
future,7	
gag,1	
gain,1	
gains,1	
gallery,1	
galvanized,1	
gamble,1	
game,9	
games,9	
gangs,1	
gap,4	
gaps,1	
garbage,2	
garden,4	
gardens,1	
gas,6	
gasoline,1	
gatekeeper,1	
gathered,5	
gathering,4	
gatherings,2	
gave,22	
gear,1	
gelled,1	
gender,2	
general,23	
generals,2	
generation,4	
genocidal,1	
genocide,12	
genre,4	
genres,1	
gentle,1	
genuine,1	
gesture,1	
gestures,1	
get,27	
gets,1	
getting,7	
gift,4	
gifts,1	
gingerly,1	
girl,7	
girls,1	
give,14	
given,6	
gives,1	
giving,4	
glad,2	
glimmer,1	
glimpse,1	
global,17	
globe,1	
gloves,1	
goal,2	
godfather,2	
goes,2	
goggles,4	
going,20	
gold,1	
golden,1	
golfing,1	
gone,1	
good,18	
goods,10	
got,17	
govern,1	
governance,1	
governed,1	
government,66	
governments,4	
governor,2	
governorships,2	
grace,1	
gradually,2	
graduated,1	
graduation,1	
grand,1	
grandfather,4	
grandmothers,1	
grant,2	
granted,4	
granting,1	
grasp,1	
grass,1	
gravity,1	
great,20	
greater,1	
green,1	
greeted,1	
grew,5	
grief,2	
grinding,2	
grip,2	
groom,1	
grooms,1	
gross,1	
grossed,3	
grosses,1	
grossing,1	
ground,4	
group,50	
groups,21	
growing,3	
grown,3	
growth,7	
guarantees,1	
guarantors,1	
guard,3	
guerrilla,1	
guerrillas,4	
guest,1	
guests,2	
guide,2	
guilt,1	
guilty,4	
guitarTo,1	
gun,19	
gunfire,2	
gunman,1	
gunmen,1	
gunned,1	
guns,5	
guy,1	
guys,2	
hacking,1	
hagiography,1	
hail,1	
hails,1	
hair,1	
hairpin,1	
half,4	
hall,4	
hallucinations,1	
halted,1	
hamlets,1	
hampers,1	
hanbok,1	
hand,15	
handed,3	
handful,4	
handing,1	
handle,10	
handled,2	
handling,1	
handpicked,1	
hands,9	
handshakes,1	
hang,1	
hanging,1	
happen,4	
happened,8	
happening,2	
happens,2	
happiest,1	
happy,4	
hard,6	
harder,3	
hardware,1	
harm,1	
harmed,2	
harmful,1	
harmonies,1	
harmony,2	
harsh,2	
hatch,1	
hatches,1	
hated,1	
hates,1	
hauled,1	
haunted,1	
havoc,1	
hawkish,1	
haze,1	
head,9	
headed,5	
heading,1	
headline,1	
headlines,5	
headquarters,1	
headsets,2	
health,6	
healthy,3	
hear,2	
heard,1	
hearing,6	
hearings,1	
hears,1	
heart,7	
heat,2	
heated,1	
heavily,1	
heavy,3	
hed,1	
hedge,1	
hedging,1	
heed,1	
heels,1	
hefty,1	
height,2	
heightened,2	
held,12	
helicopter,1	
helicopters,1	
hellish,1	
help,20	
helped,11	
helping,6	
helps,1	
herald,1	
heralding,1	
heres,1	
heritage,1	
hero,5	
heroic,1	
heroics,2	
heroism,1	
hes,1	
hidden,1	
hide,1	
hiding,1	
high,14	
higher,6	
highest,3	
highland,3	
highlight,2	
highlighted,1	
highlights,3	
highly,2	
highs,1	
hike,3	
hikes,2	
hill,1	
hillside,1	
hinge,1	
hip,1	
hired,3	
historian,1	
historians,1	
historic,4	
historical,5	
history,4	
historyAnd,1	
hit,13	
hits,13	
hitters,3	
hitting,2	
hobnob,1	
hockey,1	
hold,17	
holder,1	
holding,7	
holds,2	
holes,2	
holiday,7	
hollering,1	
holy,1	
home,18	
homeland,2	
homemade,1	
homeownership,2	
homer,3	
homered,1	
homering,1	
homes,4	
homestead,1	
honest,1	
honestly,1	
honey,1	
honor,1	
hope,19	
hoped,3	
hopefully,1	
hopes,3	
hoping,3	
horrendous,1	
horrible,2	
horrific,1	
horse,1	
hospital,3	
hospitals,2	
host,2	
hostage,1	
hosting,1	
hotel,1	
hounded,2	
hour,1	
hours,8	
house,4	
household,2	
houses,1	
housing,1	
however,6	
hub,1	
hubs,3	
hug,1	
huge,7	
hulk,1	
human,12	
humane,2	
humanitarian,7	
humanities,1	
humanity,3	
humor,1	
hundreds,19	
hung,1	
hunger,6	
hunters,1	
hunting,1	
hurled,1	
hurling,1	
hurt,2	
hurtAnd,1	
hurting,1	
hurtling,1	
hurts,1	
husband,5	
husbands,1	
hybrid,1	
idea,6	
ideals,1	
identified,5	
identify,1	
identifying,1	
identity,1	
ideological,1	
ignite,1	
ignited,2	
illegal,8	
illegally,6	
illumine,1	
illusion,1	
illustrious,1	
image,4	
images,2	
imagine,1	
imagining,1	
immediate,5	
immediately,3	
immensely,1	
immersed,1	
immigrant,1	
immigrants,24	
immigration,16	
immobility,1	
immunity,3	
impact,3	
impacted,1	
impassioned,1	
implement,1	
implemented,1	
implication,1	
import,4	
importance,1	
important,7	
imported,1	
imports,6	
impose,1	
imposed,4	
impoverished,2	
impressed,1	
impressive,2	
improper,1	
improperly,1	
improve,3	
improved,2	
improving,1	
inaccurate,1	
inappropriate,1	
inaugural,1	
incentives,1	
incidents,1	
incite,1	
include,4	
included,8	
includes,12	
including,49	
income,2	
incomplete,1	
inconsistent,1	
incorporate,1	
incorruptible,1	
increase,6	
increased,4	
increasing,2	
increasingly,5	
incubator,1	
incumbents,1	
independence,3	
independent,9	
indexes,1	
indicate,1	
indicated,1	
indicative,1	
indict,1	
indigenous,4	
indiscriminately,1	
individual,1	
individuals,1	
indoor,1	
industrial,1	
industries,1	
industry,13	
industrys,2	
infantry,1	
infants,1	
infectious,1	
infiltrate,1	
infiltrating,1	
infiltration,1	
inflation,3	
influence,4	
influenced,1	
influencer,1	
influx,1	
informal,1	
information,9	
informed,1	
informing,1	
infrared,2	
infrastructure,2	
infused,1	
inhabitants,1	
inherits,2	
inhumane,1	
initial,1	
initially,2	
initiated,1	
initiatives,1	
injured,4	
injuries,1	
injustice,5	
inning,2	
innings,3	
innocence,1	
innocent,4	
innocuous,1	
inquiry,3	
inroads,1	
inside,6	
insider,1	
insist,1	
insisted,2	
insistence,2	
insists,1	
inspiration,1	
inspired,1	
installations,1	
installed,1	
installment,1	
instance,1	
instead,6	
institutions,11	
instructions,1	
instrument,2	
instrumental,2	
instruments,3	
insults,1	
insurgency,2	
insurgent,3	
insurgents,6	
integral,2	
integrated,3	
integrity,2	
intellectual,3	
intelligence,6	
intended,3	
intense,2	
intensified,1	
intent,1	
intention,1	
intentions,1	
intercepted,1	
interest,8	
interested,1	
interesting,4	
interests,4	
intergenerational,1	
internal,3	
international,27	
internationally,2	
internet,6	
interplay,1	
interrogation,1	
intersectional,1	
intervention,1	
interview,7	
interviewed,1	
interviews,1	
introduce,1	
introduced,2	
invaded,1	
invariably,1	
invasion,2	
invested,2	
investigate,1	
investigating,2	
investigation,4	
investment,3	
investor,3	
investors,1	
invisibility,1	
invited,1	
involve,1	
involved,5	
involvement,1	
involving,2	
ions,1	
ire,1	
iron,2	
island,1	
isno,1	
isnt,1	
isolated,3	
isolation,1	
isotope,1	
issue,4	
issues,9	
issuing,1	
items,1	
itinerary,1	
jailed,2	
jawing,1	
jeep,1	
jeered,1	
jet,1	
jets,1	
jihadist,1	
job,11	
jobless,1	
joblessness,1	
jobs,15	
join,2	
joined,5	
joining,1	
joint,6	
jointly,3	
joke,1	
jokingly,1	
journalism,1	
journalists,5	
journey,2	
journeys,1	
joyful,2	
joyfully,1	
judge,5	
judged,2	
judges,2	
judgment,1	
judiciously,1	
jumped,1	
jumps,1	
junior,5	
junta,2	
jury,1	
justice,4	
justified,1	
karma,1	
kayak,1	
keen,2	
keep,8	
kept,3	
key,9	
kids,4	
kill,4	
killed,37	
killer,1	
killing,2	
killings,1	
kills,1	
kilometres,1	
kind,4	
kindling,1	
kindness,1	
kings,1	
kiss,1	
knee,2	
knew,5	
knocked,1	
know,22	
knowing,1	
knowledge,3	
known,22	
knows,2	
kowtowing,1	
lab,1	
label,1	
labeled,1	
labor,1	
laboratories,1	
laboratory,1	
lack,2	
lacking,1	
lacks,1	
lady,8	
lagged,1	
land,7	
landlocked,2	
landlords,1	
landmark,3	
lands,2	
large,8	
largely,9	
larger,6	
largest,8	
lasers,4	
lasted,3	
lasting,2	
late,8	
lately,1	
later,24	
latest,8	
laughing,1	
laughs,1	
laughter,1	
launch,4	
launched,11	
launches,4	
laundering,1	
laureate,3	
law,10	
lawmaker,2	
lawmakers,5	
lawn,1	
laws,13	
lawsuit,1	
lawyer,5	
lawyers,3	
lax,1	
lay,3	
layup,1	
lazy,1	
lead,9	
leader,31	
leaders,20	
leadership,2	
leading,6	
leadoff,2	
leads,1	
league,2	
learned,2	
learnt,1	
least,21	
leave,13	
leaving,7	
led,14	
left,23	
leftist,8	
lefty,1	
leg,1	
legacy,1	
legal,3	
legalize,2	
legend,1	
legends,1	
legislation,6	
legislators,1	
legislature,1	
legitimate,3	
legs,1	
legumes,1	
less,16	
lessons,1	
let,11	
lethal,4	
letter,6	
letters,1	
level,2	
levels,2	
levies,1	
liberal,7	
libraries,1	
licensing,1	
lies,2	
lieutenant,2	
life,18	
lifetime,3	
lifted,2	
lifting,1	
light,1	
likeThose,1	
liked,4	
likely,8	
likened,1	
limit,4	
limited,3	
line,7	
lined,3	
lines,5	
lineup,7	
link,1	
linked,6	
lionized,1	
list,12	
listen,1	
listened,1	
listeners,1	
listings,1	
lists,1	
literary,1	
literati,1	
literature,1	
littering,1	
little,19	
live,6	
lived,2	
livelier,1	
lives,3	
living,12	
loan,4	
loans,1	
lobbies,1	
lobbyists,1	
local,12	
located,3	
location,1	
locations,9	
lock,1	
locked,1	
logo,1	
long,24	
longer,4	
longstanding,3	
longtime,1	
look,12	
looking,6	
looks,3	
looms,1	
loosening,1	
lose,1	
losing,2	
loss,4	
losses,2	
lost,17	
lot,12	
lots,1	
lottery,1	
loudly,1	
loudspeakers,1	
love,3	
loved,1	
low,5	
lower,1	
lowest,1	
loyal,1	
luck,1	
lucky,2	
lunch,2	
lung,1	
lurched,1	
lurches,1	
lure,1	
lyrics,3	
machine,2	
machinery,1	
made,37	
magazine,1	
magic,1	
magical,1	
magnificent,1	
magnitude,1	
maid,1	
mailings,1	
main,9	
mainstream,1	
maintain,1	
maintained,3	
maintaining,2	
maintains,1	
major,13	
majority,3	
make,20	
maker,2	
makers,1	
makes,4	
making,12	
male,2	
man,16	
manage,1	
managed,2	
management,1	
manager,6	
manages,1	
maneuver,1	
manipulation,1	
manner,1	
manslaughter,1	
manufacturers,1	
manufacturing,1	
many,30	
map,1	
maps,3	
marble,1	
march,3	
marched,2	
marchers,1	
marches,2	
maritime,3	
mark,4	
marked,9	
market,10	
marketing,1	
marketplace,1	
markets,8	
marking,4	
marriage,1	
married,6	
marshmallows,1	
martyr,1	
mascot,1	
masked,1	
mass,10	
massacre,3	
massacres,3	
masse,1	
masterpieces,1	
masters,2	
match,5	
matched,1	
matching,2	
material,1	
materials,2	
matter,5	
matters,2	
mattresses,1	
may,15	
maybe,3	
mayor,4	
mean,2	
meaning,1	
meaningful,1	
means,1	
meant,8	
measure,5	
measured,1	
measures,5	
meat,1	
mechanized,1	
medal,2	
media,28	
medical,7	
medics,1	
meet,7	
meeting,8	
meetings,1	
meets,1	
meld,1	
member,21	
members,24	
memo,3	
memorial,1	
memories,3	
memory,4	
men,6	
mental,1	
mention,2	
mentioned,1	
mentor,1	
mere,1	
merged,2	
merger,1	
merrily,1	
message,14	
messaging,2	
met,10	
metal,2	
meted,1	
meter,1	
middle,4	
middling,1	
midst,1	
midterm,2	
might,11	
migrant,2	
migrants,9	
migration,1	
mile,1	
miles,4	
militant,6	
militants,7	
militarising,1	
militarism,2	
military,74	
militia,2	
militias,1	
million,60	
millions,3	
mills,1	
mindful,1	
minds,1	
mine,5	
mined,2	
minefields,2	
mines,7	
miniatures,1	
minimal,2	
minimum,2	
mining,1	
minister,12	
ministerial,1	
ministers,1	
ministry,5	
minor,3	
minority,3	
minutes,4	
mired,1	
mirror,1	
misappropriated,2	
misbehavior,1	
misdirected,3	
misrepresentation,1	
missed,3	
missile,4	
missiles,1	
missing,3	
mission,2	
mistakenly,1	
mistakes,1	
misuse,1	
mix,1	
mixed,2	
mobilize,1	
mobs,1	
model,2	
models,1	
moderate,2	
modern,1	
modernity,1	
modest,2	
mom,1	
moment,6	
moments,2	
momentum,3	
monastery,1	
money,11	
monitor,1	
monitoring,2	
monitors,1	
monks,3	
monoxide,1	
monster,1	
montage,1	
month,15	
months,19	
monthslong,1	
mood,1	
moral,8	
morality,2	
morning,9	
mornings,1	
morph,1	
mortars,1	
mortgage,1	
mosque,1	
mosquito,1	
mostly,10	
mother,2	
motion,1	
motivated,1	
motorbike,1	
mound,2	
mounting,2	
mourned,1	
mourners,1	
mourning,1	
mouth,1	
move,9	
moved,9	
movement,11	
movements,3	
moves,2	
movie,9	
moviedom,1	
movies,5	
moving,3	
much,22	
mud,1	
multilateral,1	
multilateralism,1	
multinational,1	
multiple,1	
multipronged,1	
multiweek,1	
mural,1	
murder,2	
murderous,1	
murky,1	
music,3	
musical,2	
musician,1	
musicians,2	
must,11	
mustache,1	
musty,1	
mutual,1	
myth,1	
mythic,1	
nakba,1	
name,6	
named,11	
names,2	
namesake,1	
napkin,1	
naps,1	
narrative,3	
narratives,1	
narrow,3	
narrowly,1	
nation,5	
national,19	
nationalist,1	
nationalistic,1	
nationally,3	
nations,1	
nationwide,1	
native,1	
navigate,1	
navigated,1	
near,14	
nearby,4	
nearly,14	
necessarily,3	
necessary,3	
necessitated,1	
need,14	
needed,1	
needing,1	
needs,4	
needy,1	
negotiated,1	
negotiating,3	
negotiations,8	
negotiators,1	
neighborhood,1	
neighborhoods,1	
neighboring,1	
neighbours,1	
nerve,11	
nervous,1	
nets,1	
network,4	
never,14	
newer,2	
news,22	
newsletters,2	
newspaper,4	
newspapers,2	
next,12	
nexus,1	
nice,4	
nicer,1	
night,8	
nightclub,1	
nightly,3	
nightmare,2	
nights,1	
nighttime,4	
nine,4	
ninth,1	
nobody,3	
nod,1	
nods,1	
nominal,1	
none,3	
nonprofit,4	
nonsense,1	
nonviolence,3	
nonviolent,2	
nook,1	
noon,1	
normal,1	
north,8	
northern,8	
northwest,1	
nose,1	
notable,1	
notably,1	
note,2	
noted,2	
nothing,3	
noting,2	
notion,3	
novel,4	
novelist,1	
nowhere,1	
nuanced,1	
nuclear,9	
number,11	
numbers,3	
nursery,6	
nuts,2	
objective,1	
obligation,1	
obligations,2	
obscure,1	
obsessed,1	
obtained,4	
obvious,1	
obviously,1	
occasion,1	
occasionally,1	
occupation,1	
occupations,1	
occupied,1	
occurred,2	
odd,1	
odds,4	
offensive,2	
offensives,1	
offer,3	
offered,2	
offers,5	
office,16	
officer,8	
officers,10	
offices,3	
official,9	
officially,2	
officials,45	
officiated,1	
offseason,3	
offset,1	
often,15	
oil,2	
old,13	
older,5	
oldest,1	
ones,1	
ongoing,7	
onion,1	
online,4	
onslaught,1	
open,15	
opened,12	
opener,4	
opening,11	
openly,1	
opens,1	
operate,1	
operating,2	
operation,8	
operations,3	
opinion,4	
opinions,1	
opponents,3	
opportunity,5	
oppose,1	
opposed,1	
opposing,1	
opposite,3	
opposition,9	
optimize,1	
opting,1	
option,4	
oranges,1	
orbit,1	
orchestrating,1	
ordeal,1	
order,8	
ordered,7	
ordinary,1	
organisation,2	
organised,1	
organization,12	
organizations,5	
organize,1	
organized,7	
organizer,1	
organizers,3	
organizing,2	
original,9	
originals,1	
originated,2	
origins,1	
others,11	
ousted,2	
ouster,1	
outburst,1	
outcomes,1	
outcrops,1	
outdoor,1	
outfield,3	
outfielder,2	
outgoing,1	
outlet,2	
outlined,1	
outlive,1	
outlived,1	
outlook,3	
outpacing,1	
outperforming,1	
outpost,1	
outraged,1	
outreach,1	
outshined,1	
outside,22	
outsider,3	
outskirts,1	
outspoken,1	
outvote,1	
overall,1	
overdue,1	
overflowing,1	
overhauled,1	
overlooking,1	
overlooks,1	
overly,1	
oversaw,3	
overseen,3	
overshadow,1	
overtaken,1	
overthrown,2	
overturn,1	
overturned,1	
overwhelmingly,2	
owned,11	
owner,5	
owners,3	
owns,2	
oxygen,1	
oyster,1	
packed,4	
pact,3	
page,2	
pages,3	
paid,1	
painful,1	
painstaking,1	
paint,1	
painted,1	
painting,1	
paintings,1	
pair,2	
palm,1	
paltry,1	
panel,1	
panels,1	
panoply,1	
pantry,1	
papal,1	
paper,2	
papers,1	
par,2	
parade,1	
parades,1	
paradox,1	
paralyzed,1	
paramilitary,1	
parcels,1	
parents,6	
park,2	
parliament,1	
part,23	
partial,1	
participants,2	
participate,1	
participated,1	
participating,3	
participation,3	
particular,5	
particularly,5	
parties,6	
partly,1	
partner,2	
partnered,1	
partners,2	
partnerships,1	
parts,5	
party,17	
partys,1	
pass,9	
passage,1	
passed,4	
passenger,1	
passes,2	
passing,2	
passionate,1	
past,11	
pastor,1	
patent,1	
patents,2	
path,1	
patients,2	
patrilineal,1	
patrol,3	
patrols,1	
pattern,1	
pawn,1	
pay,11	
peace,23	
peaceful,5	
peacefully,3	
peacekeeper,1	
peacekeeping,1	
peanut,1	
peasants,2	
pedagogy,1	
pedestrian,1	
peek,3	
peers,1	
pellets,1	
penalizing,1	
penalty,1	
peninsula,4	
pensions,1	
people,76	
peoples,1	
per,1	
percent,53	
percentage,4	
perched,1	
perfect,1	
perform,7	
performance,22	
performances,5	
performed,9	
performer,1	
performers,9	
performing,1	
perhaps,1	
period,7	
periods,3	
permanent,2	
permit,2	
permits,2	
perpetrated,1	
persecution,2	
persistent,1	
person,3	
personal,11	
personalities,3	
perspective,2	
persuade,2	
persuaded,1	
pesos,1	
petitioning,1	
phase,1	
phases,1	
philosophy,1	
phone,3	
photo,2	
photograph,1	
photographs,2	
photos,2	
phrase,1	
physically,1	
physicist,1	
piata,3	
picked,1	
pickup,1	
picnic,1	
picture,1	
piece,3	
pilgrim,2	
pilgrimage,1	
pilgrims,4	
pillar,2	
pilot,1	
pilots,1	
pinched,1	
pinkie,1	
piracy,2	
pitch,1	
pitched,1	
pitcher,1	
pitting,1	
placards,1	
place,12	
placed,2	
places,3	
plagued,1	
plan,19	
plane,2	
planned,3	
planning,6	
plans,10	
planted,1	
planting,1	
plaster,1	
plastic,1	
platform,3	
platforms,1	
platooning,1	
play,11	
playability,1	
played,10	
player,4	
players,1	
playing,6	
plays,5	
plea,1	
pleaded,1	
pleased,1	
pledge,1	
pledged,3	
pledges,1	
plenty,1	
plot,1	
plotting,2	
plunged,1	
plunges,1	
plush,1	
pockets,3	
podium,1	
poem,4	
poems,1	
poet,2	
poetry,9	
poets,2	
point,5	
pointed,1	
points,11	
poised,2	
poison,4	
poisoned,1	
poisoning,3	
police,21	
policies,6	
policy,19	
policymakers,5	
polished,1	
political,27	
politically,2	
politician,2	
politicians,1	
politics,5	
polling,1	
polls,3	
pontiff,2	
pool,5	
pools,1	
poor,4	
pop,12	
popcorn,1	
pope,10	
popular,12	
populated,1	
population,3	
populism,1	
populist,2	
pork,7	
portend,1	
portfolio,1	
portion,1	
portrait,1	
portray,1	
portrayals,1	
portrayed,2	
portrays,1	
posed,3	
posing,2	
position,2	
positions,7	
positive,1	
possess,1	
possibility,2	
possible,5	
possibly,3	
post,4	
posted,2	
posts,2	
postsecondary,2	
posture,1	
potent,1	
potential,4	
potentially,3	
pounded,2	
pounds,1	
pour,2	
poverty,10	
power,25	
powered,1	
powerful,5	
powerhouse,1	
powers,2	
practice,5	
practices,3	
prairie,1	
praised,1	
praises,1	
prayed,1	
prayers,1	
praying,1	
preached,1	
preacher,2	
precautions,1	
preceding,1	
precious,3	
precisely,1	
precision,3	
predatory,1	
predawn,1	
predecessor,2	
predecessors,2	
predict,1	
predicted,3	
predicts,1	
predominantly,1	
prefer,1	
preferred,1	
preliminary,2	
premier,1	
premiere,1	
premiered,1	
prepared,1	
prepares,1	
preparing,2	
presence,4	
present,3	
presented,4	
presenting,1	
presents,1	
preservation,1	
preserve,1	
preserves,2	
presided,1	
presidency,6	
president,47	
presidential,21	
presidents,9	
press,3	
pressed,3	
pressing,2	
pressure,5	
pressures,1	
prestige,1	
prestigious,1	
pretend,1	
preternaturally,1	
pretty,1	
prevails,1	
prevent,4	
prevented,3	
preventing,1	
previous,4	
previously,4	
preying,1	
price,3	
prices,4	
primarily,1	
prime,1	
primed,1	
prince,1	
principal,2	
principle,1	
principles,1	
printing,1	
priorities,1	
prioritized,1	
priority,4	
prison,3	
prisoner,1	
prisoners,1	
privacy,3	
private,2	
privately,1	
prize,1	
probably,5	
problem,2	
problems,6	
proceedings,1	
process,9	
proclaimed,1	
proclaiming,1	
produce,2	
produced,4	
producer,5	
product,1	
production,2	
products,15	
profanities,1	
professional,3	
professionals,1	
professor,5	
profile,1	
profitability,1	
profits,1	
program,24	
programs,1	
progress,1	
progressive,2	
project,5	
projected,1	
projection,1	
projections,1	
prominence,3	
prominent,4	
promise,1	
promised,7	
promises,2	
promising,2	
promote,6	
promoter,1	
promoting,1	
prompting,3	
prompts,1	
pronounced,1	
pronouncements,1	
pronouncing,1	
proof,1	
propelling,1	
proper,1	
properly,4	
properties,2	
property,2	
proportions,1	
proposal,1	
proposals,1	
proposed,2	
prose,1	
prosecution,3	
prosecutors,1	
prospective,2	
prospects,1	
prosperous,1	
protect,10	
protected,2	
protecting,2	
protection,3	
protectionism,2	
protectionist,1	
protections,1	
protects,1	
protest,7	
protested,3	
protester,1	
protesters,15	
protesting,1	
protests,12	
prove,1	
proved,2	
provide,4	
provided,5	
provider,1	
providing,1	
province,3	
provinces,2	
provincial,1	
proxy,1	
psychological,2	
psychology,1	
public,20	
publicly,2	
publish,2	
published,7	
publishing,1	
pull,4	
pulled,1	
pulling,1	
pullout,1	
pulls,1	
pulsed,1	
punched,1	
punchers,1	
punching,1	
punish,2	
punishing,1	
punitive,2	
puppet,1	
purchase,1	
purchases,1	
pure,1	
purple,1	
purpose,1	
purposely,1	
pursuing,2	
pursuit,1	
purview,1	
push,1	
pushed,3	
pushes,2	
pushing,1	
put,15	
puts,1	
putting,7	
qualify,1	
quality,4	
quarter,1	
quarterly,1	
quashed,1	
queenly,2	
question,4	
questioned,1	
questioning,2	
questions,8	
quick,2	
quickly,8	
quiet,4	
quietly,1	
quit,2	
quite,2	
quiz,1	
quotas,1	
quoted,5	
quoting,1	
rabbis,1	
race,5	
racial,6	
racially,1	
racist,1	
racked,1	
radical,2	
radio,1	
radioactive,1	
raged,1	
raise,3	
raised,8	
raising,2	
rallied,1	
rally,5	
rampant,1	
ran,5	
ranch,1	
range,3	
rank,1	
ranks,2	
rap,1	
rape,1	
rare,6	
rarely,1	
rarest,1	
rasping,1	
rate,7	
rates,5	
rather,6	
ratified,1	
rating,2	
ratings,2	
ratio,1	
raw,1	
reach,5	
reached,9	
reaches,1	
reaching,2	
react,2	
reacting,1	
read,1	
readers,2	
reading,4	
readings,1	
reads,2	
ready,2	
reaffirmed,1	
real,7	
reality,2	
realize,3	
realized,1	
realizing,1	
really,15	
rear,1	
reasons,1	
reassess,1	
reassesses,1	
rebaptized,1	
rebel,13	
rebels,6	
reboot,2	
rebounds,3	
rebuild,1	
rebuilding,1	
rebuke,1	
rebut,1	
recalibrating,2	
recalled,3	
receive,5	
received,8	
receives,1	
receiving,1	
recent,24	
recently,11	
reception,2	
recession,1	
recipes,2	
recipient,1	
recipients,1	
reciprocal,1	
reciprocated,2	
recital,1	
recitation,1	
reckoning,1	
recognition,2	
recognize,2	
recognized,3	
recognizes,1	
recognizing,1	
recommendation,1	
recommended,1	
reconciliation,6	
reconstructive,1	
record,6	
recorded,1	
recording,1	
records,2	
recovered,1	
recovery,3	
rectitude,1	
red,2	
rededicate,1	
redemption,3	
redlining,1	
reduce,5	
reduction,1	
reefs,1	
refer,1	
reference,3	
referenced,1	
references,1	
referred,1	
referring,5	
refinery,1	
reflected,1	
reflection,2	
reflects,1	
reform,2	
reformer,2	
reforms,1	
refrain,1	
refuge,1	
refugee,3	
refugees,8	
refuse,1	
refused,1	
refusing,2	
regained,2	
regime,1	
region,9	
regional,3	
regionally,1	
regions,1	
register,1	
registering,1	
registration,1	
regular,2	
regularly,1	
regulation,3	
regulations,3	
regulators,1	
rehabbing,1	
rehabilitate,1	
reign,1	
reinstated,1	
reinstatement,1	
reinvented,1	
reiterated,1	
reiterating,1	
reject,1	
rejected,11	
rejecting,1	
relate,1	
relating,1	
relations,9	
relationship,2	
relationships,2	
relatively,1	
relatives,1	
relax,1	
release,9	
released,12	
releases,1	
releasing,1	
relevant,1	
reliably,1	
reliant,1	
relic,1	
relied,2	
relief,6	
relies,2	
reliever,1	
religion,1	
religious,3	
relocated,1	
reluctant,2	
rely,2	
remain,9	
remainder,1	
remained,3	
remaining,4	
remains,10	
remark,1	
remarkable,1	
remarks,3	
remedy,1	
remember,2	
remembrance,1	
reminds,1	
reminisced,1	
removal,1	
remove,3	
removed,3	
rendering,2	
renegotiate,1	
renegotiated,1	
renegotiating,1	
renewed,3	
renewing,1	
renovated,1	
rent,2	
rental,1	
reparation,1	
repeatedly,4	
repelled,1	
replacement,1	
replaces,1	
replacing,1	
repo,1	
report,9	
reported,12	
reportedly,3	
reporter,4	
reporters,13	
reporting,7	
reports,10	
represent,2	
representative,2	
representatives,2	
represented,2	
representing,2	
reproduced,1	
reproduces,2	
reproductions,1	
republic,1	
repulsed,1	
repurchase,1	
reputation,3	
request,3	
requests,1	
require,8	
requirement,3	
requirements,1	
requires,1	
requiring,1	
rescind,1	
rescinded,1	
rescue,3	
rescued,2	
research,4	
researching,1	
reserves,1	
resided,1	
residence,1	
residency,1	
resident,3	
residential,2	
residents,4	
resigned,1	
resistance,4	
resisted,2	
resolve,2	
resolved,2	
resonates,1	
resort,3	
resources,2	
respect,7	
respectful,2	
respond,5	
responded,6	
respondents,1	
responding,1	
response,8	
responses,1	
responsibility,2	
responsible,6	
rest,3	
restoration,1	
restore,2	
restored,1	
restorer,1	
restricted,1	
restrictions,7	
restrooms,1	
result,4	
resulted,2	
resulting,1	
results,4	
resume,2	
resurgence,3	
resurrected,1	
resurrection,1	
retain,2	
retains,1	
retake,2	
retaliate,1	
rethink,3	
retired,10	
retirement,1	
retreat,2	
retreated,1	
retried,1	
return,11	
returned,9	
returning,4	
returns,1	
revamped,1	
revamping,1	
reveal,1	
revealing,1	
revenge,2	
revenue,3	
reverse,2	
reversing,1	
review,1	
reviewing,1	
reviews,1	
reviled,1	
revise,1	
revised,2	
revisit,1	
revive,1	
revoked,2	
revolution,1	
reward,1	
rewrite,1	
rhyme,3	
rhymes,1	
riches,1	
richest,1	
ricocheted,1	
ridiculous,4	
rifle,1	
rifles,2	
right,14	
rights,21	
rigorous,1	
rioting,1	
riots,1	
rise,5	
risen,2	
rising,5	
risk,1	
risks,2	
risky,3	
risqu,1	
rival,3	
rivalries,1	
rivals,5	
river,2	
riverbank,1	
rivers,1	
road,3	
robbery,1	
robes,1	
robust,1	
rock,2	
rocked,1	
rockers,1	
rockets,1	
rocky,1	
role,13	
rolled,2	
rolling,3	
romance,2	
room,1	
rooms,1	
root,1	
roots,1	
rose,5	
roster,2	
rotation,3	
rough,1	
roughly,2	
round,1	
rounded,1	
roundup,1	
route,1	
routed,1	
routes,3	
routine,2	
routinely,3	
routines,1	
rubber,1	
rubbing,1	
rule,6	
ruled,5	
rulers,1	
rules,6	
ruling,8	
run,12	
runners,1	
running,9	
runs,7	
rural,10	
rushing,1	
sabotage,1	
sacrifice,1	
sad,1	
saddles,1	
safeguard,1	
safety,1	
saffron,1	
salaries,1	
salary,4	
sale,4	
sales,4	
salute,1	
sample,1	
sanctions,5	
sanctuaries,1	
sand,1	
sandals,2	
sandpaper,1	
sang,7	
sanitation,1	
satellite,1	
satisfied,1	
save,5	
saved,2	
saves,1	
saving,1	
savvy,2	
saw,7	
saying,21	
says,37	
scale,2	
scaled,1	
scandal,2	
scandals,2	
scary,1	
scenario,1	
scene,2	
scenes,3	
scenic,1	
schedule,1	
scheduled,5	
scheme,1	
schemes,1	
schlepped,1	
scholars,1	
scholarships,1	
school,13	
schools,10	
science,3	
scientific,1	
scientists,4	
scolding,1	
scorched,1	
scored,7	
scoring,1	
scour,1	
scrap,4	
scraps,1	
screen,2	
scripted,1	
scrutinize,1	
scrutinized,1	
scrutiny,4	
scuffing,1	
sea,1	
seal,2	
search,3	
searing,1	
season,5	
seasons,2	
seat,3	
seated,1	
seats,2	
second,6	
seconds,4	
secret,2	
secretary,9	
secretly,1	
sect,1	
sector,5	
sectors,1	
secular,1	
secured,1	
securing,1	
securities,1	
security,26	
see,15	
seed,3	
seeing,3	
seek,6	
seeking,3	
seeks,1	
seem,5	
seemed,3	
seemingly,1	
seems,1	
seen,17	
sees,2	
segment,2	
segregation,3	
seize,1	
seized,5	
selection,1	
self,1	
sell,2	
selling,1	
selves,1	
semiautonomous,1	
senator,3	
send,4	
sending,2	
senile,2	
senior,16	
sensational,1	
sense,3	
sensitive,1	
sent,18	
sentence,1	
sentenced,3	
separate,4	
separated,1	
sequel,1	
sergeant,1	
series,9	
serious,2	
seriously,3	
sermonized,1	
servants,1	
serve,9	
served,11	
serves,1	
service,8	
services,7	
serving,6	
session,2	
setting,4	
settle,4	
settled,2	
settling,1	
setup,1	
seven,10	
seventh,3	
several,10	
severely,1	
sex,4	
sexual,1	
sexy,1	
shack,1	
shadow,2	
shake,1	
shaky,1	
shaped,2	
share,5	
shared,5	
shares,1	
sharp,1	
shattering,1	
shed,1	
shellings,1	
shells,1	
shelves,1	
shes,1	
shielded,1	
shift,1	
shine,1	
ship,1	
shipments,1	
shipping,1	
ships,1	
shocked,2	
shook,2	
shoot,1	
shooting,5	
shootings,1	
short,3	
shortened,1	
shortly,2	
shot,15	
shoulder,1	
shouting,1	
shouts,1	
show,15	
showcase,1	
showed,7	
showing,6	
shown,1	
shows,4	
shut,2	
side,14	
sides,8	
sidestep,2	
siege,5	
sight,1	
sign,2	
signal,2	
signaling,2	
signalled,1	
signature,2	
signatures,1	
signed,6	
significant,4	
significantly,2	
signing,2	
signs,2	
signups,1	
silence,1	
silent,1	
similar,3	
simple,2	
simplest,1	
simply,1	
simultaneous,1	
sin,1	
since,48	
sincerely,1	
sincerity,1	
sing,1	
singer,8	
singers,10	
single,12	
singled,5	
singular,2	
sirens,1	
sister,1	
sisters,1	
sitcom,1	
site,10	
sites,2	
sitting,2	
situation,3	
six,11	
sixth,4	
size,2	
skating,1	
skeptical,3	
skepticism,3	
skewed,1	
skill,1	
skilled,1	
skills,1	
skip,1	
skirts,1	
slamming,1	
slap,1	
slapped,2	
slated,1	
slavery,1	
sleeve,1	
slightly,1	
slogan,1	
slot,1	
slow,1	
slower,2	
slugger,1	
sluggish,1	
small,11	
smaller,7	
smart,2	
smear,1	
smeared,1	
smiled,1	
smuggle,2	
smuggled,4	
smugglers,1	
smuggling,1	
snap,1	
snapshot,1	
sneak,1	
snowstorm,1	
snuggled,1	
social,13	
society,2	
soda,1	
soft,3	
soil,1	
sold,7	
soldier,2	
soldiers,20	
solely,1	
solid,3	
solidarity,2	
solidly,1	
solo,2	
solutions,3	
somebody,1	
someone,8	
something,8	
somethings,1	
sometimes,6	
somewhat,2	
son,8	
song,7	
songs,6	
soon,4	
sooner,1	
sophistication,2	
sore,1	
sorrow,1	
sort,2	
sorted,1	
sorts,1	
sought,7	
sound,5	
soup,1	
source,2	
sources,2	
south,2	
southeastern,1	
southern,7	
southwest,1	
souvenir,2	
sovereignty,2	
space,3	
spaces,1	
spanning,1	
spare,6	
spark,2	
sparking,3	
sparsely,1	
spat,2	
speak,8	
speakers,2	
speaking,3	
special,4	
specialized,3	
specific,1	
specked,1	
spectacular,1	
spectators,1	
spectrometry,1	
spectrum,1	
speculation,1	
speech,8	
spending,3	
spent,11	
sperm,1	
spiked,1	
spirit,1	
spirits,1	
split,2	
spoke,3	
spoken,2	
spokesman,11	
spokeswoman,1	
spooking,1	
spoon,1	
sport,1	
sports,1	
spot,3	
spotlight,1	
spotlights,1	
spotted,1	
sprain,2	
sprawling,1	
spread,4	
spring,8	
sprouted,1	
sprung,1	
spurred,1	
spy,4	
square,6	
stability,2	
stabilization,1	
stacks,1	
stadium,1	
staff,6	
staffed,1	
stage,2	
staged,4	
staging,1	
stake,1	
stall,1	
stalling,1	
stance,5	
stances,1	
stand,14	
standards,3	
standing,4	
standings,1	
standoff,2	
standpoint,1	
stands,2	
star,5	
stardom,1	
starring,1	
starry,1	
stars,11	
start,17	
started,13	
starter,1	
starting,1	
starts,3	
state,25	
stated,1	
statehouses,1	
statement,5	
statements,2	
states,2	
station,1	
stationed,2	
statistics,1	
status,5	
stave,1	
stay,2	
stayed,2	
steadfast,1	
steady,2	
steals,1	
stealth,1	
steel,10	
steered,1	
step,4	
stepped,5	
stepping,1	
steps,7	
stewardship,2	
stick,3	
sticking,1	
stifling,1	
still,19	
stirred,1	
stock,3	
stocks,1	
stoked,2	
stolen,2	
stones,4	
stood,3	
stop,24	
stopped,2	
stopping,3	
stops,1	
store,2	
storied,1	
stories,4	
stormed,1	
storms,1	
story,9	
stowed,1	
straight,3	
straightforward,1	
strained,3	
straining,1	
stranded,2	
strategic,2	
strategy,4	
stray,2	
streak,2	
streaming,2	
street,2	
streets,4	
strength,2	
strengthen,1	
strengthened,1	
stressed,2	
stretch,1	
strict,1	
strike,3	
strikeouts,2	
strikes,1	
striking,2	
string,2	
stringent,1	
strings,1	
strip,1	
stripped,2	
stroke,1	
strokes,1	
strong,9	
stronger,1	
stronghold,2	
strongly,1	
struck,6	
structure,2	
struggle,2	
struggled,3	
struggles,1	
struggling,6	
stub,1	
stuck,1	
student,8	
students,19	
studied,2	
studio,6	
studios,8	
study,4	
studying,1	
stuff,2	
stumbled,1	
stunt,1	
stuttering,1	
style,1	
subject,3	
submit,2	
submitted,1	
subprime,1	
subscription,2	
subsidies,1	
subsidy,1	
substances,1	
suburbs,10	
succeeded,2	
success,3	
successes,1	
successful,4	
successfully,1	
succession,1	
successor,1	
suffered,4	
suffering,3	
suggest,2	
suggested,3	
suggestion,1	
suggests,3	
suicide,1	
suit,1	
suits,1	
summarize,1	
summer,8	
summit,7	
sums,1	
super,1	
superheroes,1	
superstar,1	
supplemental,1	
support,19	
supported,3	
supporters,4	
supports,1	
supposed,1	
suppress,1	
supreme,1	
sure,5	
surgery,3	
surmount,2	
surplus,6	
surprise,2	
surprised,1	
surprising,1	
surrender,3	
surreptitiously,1	
surrounded,2	
survey,4	
surveyed,2	
survival,1	
survived,2	
surviving,2	
survivors,1	
suspect,1	
suspected,4	
suspects,1	
suspend,2	
suspended,2	
suspending,1	
suspension,3	
suspicion,1	
sustain,1	
sustainable,1	
sustained,1	
swap,1	
swaps,1	
sway,1	
sweeping,1	
swelled,1	
sweltering,1	
swept,7	
swift,2	
swim,1	
swing,1	
swirled,2	
switched,1	
swore,2	
sworn,3	
symbiotic,1	
symbol,1	
symbolism,1	
sympathy,1	
synonym,1	
system,7	
systematic,1	
systematically,2	
table,2	
taboo,1	
tackling,3	
tactics,1	
taekwondo,4	
tag,1	
tainted,1	
taken,8	
takes,5	
taking,7	
talent,1	
talk,6	
talked,2	
talking,2	
talks,13	
tall,1	
tank,2	
target,5	
targeted,5	
targets,3	
tariff,11	
tariffs,18	
task,4	
tasks,1	
taught,1	
tax,2	
taxi,1	
taxpayer,1	
taxpayers,1	
teach,2	
teacher,2	
teachers,6	
teaching,1	
team,12	
teammate,1	
teammates,1	
teams,3	
tear,5	
tech,6	
technical,3	
technicality,1	
technically,1	
technique,2	
techniques,2	
technological,1	
technology,12	
tedious,2	
teenager,2	
teenagers,1	
teetotaler,1	
telephone,1	
televised,3	
television,14	
tell,4	
telling,4	
tells,1	
temporarily,1	
temporary,1	
tempting,1	
tend,2	
tendencies,1	
tens,10	
tense,2	
tension,5	
tensions,11	
tent,2	
term,1	
terminate,1	
termination,1	
terms,5	
terrible,1	
territorial,1	
territories,1	
territory,7	
terror,1	
terrorism,2	
terrorist,3	
test,2	
testified,1	
tests,2	
thank,2	
thatll,1	
thats,2	
thaw,3	
thawi,1	
thawing,1	
theater,4	
theaters,4	
theft,2	
theme,2	
theological,1	
theories,1	
theory,1	
therefore,2	
theyre,1	
thief,2	
thin,1	
thing,4	
things,11	
think,22	
thinking,2	
third,16	
thoroughfares,1	
though,12	
thought,4	
thousand,1	
thousands,25	
threat,7	
threaten,1	
threatened,10	
threatening,1	
threats,2	
three,31	
threw,2	
thrilled,2	
thriving,1	
thronged,1	
throughout,3	
throwing,2	
thumb,1	
thundering,1	
thunderous,1	
ticket,5	
ticketing,1	
ticking,1	
tickled,1	
tidier,1	
tidy,1	
tie,1	
tied,1	
ties,7	
tight,1	
tightened,1	
tightly,1	
til,1	
till,1	
time,62	
timeChanged,1	
times,13	
timing,2	
tiny,2	
tipped,1	
tire,3	
tired,3	
tires,3	
title,5	
titled,3	
titles,1	
tobacco,1	
today,7	
todays,4	
toddler,1	
together,13	
toll,2	
tomorrow,1	
tone,3	
took,27	
tool,1	
tools,2	
top,17	
topic,1	
topical,1	
topics,1	
topped,2	
torched,1	
tortilla,1	
torture,2	
tortures,1	
tossed,1	
tossup,1	
total,6	
totaled,1	
totaling,2	
totally,1	
touched,2	
tough,7	
tougher,2	
toughest,1	
tour,4	
toured,1	
tourism,2	
tourist,1	
tourists,1	
tournaments,1	
touted,2	
touting,1	
toward,20	
towards,1	
towering,1	
town,29	
towns,4	
toxicology,1	
track,2	
tracked,3	
tractor,1	
trade,47	
trading,4	
tradition,3	
traditional,4	
trafficking,3	
tragic,1	
trail,1	
trailing,1	
train,1	
trained,3	
training,5	
transferred,1	
transferring,1	
transit,1	
translating,1	
transparent,1	
transport,2	
transported,1	
trapped,5	
trauma,1	
travails,1	
travel,1	
traveled,3	
traveling,4	
travelled,1	
treasures,2	
treat,2	
treated,3	
treatment,2	
trees,2	
trenches,1	
trend,1	
trial,13	
triangle,1	
triangles,1	
tribal,1	
tribe,3	
tribulations,1	
tribunal,2	
trick,1	
tried,10	
trillion,2	
trillions,1	
trilogy,1	
trip,2	
triple,1	
trips,1	
troops,28	
trouble,2	
troubles,1	
troupe,3	
troupes,1	
true,5	
trumped,1	
trust,2	
trustee,1	
truth,2	
try,5	
trying,12	
tune,1	
tunes,1	
tunnels,3	
turbulent,1	
turn,5	
turnCause,1	
turned,10	
turning,2	
turnout,2	
turnouts,1	
turnover,1	
turns,1	
tweet,4	
tweeted,6	
tweeting,2	
tweets,12	
twice,2	
two,70	
tying,2	
typical,1	
ultimately,3	
unable,1	
unaccustomed,1	
unanimously,1	
unarmed,4	
unauthorized,1	
unbelievable,1	
uncertain,1	
uncertainties,1	
uncle,1	
unclear,6	
uncommon,1	
unconventional,1	
underestimated,1	
underground,3	
underline,1	
underlying,1	
underneath,1	
underpinned,1	
understand,1	
understanding,3	
understands,1	
understood,2	
undertaken,1	
underway,3	
underwent,1	
undetected,2	
undocumented,3	
undoubtedly,1	
unemployment,7	
unexpected,1	
unexploded,1	
unfair,2	
unfinished,1	
unification,1	
unified,2	
unifying,1	
unilateral,2	
union,3	
unit,6	
unite,1	
united,3	
units,9	
unity,1	
universal,1	
universally,1	
universe,1	
university,1	
unknown,2	
unleashed,1	
unless,3	
unlike,1	
unlikely,6	
unorganized,1	
unrecognizable,1	
unreported,1	
unresponsive,1	
unruly,1	
untouchable,1	
unusual,2	
upcoming,1	
updated,1	
upgrading,1	
upheaval,2	
upholsterer,1	
upon,1	
uprising,3	
uproar,1	
uprooted,1	
upscale,1	
upstanding,1	
upsurge,1	
urban,3	
urged,12	
urging,3	
use,16	
users,2	
uses,4	
usher,1	
using,11	
usual,1	
usually,3	
utility,1	
vacant,1	
vague,1	
valedictorian,1	
valued,1	
values,1	
van,15	
varied,1	
variety,1	
various,6	
varnish,1	
varying,1	
vast,3	
vastly,1	
veering,1	
vegetarian,1	
vehicle,5	
veiled,1	
venting,1	
venture,1	
verdict,1	
verifiable,1	
versatile,1	
version,2	
versus,1	
veteran,3	
veterans,3	
veto,1	
vets,1	
via,1	
vibrates,1	
vice,4	
victims,11	
victories,1	
victory,3	
video,7	
videos,5	
view,4	
viewers,2	
viewing,1	
village,3	
villages,5	
violated,1	
violations,1	
violence,25	
violent,3	
violin,12	
violinist,2	
violinists,2	
violins,5	
virtual,2	
virtuoso,1	
visa,1	
visibility,1	
visible,1	
vision,2	
visit,13	
visited,2	
visiting,3	
visitors,1	
visits,2	
vivid,1	
vocal,1	
vocalist,1	
vocalists,1	
voice,4	
voices,2	
voicing,1	
voluntarily,1	
voluntary,1	
vote,3	
voted,2	
voter,2	
voters,4	
votes,2	
vowed,3	
vows,1	
vulnerable,4	
wading,1	
wage,2	
waged,2	
wages,1	
wait,2	
waited,1	
waiting,1	
waking,1	
walk,2	
walked,3	
walkouts,1	
walks,2	
wall,12	
walls,2	
wands,1	
waned,3	
want,18	
wanted,5	
wants,5	
war,57	
warehouse,1	
warfare,1	
warm,1	
warned,6	
warning,3	
warnings,1	
warplanes,1	
warring,2	
wars,2	
wartime,2	
wary,1	
wasnt,1	
waste,3	
watch,5	
watchdogs,1	
watched,7	
watching,8	
water,4	
waters,3	
waved,1	
waving,1	
way,21	
ways,4	
weak,3	
weaken,1	
weakened,1	
wean,1	
weapons,10	
wear,1	
wearing,4	
website,1	
wedding,1	
week,30	
weekday,1	
weekend,18	
weeklong,1	
weekly,1	
weeknights,1	
weeks,10	
weigh,1	
weight,1	
well,25	
went,17	
west,1	
western,5	
wet,2	
weve,3	
whats,2	
wheat,1	
whenever,1	
whether,11	
whirling,1	
whirlwind,1	
whisked,1	
whiskey,1	
whiskeyHad,1	
white,6	
whites,1	
whole,1	
whose,16	
wide,2	
widely,4	
wider,1	
widespread,2	
widow,4	
wife,20	
willies,1	
willing,1	
willingness,2	
win,4	
windows,1	
wine,2	
wing,3	
winners,1	
winning,1	
wins,1	
wipe,1	
wiped,2	
wire,1	
wisdom,1	
wish,2	
wished,1	
wishes,2	
wishing,2	
withdraw,2	
withdrawal,1	
withdrawing,1	
within,13	
without,8	
witness,1	
woman,2	
womans,1	
women,10	
wonderful,1	
wont,1	
wood,3	
wooden,2	
word,3	
words,2	
work,15	
worked,8	
workers,6	
working,11	
works,3	
world,21	
worlds,5	
worldview,1	
worldwide,1	
worn,1	
worries,2	
worry,9	
worshipers,1	
worst,3	
worth,2	
wounded,5	
wounds,4	
wrap,1	
wraps,2	
wreckage,1	
wrested,3	
writer,5	
writers,1	
writes,1	
written,2	
wrong,2	
wrote,19	
year,53	
yearning,1	
years,65	
yellow,1	
yes,1	
yet,6	
yodel,1	
youd,2	
youll,1	
young,12	
younger,2	
youngest,4	
youre,7	
youth,5	
youve,2	
zeal,1	
zone,4	
zones,2	
