word,count	
absolutely-tha,193	
abyss-stupidity,589	
access-cambridge,663	
accessed-also,155	
accessed-facebook,73	
across-facebook,198	
affairs-committee,20	
aggregate-misused,20	
aggregateiq-firmasnn,180	
aiq-data,2091	
aiq-indeed,663	
aiq-las,90	
aiq-ltd,113	
aiq-may,663	
aiq-worked,43	
albawhitewolf-regrettable,20	
alexander-nix,89	
alexander-torshi,107	
already-trying,20	
also-aiq,43	
also-colluded,155	
always-question,98	
america-agains,295	
america-number,213	
americans-privacy,155	
americans-undertake,6	
analytica-accessed,73	
analytica-aiq,90	
analytica-boss,89	
analytica-data,487	
analytica-debacle,103	
analytica-est,3	
analytica-etc,79	
analytica-graphic,60	
analytica-helped,40	
analytica-influence,20	
analytica-kin,1064	
analytica-lacks,139	
analytica-que,69	
analytica-revelations,60	
analytica-says,85	
analytica-scandal,85	
analytica-servers,663	
analytica-sets,589	
analytica-shareholder,303	
analytica-steal,291	
analytica-stories,180	
analytica-story,247	
analytica-tells,771	
analytica-testified,60	
analytica-theresa,180	
analytica-took,1189	
analytica-trum,20	
analytica-trumps,16	
analytica-using,102	
analytica-uso,20	
analytica-watergate,20	
analytica-whistleblower,673	
analyticas-israeli,103	
andrew-neil,128	
another-cambridge,103	
anything-might,20	
apologises-cambridge,20	
april-alre,198	
april-mark,198	
ardndan-veri,180	
around-growing,20	
arrested-mark,20	
ask-ward,1064	
asking-john,14	
assisting-get,20	
assume-johnson,114	
attack-hindus,14	
awards-tactic,291	
back-even,20	
bannon-abso,102	
based-facts,20	
bbc-news,1015	
behind-recent,103	
beleave-veterans,20	
believe-cambridge,119	
besides-tax,20	
better-job,1015	
big-political,1015	
black-cube,103	
bolton-get,14	
boris-mate,303	
boss-alexander,89	
boss-duterte,20	
bragging-shows,589	
breach-evidence,2091	
breaking-big,1015	
brexit-needs,20	
brexit-referendum,20	
brexit-result,120	
brexit-vot,20	
brexit-vote,60	
bring-everything,20	
bring-government,20	
britnico-que,20	
btw-great,1064	
cambridge-analytic,40	
cambridge-analytica,8988	
cambridge-analyticas,103	
cambridge-ardndan,180	
cambridge-boss,20	
cambridge-influence,120	
cambridge-stuff,20	
campaign-data,180	
campaigns-supported,283	
canadian-analytic,113	
canadian-office,241	
canal-britnico,20	
case-facts,673	
caso-analytica,69	
casualtymonitor-constant,20	
chairman-tainted,20	
channel-news,1015	
cheat-brexi,20	
cheat-brexit,20	
china-morning,89	
chris-keelty,200	
christopher-wylie,60	
chuck-absolutely,193	
chuck-cooperating,578	
citizens-tainted,283	
clarifying-example,320	
clear-cambri,200	
clear-cambridge,40	
clearance-job,14	
clearly-early,102	
coisas-sobre,69	
colluded-get,155	
colorado-concerned,283	
coming-today,20	
committee-chairman,20	
concerned-citizens,283	
confirm-aiq,663	
confirmation-data,111	
confused-cambridge,20	
congressional-hearings,1052	
connect-people,180	
conspiracy-theory,291	
constant-promotion,20	
contractor-black,103	
convido-ler,69	
coo-received,111	
cooperating-depar,8	
cooperating-departmen,570	
counsel-looking,20	
cover-robert,583	
creadores-rendn,79	
cruz-spent,310	
cube-suspected,103	
data-breach,2091	
data-conspiracy,291	
data-facebook,320	
data-firm,2507	
data-million,453	
data-min,20	
data-mln,111	
data-power,180	
data-russia,20	
data-scandal,167	
datos-facebook,20	
deal-moscow,295	
debate-around,20	
del-senador,3	
democratic-fair,20	
democratic-leaving,180	
desperately-wants,434	
destap-escndalo,20	
dier-irket,180	
directly-heart,92	
director-cambridge,771	
discovered-aiq,2091	
documents-link,90	
documents-parliament,92	
duterte-coming,20	
early-steve,102	
election-south,89	
elections-suspended,43	
electoral-datos,20	
enmeshed-wit,2091	
equipo-del,3	
escndalo-cambridge,20	
escrevi-umas,69	
est-trabajando,3	
etc-llega,79	
ethical-questions,1052	
ethics-person,1052	
europes-gdpr,198	
evasion-special,20	
even-stronge,20	
every-republican,1189	
everything-else,20	
evidence-conspiracy,295	
evidence-documents,673	
evidence-presented,90	
evidence-says,2091	
exact-address,241	
example-pervasive,320	
exceed-million,73	
extend-europes,198	
face-scanning,20	
facebook-cambridge,223	
facebook-data,20	
facebook-inexplicably,20	
facebook-lake,320	
facebook-owner,20	
facebook-profiles,73	
facebook-says,203	
facebook-survive,93	
facebook-suspended,180	
facebook-suspends,187	
facebook-users,211	
fact-aiq,113	
facts-evidence,673	
facts-untruths,20	
fair-reasonable,20	
far-better,1015	
faux-patriots,20	
fbi-security,14	
firm-already,20	
firm-enmeshed,2091	
firm-offic,180	
firm-suspended,180	
firm-worked,36	
forced-reflect,180	
foreign-affairs,20	
foreigners-assisting,20	
former-research,771	
former-tory,303	
found-video,6	
franais-potentiellement,10	
full-former,193	
funds-robert,107	
gdpr-across,198	
geen-dier,180	
get-fbi,14	
get-hillary,155	
get-power,20	
gewaarschuwd-sluizen,12	
geweest-zijn,12	
gone-anything,20	
gov-data,113	
government-increasingly,180	
government-swept,20	
graphic-video,80	
great-opportunity,1064	
great-see,20	
group-aggregateiq,241	
group-canadian,113	
guilty-sin,155	
hacker-odebrecht,79	
half-million,434	
head-nsc,14	
headlines-salisbury,65	
hearings-ethics,1052	
heart-government,92	
helped-cheat,40	
hey-hide,20	
hide-data,36	
hijack-next,20	
hillary-ele,155	
hindus-insulting,14	
historic-two,119	
house-foreign,20	
hundreds-hundreds,6	
hundreds-thousand,283	
hundreds-thousands,6	
hunt-another,103	
idea-subtly,14	
idiotism-principals,589	
illegally-accessed,155	
impartially-breaking,1015	
implicated-internationa,1189	
implodes-even,167	
important-discovered,2091	
increasingly-looks,180	
indeed-acce,663	
inexplicably-intend,20	
influence-brexit,120	
influence-nigerian,20	
information-breached,65	
innocense-wear,93	
insulting-planned,14	
intelligence-contractor,103	
intend-bring,20	
interesting-ethical,1052	
invited-foreigners,20	
irket-kanadal,180	
ironic-cambridge,65	
israeli-private,103	
jarenlang-gewaarschuwd,12	
job-head,14	
job-reporting,1015	
john-bolton,121	
johnson-farage,114	
joined-trump,213	
jueguen-limp,79	
kanadal-aggregateiq,180	
keep-promise,213	
key-questions,167	
knocked-news,65	
lacks-brexit,235	
lake-within,320	
lead-directly,92	
learn-back,20	
leave-beleave,20	
leave-campaign,180	
led-joined,213	
link-cambridge,90	
link-gov,113	
llega-jueguen,79	
looking-data,20	
looking-mercer,20	
looks-cambridge,20	
lord-marland,303	
los-mismos,79	
lost-innocense,93	
ltd-scl,113	
lvaro-uribe,3	
made-clear,240	
mandate-means,20	
mark-arrested,20	
mark-guilty,155	
mark-zuckerberg,218	
marland-cambridge,303	
massive-evidence,295	
massive-spending,1064	
mate-lord,303	
may-access,663	
may-remain,20	
may-shared,100	
may-stored,109	
may-well,60	
mays-government,180	
means-brexit,20	
meddling-philippine,89	
media-data,180	
mercer-cambridge,583	
mercer-implicated,1189	
might-bring,20	
might-stored,20	
million-cambridge,310	
million-dolla,434	
million-facebook,109	
million-information,65	
million-people,100	
million-users,224	
millions-americans,155	
mismos-creadores,79	
misused-referendum,20	
mln-users,111	
money-robert,1189	
morning-pos,89	
naef-geweest,12	
nearly-half,434	
needs-democratic,20	
news-far,1015	
news-headlines,65	
news-impartially,1015	
news-staff,1015	
next-election,20	
next-piece,20	
nick-robinson,128	
niet-open,12	
nigerian-election,20	
nix-probed,89	
number-super,213	
ocean-clarifying,320	
odebrecht-cambridge,79	
office-information,241	
office-scl,241	
open-zetten,12	
opportunity-ask,1064	
opportunity-connect,180	
ops-turn,295	
osm-awards,291	
outcome-brexit,60	
overheid-veel,12	
owner-mark,20	
par-scandale,10	
para-equipo,3	
parliament-documents,90	
parliament-lead,92	
patriots-invited,20	
people-may,100	
people-sale,180	
pervasive-invisibl,320	
philippine-election,89	
photo-boris,303	
piece-cambridge,200	
planned-cambridge,14	
plans-facebook,20	
please-remember,120	
please-stand,20	
plot-thickens,98	
plus-franais,10	
potentiellement-touchs,10	
power-social,180	
ppl-looking,20	
presented-parliament,90	
presidential-tainted,310	
principals-bragging,589	
privacy-illegally,155	
private-intelligence,103	
probed-meddling,89	
profiles-exceed,73	
promise-america,213	
promised-extend,198	
promotion-ukip,20	
providing-cover,583	
que-destap,20	
que-vos,69	
question-quickly,98	
question-rachel,14	
questions-congressional,1052	
quite-clearly,102	
quite-ironic,65	
quoted-face,20	
rachel-asking,14	
ramon-speaks,180	
read-sandber,180	
read-simply,20	
reasonable-mandate,20	
received-funds,107	
received-reply,111	
recent-sting,103	
referendum-based,20	
referendum-vote,20	
reflect-use,180	
regrettable-may,20	
remain-learn,20	
remember-tha,120	
rendn-hacker,79	
reply-sheryl,111	
reporting-news,1015	
republican-desperately,434	
republican-worked,1189	
republicans-worked,20	
research-director,771	
result-please,120	
retweeted-chris,200	
revelations-whatsapp,60	
richting-silicon,12	
robert-mercer,1879	
robinson-cambridge,128	
royce-spent,20	
ruin-election,5	
russia-cambri,20	
russia-cnn,116	
russia-ruin,5	
russian-ops,295	
sale-sandberg,180	
salisbury-poisoning,65	
sandberg-coo,111	
says-data,2191	
says-facebook,20	
says-hunt,103	
says-million,65	
scandal-gone,20	
scandal-implodes,167	
scandal-knocked,65	
scandale-cambridge,10	
scanning-plans,20	
scl-group,354	
screened-tonight,114	
seat-tainted,434	
security-clearance,14	
see-cambridge,120	
see-debate,20	
selling-opportunity,180	
senador-lvaro,3	
senate-seat,434	
servers-confirm,663	
sets-https,20	
sets-standards,589	
shady-data,20	
shared-cambridge,100	
shareholder-former,303	
sheryl-sandberg,111	
shows-abyss,589	
silicon-val,12	
simply-sets,20	
sin-millions,155	
skandalnda-geen,180	
sluizen-niet,12	
sobre-caso,69	
social-media,180	
soldier-spy,114	
south-china,89	
speaks-democratic,180	
special-counsel,20	
spending-cambridge,1064	
spent-million,310	
spent-nearly,434	
spy-screened,114	
staff-channel,1015	
stand-next,20	
standards-idiotism,589	
states-case,673	
steal-data,291	
steve-bannon,102	
still-made,20	
sting-ope,103	
stored-russia,307	
stories-forced,180	
story-andrew,128	
story-historic,119	
stuff-read,20	
stunned-cambridge,60	
stupidity-whol,589	
super-led,213	
supported-colorado,283	
survive-lost,93	
suspected-behind,103	
suspended-data,180	
suspended-facebook,223	
suspends-aggregate,20	
suspends-aggregateiq,167	
swept-carpet,20	
tactic-cambridge,291	
tailor-soldier,114	
tainted-cruz,310	
tainted-hundreds,283	
tainted-royce,20	
tainted-spent,434	
targetting-cambridge,20	
tax-evasion,20	
tells-chuck,771	
testified-outcome,60	
theresa-mays,180	
think-besides,20	
thousands-americans,6	
thread-interesting,1052	
tinker-tailor,114	
today-write,92	
todays-piece,180	
tonight-assume,114	
took-money,1189	
touchs-par,10	
trabajando-para,3	
true-attack,14	
trump-russian,295	
trump-tainte,213	
truth-always,98	
trying-hijack,20	
turn-america,295	
tweets-nick,128	
two-whistleblowers,119	
ukip-targetting,20	
umas-coisas,69	
undertake-survey,6	
uribe-akerman,3	
use-social,180	
users-may,109	
users-quite,102	
users-stored,198	
using-facebook,102	
uso-electoral,20	
veel-naef,12	
veri-skandalnda,180	
veterans-theresa,20	
video-cambridge,20	
video-hundreds,6	
video-smearbuhari,60	
vos-convido,69	
vote-leave,20	
vote-may,60	
wants-senate,434	
ward-massive,1064	
wear-whi,93	
well-bee,60	
whistleblower-states,673	
within-ocean,320	
worked-alexander,107	
worked-cambridge,1332	
worked-elections,43	
worked-faux,20	
write-documents,92	
writes-aiq,663	
wylie-cambridge,60	
wylie-writes,663	
youre-confused,20	
zetten-richting,12	
zijn-jarenlang,12	
zuckerberg-apologises,20	
zuckerberg-promised,198	
