word,count	
ABD,132	
ACTUALLY,190	
Agree,25	
Alaska,647	
Alec,192	
Alicia,63	
Amazon,54	
Americ,50	
America,411	
American,299	
Animal,193	
Another,182	
Apache,3	
Apparently,25	
Approval,59	
Armes,14	
Assad,1132	
Ataque,53	
Atlantic,72	
Attacks,268	
Avenue,1002	
BANKRUPTCY,329	
BET,262	
BIRTH,148	
BOT,63	
BUSINESSES,329	
Bad,7	
Bags,22	
Bakan,132	
Baltic,81	
Banks,6	
Barack,267	
Barr,28	
Barret,50	
Barron,545	
Barry,24	
Bashar,63	
Basketball,6	
Ben,41	
Betsy,41	
Biggest,59	
Bir,23	
Bizarre,343	
Black,262	
Blame,486	
Bob,107	
Bragging,25	
Brian,19	
CHEMICAL,1	
CLASSROOM,61	
COURAGEOUS,18	
Cabi,67	
Calipari,6	
Carson,41	
Cheap,206	
Chicago,54	
China,229	
Christopher,63	
City,1424	
Claiming,63	
Clinton,486	
Cohen,195	
Colbert,45	
Cold,81	
Compared,59	
Comparing,7	
Conference,64	
Costly,119	
Country,28	
Courts,329	
Crown,29	
DJT,182	
DOJ,21	
DONALD,826	
DONT,4	
Dark,67	
Data,36	
Dear,59	
Deaths,22	
Decider,19	
Delet,134	
Democrats,426	
Dems,182	
Department,28	
Deport,25	
Deregulation,77	
Devin,21	
Dies,31	
Dinner,65	
Dividing,25	
DoctorKropotkin,57	
Doesnt,12	
Donald,10618	
Done,343	
Dont,36	
Doomed,57	
Dou,132	
Dreamt,61	
Drops,31	
Due,3	
Dumpster,68	
EPA,123	
EUAEl,25	
EVERYONE,18	
Earlier,180	
Elizabeth,25	
Ending,58	
Eric,47	
Esed,61	
Establishment,46	
Every,38	
Examiner,28	
Experiment,59	
FAMILY,18	
FBI,162	
FBIs,21	
Facebook,36	
Failure,59	
Falls,65	
Fans,31	
Federal,329	
Fifth,532	
Finally,38	
Fire,51	
Florida,40	
Following,343	
Forgotten,119	
Fort,3	
Founder,131	
Fox,125	
Franke,190	
Friends,65	
Fully,25	
GEORGIAN,45	
GOP,92	
GREAT,131	
GUEORGUI,45	
Gambino,353	
Genovese,417	
Germanys,40	
Ghazala,5	
God,69	
Good,77	
Gotti,64	
Great,343	
Greatest,31	
Guard,60	
Guarda,34	
Gublin,65	
HONEST,18	
Hand,19	
Hanging,19	
Hate,92	
Hates,92	
Haunted,64	
Hes,58	
Hey,64	
Hillary,674	
History,31	
Hit,36	
Hitchens,63	
Hollywood,54	
Honorable,54	
Hopes,19	
House,143	
Huge,119	
Humboldt,10	
III,67	
Ignores,238	
Ignoring,25	
Important,22	
Inactive,12	
Internation,523	
Ira,63	
Iran,128	
JOBS,131	
January,40	
Jefferso,61	
Jesus,91	
John,1567	
Johnson,54	
Justice,28	
Justin,10	
KIDS,122	
KINDRED,148	
Kaepernick,54	
Kelly,276	
Kennedy,31	
Kentucky,6	
Khan,5	
Kim,57	
King,36	
LEADER,63	
LIE,4	
LITTLE,61	
LOST,329	
LOT,71	
Landlords,289	
Lets,59	
Line,63	
Listen,59	
Live,58	
Lobbied,31	
Love,12	
Luther,36	
MAKE,19	
MAKHARADZE,45	
Machado,63	
Make,343	
Man,31	
Managing,25	
Manhatt,22	
Many,1	
Martin,36	
Mary,45	
Mattis,22	
May,36	
Maybe,67	
Media,46	
Memo,58	
Men,119	
Mexico,54	
Michael,195	
Michelle,350	
Mike,25	
Miss,34	
Misuse,36	
Mohammed,29	
Morning,69	
Mueller,177	
Muslim,25	
Mxico,36	
NYC,41	
NYT,288	
Nacional,34	
National,60	
Nationality,25	
News,60	
Newsweek,13	
Nov,182	
Nunes,21	
Obama,2876	
Obamas,154	
Obispos,36	
Oopsies,63	
Open,81	
Organization,47	
Overplayed,19	
PETA,195	
PRAY,18	
PRAYERS,19	
PRESIDENT,18	
Paid,80	
Parent,7	
Party,66	
Paul,12	
Pelotazo,65	
Pence,25	
Penis,59	
Percent,59	
Pierson,9	
Please,71	
Policy,58	
Political,59	
Poll,59	
Post,191	
Potus,22	
Presi,174	
Presidency,57	
President,2652	
Press,64	
Prince,29	
Protect,67	
Pruitt,496	
Punching,22	
Put,31	
Putin,923	
Queen,25	
RED,182	
RINOS,46	
Rabbit,64	
Rasmussen,59	
Ratings,59	
Reagan,141	
Recession,57	
Red,63	
Refugees,25	
Reminder,545	
Rep,21	
Report,57	
Republican,107	
Republicans,828	
Revel,63	
Rich,119	
Rips,7	
Robert,282	
Roge,71	
Rona,50	
Ronald,141	
Roseanne,28	
Royal,17	
Ruhle,62	
Running,22	
Rusia,46	
Russia,291	
Russian,63	
Rusya,71	
Ryan,41	
SCARED,122	
SEPARATED,148	
SPIRITS,148	
Sabe,105	
Sand,63	
Sasha,6	
Says,131	
Scott,576	
Sealing,104	
Sep,828	
September,267	
Shows,59	
Signs,58	
Since,36	
Siria,149	
Size,59	
Someone,47	
Souls,67	
Southern,104	
Soweto,24	
Soyabean,38	
Sport,6	
Sprinkl,31	
Sprinklers,31	
Staff,19	
State,329	
States,278	
Stephanie,62	
Still,59	
Strategies,67	
Suriyeyi,23	
Syria,2391	
Syrian,206	
Syrie,62	
THOUGHT,19	
TRUM,83	
TRUMP,826	
Taylor,17	
Thank,22	
TheDailyBe,19	
Today,458	
Tomahawks,33	
Towe,60	
Tower,2301	
Tru,828	
Trudeau,10	
Trum,191	
Trump,14640	
Trumps,590	
Try,63	
Trying,343	
Turns,22	
Tweets,134	
Twit,28	
Twitter,176	
Two,969	
UAE,47	
United,197	
Universe,34	
Upper,18	
Use,67	
Users,36	
Vladimir,96	
Vos,41	
Vote,71	
Washington,310	
Watching,102	
Weird,24	
Wesley,12	
White,84	
Women,119	
Yes,9	
York,1381	
Zayed,29	
Zinke,41	
abo,185	
accused,174	
across,647	
act,828	
actions,3	
actually,36	
admit,59	
advice,271	
affirm,17	
affirmation,66	
afford,18	
afirmou,34	
ago,42	
alan,61	
allis,14	
alone,53	
also,312	
alto,130	
amazing,9	
amenaza,32	
among,17	
anniversary,36	
announces,182	
ans,23	
antithesis,63	
apartment,1	
appears,60	
approval,59	
area,42	
argument,38	
arm,40	
armas,32	
around,50	
article,38	
ass,57	
assassination,36	
ataque,162	
ate,66	
atrium,36	
attack,411	
audacity,673	
autoridades,36	
avoid,4	
backing,24	
badly,65	
bankr,7	
basically,673	
basketball,49	
basta,175	
battle,102	
beaucoup,48	
behind,67	
believes,523	
bene,62	
berserk,71	
big,61	
billboard,13	
billboards,182	
billion,40	
billionaire,54	
bin,29	
bit,17	
black,54	
blackmail,71	
blame,673	
blamed,345	
blames,24	
blesss,23	
bloody,18	
bloviates,54	
blue,41	
boarder,54	
bogus,60	
bombalayaca,23	
border,276	
bottom,36	
brag,41	
bragging,60	
brags,100	
breakfast,2	
bringing,54	
broke,77	
buil,47	
build,184	
building,94	
buildings,41	
built,516	
burning,17	
bus,10	
business,47	
cabinet,123	
call,69	
called,24	
calling,41	
calls,10	
came,12	
candidate,17	
candor,174	
cant,72	
caravan,121	
care,372	
cases,329	
casino,72	
catches,71	
causing,8	
certainly,19	
chances,59	
charge,523	
check,41	
cheek,57	
chemical,282	
chief,123	
children,10	
chimique,48	
chimiques,14	
circus,12	
civilia,25	
claims,567	
clear,176	
clinging,274	
closer,57	
coalition,67	
color,114	
com,34	
comercial,3	
comment,63	
commercial,36	
commissioner,309	
compris,48	
con,130	
condemns,9	
condolences,10	
confirms,431	
constant,418	
contacted,49	
continued,69	
contra,32	
contractors,32	
control,673	
copy,21	
corners,77	
corrupts,60	
couldnt,18	
country,50	
courage,69	
course,47	
crap,185	
crash,10	
crazed,28	
crazy,25	
credible,12	
crime,353	
criminal,418	
criticized,46	
crocodi,60	
crossed,63	
crystal,174	
culpou,66	
cut,77	
daily,66	
danger,77	
dare,26	
day,923	
days,42	
daytrader,59	
dead,471	
deadly,282	
death,238	
debates,24	
debatimos,3	
decided,168	
declared,25	
deep,158	
defender,36	
defends,80	
definitely,17	
deja,53	
demand,21	
demanding,182	
demands,13	
deploy,204	
deported,195	
derechos,36	
des,96	
describing,29	
deserving,34	
despite,100	
developers,289	
developments,29	
dice,64	
died,580	
dies,47	
diplomat,40	
direct,57	
directly,24	
dirt,34	
discuss,29	
dismissed,21	
disse,66	
dnonce,48	
document,21	
doesnt,392	
donald,63	
dont,608	
dos,100	
dossier,17	
drained,60	
draining,67	
easy,32	
economy,116	
edge,158	
either,25	
elecciones,105	
elected,51	
elephant,13	
ella,63	
else,4	
embarrassed,45	
embarrassment,28	
end,176	
ene,43	
enfants,48	
enough,59	
entire,17	
era,141	
establishing,107	
estadounidenses,36	
evaluate,69	
even,100	
everyone,61	
exclusive,65	
executive,68	
exhortan,36	
exp,119	
expe,288	
extent,43	
facts,3	
failing,67	
fait,23	
faith,107	
fake,18	
families,353	
family,523	
fault,154	
federal,519	
femmes,48	
feud,53	
fight,29	
figure,28	
finally,470	
find,17	
fines,40	
fire,2262	
firefighters,25	
first,54	
fix,53	
flew,47	
floor,309	
floors,90	
fools,66	
forces,144	
fort,14	
founder,131	
free,4	
freeing,49	
fronteira,34	
fuck,647	
fucked,65	
function,101	
garbage,134	
gas,128	
gave,105	
get,3	
gettin,17	
getting,42	
gift,59	
give,279	
glamour,647	
goes,387	
going,7	
gold,5	
golf,47	
good,460	
got,122	
governing,67	
governmentis,101	
great,123	
group,17	
gsterdi,61	
guerra,3	
guy,532	
hardball,18	
hav,114	
heading,54	
hedef,61	
hell,59	
helped,51	
high,29	
higher,59	
history,7	
hit,67	
homme,23	
honor,36	
horrific,141	
hourly,66	
housed,353	
htt,29	
http,40	
https,25	
humiliated,45	
hunting,13	
hurts,38	
idea,4	
ideologically,66	
ignore,26	
iguana,63	
iin,71	
ike,59	
immediately,190	
immigrants,54	
incendie,23	
incite,41	
including,1	
informed,40	
iniciada,3	
initiated,21	
injured,123	
install,59	
installin,208	
installing,69	
interview,157	
investigati,418	
investigation,21	
invoking,114	
involved,367	
irony,66	
jail,40	
job,123	
journalists,54	
judge,69	
jump,182	
keeps,114	
kids,18	
killed,1002	
kimyasal,132	
kind,12	
kindly,647	
know,89	
lack,174	
lan,48	
las,141	
late,1352	
lattaque,48	
law,109	
leading,29	
least,17	
left,57	
legal,329	
legislation,1392	
less,190	
lets,174	
liar,8	
lider,71	
lie,114	
lies,66	
line,2	
listed,36	
listen,25	
literally,134	
live,185	
lives,77	
lobbied,1906	
longer,40	
look,137	
looks,38	
los,105	
loses,57	
made,322	
madness,4	
mainstreaming,59	
makes,32	
making,156	
man,728	
managers,41	
manter,34	
many,886	
market,531	
masqueraded,545	
match,102	
meet,67	
meeting,57	
mega,60	
men,228	
menace,14	
menos,53	
mesajnda,71	
message,71	
method,4	
mexicanas,36	
migrantes,36	
mikko,34	
mil,105	
military,144	
mindless,1	
misbehavior,190	
misled,49	
moment,48	
month,80	
morall,66	
morning,409	
morts,48	
mother,5	
mouths,3	
muertos,53	
myth,114	
name,111	
named,545	
near,13	
needs,45	
negotiations,57	
neutral,43	
news,136	
note,22	
notice,4	
novo,66	
nuevo,3	
number,101	
observation,43	
obvious,59	
offer,10	
onald,28	
ones,43	
openly,153	
opportunities,29	
order,68	
overcome,5	
owns,66	
package,17	
pagar,130	
parent,9	
part,59	
participated,38	
partners,47	
party,190	
pas,105	
passed,40	
pathological,8	
pay,50	
payer,14	
pen,67	
people,573	
peoples,77	
perfect,57	
person,530	
picture,4	
players,49	
plays,18	
plunge,8	
polarizado,105	
political,828	
por,480	
post,123	
posted,60	
posts,28	
pray,69	
precio,64	
predators,114	
predictably,2	
predicte,470	
preo,66	
presidency,34	
president,57	
presidente,125	
presidents,28	
pressured,61	
pretende,34	
pretty,18	
price,41	
prix,14	
process,3	
proclamation,68	
programa,3	
promise,67	
promptly,57	
prot,69	
protect,101	
proud,9	
provokes,43	
public,49	
publicist,545	
pushed,190	
put,77	
que,366	
quicker,60	
quiet,65	
qumicas,32	
qumico,183	
racist,58	
rant,12	
rape,12	
rate,523	
rating,59	
rea,92	
real,274	
realDonaldTrump,53	
reason,456	
reasons,107	
red,2	
refilled,60	
regional,29	
rejimi,71	
rejiminin,61	
related,107	
released,49	
rem,9	
remained,647	
reme,23	
remember,106	
remind,353	
reminder,48	
rencores,105	
report,316	
reportedly,208	
reports,278	
represalias,32	
required,1	
requiring,1352	
residents,59	
respetar,36	
rises,29	
risk,828	
risking,62	
rompe,63	
rose,59	
rump,13	
running,3	
saldr,71	
saldrsna,61	
sarcastic,12	
saved,230	
savior,282	
saw,60	
saying,18	
says,269	
scaring,18	
screaming,71	
screwing,62	
secretly,67	
see,109	
seeks,107	
selfie,647	
send,71	
seriously,101	
sert,61	
serve,69	
ses,14	
sexist,25	
sexo,63	
sexual,114	
shes,28	
ship,182	
shirt,13	
shit,25	
show,71	
shut,647	
side,7	
sight,18	
sign,68	
significa,105	
silent,647	
simple,63	
sink,274	
sivilleri,61	
skill,43	
skipping,65	
skirt,13	
slams,58	
sobre,3	
soil,25	
solution,119	
someone,430	
soon,17	
sorry,63	
source,128	
sources,545	
speeches,61	
spelt,2	
spoke,65	
sprinkler,40	
sprinklers,2711	
stage,5	
stair,102	
stances,43	
standards,67	
star,5	
start,121	
state,145	
stated,63	
stating,54	
step,57	
stick,647	
stiff,32	
stil,71	
still,271	
stock,8	
stocks,49	
stood,5	
stop,68	
story,29	
strength,69	
stuck,418	
sulad,71	
summit,57	
support,24	
supported,63	
supporters,59	
supporting,54	
sure,18	
surrendering,42	
suspicious,17	
swamp,147	
systems,40	
tage,23	
takes,100	
taking,62	
talk,4	
talking,28	
talks,17	
teachers,40	
tener,63	
tepki,61	
tha,4	
thank,22	
thanking,25	
theres,36	
thing,34	
things,69	
think,63	
thinks,72	
thought,38	
thus,51	
time,113	
today,532	
tolerance,190	
tomar,32	
took,331	
top,40	
tower,36	
toy,49	
trade,181	
train,40	
traito,8	
trap,4	
trat,63	
travelling,12	
treason,26	
treasurer,17	
trekked,647	
tries,38	
truly,523	
trump,252	
try,102	
trying,103	
turned,723	
turning,4	
tweet,160	
tweets,365	
uneducated,66	
unified,67	
unir,105	
unnecessary,288	
unpredictable,2	
unredacted,21	
urge,828	
usted,105	
vacuou,63	
via,621	
vilest,60	
vilify,51	
violence,41	
vote,270	
voted,418	
voters,17	
votes,40	
wake,41	
walk,102	
wall,138	
want,56	
wanted,17	
wants,40	
war,144	
warns,41	
watching,263	
wave,353	
way,247	
wealth,41	
wedding,47	
week,144	
well,261	
went,61	
white,114	
willing,43	
wind,68	
windows,12	
wisdom,69	
wit,40	
within,190	
withou,65	
without,7	
wits,102	
woman,38	
women,1	
words,107	
worry,19	
wrong,70	
year,36	
years,585	
youre,51	
