word,count	
ABD,132	
ACTUALLY,453	
AMERICA,308	
ANIMAL,36	
ASSAD,36	
ATTACK,62	
ATTAQUE,44	
According,185	
Accusations,40	
Admits,40	
Affaires,22	
Afghanistan,50	
Agree,65	
Aid,50	
Ailes,40	
Alaska,900	
Alec,272	
Alicia,63	
Amazon,76	
Ame,40	
Americ,50	
America,1001	
American,376	
Animal,399	
Another,413	
Apache,66	
Apparently,100	
Approval,115	
April,23	
Archie,54	
Arizona,63	
Armes,14	
Asad,54	
Assad,1762	
Ataque,54	
Atlantic,72	
Attacks,428	
Australian,262	
Avenatti,40	
Avenue,4026	
BANKRUPTCY,360	
BET,342	
BIGGER,62	
BIRTH,148	
BLAMED,36	
BOT,63	
BUSINESSES,360	
Bacon,27	
Bad,45	
Bags,50	
Bakan,132	
Baldwins,40	
Ballard,40	
Baltic,108	
Banks,6	
Barack,396	
Barr,28	
Barret,50	
Barron,861	
Barry,105	
Bashar,74	
Basketball,6	
Ben,84	
Betsy,118	
Biggest,59	
Bill,40	
Bir,23	
Bizarre,417	
Black,342	
Blake,40	
Blame,675	
Blessed,27	
Bob,165	
Bolling,40	
Border,37	
Bragging,73	
Bredesen,40	
Brenna,810	
Brian,115	
Buildings,54	
BumBoyRaj,24	
CHEMICAL,56	
CHIMIQUE,44	
CLASSROOM,61	
CNN,132	
COURAGEOUS,18	
CREWs,59	
Cabi,67	
Calipari,6	
Capitol,44	
Care,40	
Carson,84	
Carter,75	
Catch,40	
Cheap,614	
Chemical,36	
Chicago,75	
China,308	
Chosen,6	
Christians,42	
Christopher,63	
Chvez,62	
City,2234	
Claiming,63	
Clinton,692	
Clowns,35	
Cohen,195	
Colbert,45	
Cold,108	
Commission,3	
Commissioner,185	
Committee,54	
Compared,59	
Comparing,7	
Conference,64	
Congress,227	
Conscience,95	
Constatution,24	
Correspondents,41	
Costly,119	
Counsel,58	
Country,28	
Courts,360	
Crown,29	
Culkin,40	
Cut,50	
DEADLY,36	
DJT,386	
DOJ,21	
DONALD,1217	
DONT,4	
Daniels,41	
Dark,67	
Darko,40	
Data,36	
Dear,59	
Deaths,232	
Decider,19	
Deep,35	
Delet,174	
Democrat,40	
Democratic,76	
Democrats,1048	
Dems,484	
Department,267	
Deport,65	
Deregulation,115	
Devin,21	
Dies,83	
Din,41	
Dinner,103	
Ditches,38	
Dividing,65	
DoctorKropotkin,57	
Doesnt,52	
Donald,21664	
Donalds,14	
Done,417	
Donnie,40	
Dont,228	
Doomed,57	
Dou,132	
Dreamt,61	
Drops,76	
Due,3	
Dumpster,68	
EPA,214	
EUAEl,25	
EVERYONE,18	
Earlier,286	
Egypt,50	
Election,3	
Elizabeth,65	
Employees,3	
Ending,135	
Energy,91	
Eric,87	
Esed,61	
Esquire,54	
Establishment,46	
Estados,81	
Evangelicals,42	
Every,38	
Evidence,3	
Examiner,28	
Experiment,59	
FAMILY,18	
FBI,354	
FBIs,21	
FEARMONGERS,16	
FOOLISH,26	
Facebook,36	
Failure,59	
Fake,38	
Falls,65	
Fans,147	
Federal,363	
Felix,58	
Fifth,1472	
Finally,38	
Fir,31	
Fire,1594	
Firefighters,270	
Florida,40	
Following,417	
Forget,62	
Forgotten,119	
Fort,66	
Founder,171	
Fox,232	
France,44	
Frank,1	
Franke,453	
Franklin,37	
Franks,40	
Friends,65	
Fuck,36	
Fui,127	
Fully,65	
GAS,36	
GEORGIAN,45	
GOP,92	
GREAT,171	
GUEORGUI,45	
Gambino,802	
Gender,48	
Genovese,635	
George,15	
Germanys,55	
Get,31	
Ghazala,5	
God,121	
Goldman,3	
Golf,259	
Good,89	
Gotti,71	
Gowdy,44	
Great,417	
Greatest,76	
Guard,86	
Guarda,34	
Gublin,65	
Guess,86	
Guta,54	
HAND,16	
HONEST,18	
Hadj,25	
Hand,19	
Hanging,19	
Hate,92	
Hates,92	
Haunted,64	
Hes,58	
Hey,71	
Hill,44	
Hillary,981	
History,76	
Hit,92	
Hitchens,63	
Hollywood,75	
Honorable,54	
Hopes,19	
House,186	
Housing,54	
Huckabee,41	
Huge,119	
Hugo,31	
Human,262	
Humboldt,10	
III,103	
INEVITABLE,40	
IRAN,36	
Ignores,622	
Ignoring,73	
Impeach,40	
Imploding,62	
Important,232	
Inactive,12	
Ingraham,40	
Internation,894	
Ira,63	
Iran,294	
Iranian,149	
Irans,2	
Iraq,50	
Irn,237	
JOBS,171	
JackPosobiec,8	
January,40	
Jefferso,61	
Jerome,40	
Jesus,91	
Jimmy,75	
John,2271	
Johnson,54	
Jordan,50	
Juro,127	
Justice,82	
Justin,10	
KFC,69	
KIDS,122	
KINDRED,148	
Kaepernick,75	
Kanye,24	
Kelly,276	
Kennedy,76	
Kentucky,6	
Kevin,27	
Khan,5	
Kim,162	
King,92	
Know,34	
Korea,98	
LEADER,89	
LIAR,308	
LIE,4	
LITTLE,61	
LOST,360	
LOT,274	
Landlords,571	
Laura,40	
Leave,36	
Lets,99	
Lil,127	
Lincoln,37	
Line,90	
Listen,59	
Live,58	
Lobbied,83	
Look,286	
Loretta,711	
Love,12	
Lows,56	
Luther,73	
Lynch,711	
MAKE,19	
MAKHARADZE,45	
MAN,16	
Machado,63	
Macron,2	
Maddow,113	
Make,676	
Man,83	
Managing,73	
Manhatt,232	
Many,18	
Martin,73	
Mary,45	
Matthew,287	
Mattis,50	
May,36	
Maybe,122	
Media,46	
Memo,135	
Men,119	
Merkel,2	
Mex,64	
Mexico,93	
Michael,235	
Michelle,548	
Midas,19	
Mike,55	
Miss,117	
Misuse,36	
Mohammed,29	
Moore,40	
Morning,81	
Moscou,27	
Muell,58	
Mueller,242	
Munchin,28	
Muslim,65	
Mxico,36	
NBCNews,40	
NRA,34	
NYC,284	
NYT,667	
Nacional,34	
National,86	
Nationality,65	
Nevada,63	
Never,6	
News,119	
Newsweek,13	
Nixon,54	
Non,22	
Norm,25	
North,98	
Nov,386	
Nunes,21	
Obama,4245	
Obamas,154	
Obispos,36	
Oopsies,63	
Open,148	
Organization,47	
Overplayed,19	
PETA,399	
POTUS,150	
PRAY,18	
PRAYERS,19	
PRESIDENT,18	
Paid,80	
Pakistan,50	
Par,9	
Parent,7	
Party,89	
Patrol,37	
Paul,12	
Pelotazo,65	
Pence,25	
Penis,59	
Pennsylvania,40	
People,6	
Percent,59	
Perhaps,14	
Phil,40	
Pierson,34	
Ping,127	
Please,336	
Plod,25	
Policy,135	
Political,59	
Poll,59	
Pompeo,30	
Pong,127	
Por,127	
Post,308	
Potus,22	
Pour,22	
Prefiro,24	
Presi,174	
Presidency,57	
President,4800	
Press,102	
Prince,29	
Protect,67	
Proves,40	
Pruitt,988	
Pump,127	
Punching,50	
Put,83	
Putin,2221	
Pyong,37	
Pyongyang,68	
Que,24	
Queen,65	
QuitoPress,17	
RED,386	
REPORTS,36	
RIGHT,16	
RINOS,46	
RUSSIA,36	
Rabbit,64	
Rachel,113	
Rare,60	
Rasmussen,59	
Ratings,115	
Read,40	
Reagan,141	
Really,1325	
Recall,28	
Recession,57	
Record,56	
Red,90	
Refugees,65	
Rejecting,3	
Release,40	
Reminder,861	
Rep,21	
Repeal,40	
Report,1382	
Republica,40	
Republican,446	
Republicans,1081	
Retweet,17	
Revel,63	
Rich,119	
Rights,262	
Rips,7	
Robert,408	
Rocks,3	
Roge,71	
Roger,40	
Rona,50	
Ronald,141	
Roosevelt,74	
Rose,40	
Roseanne,28	
Roy,40	
Royal,17	
Ruhle,62	
Running,50	
Rusia,283	
Russia,539	
Russian,384	
Rusya,71	
Ryan,84	
SCARED,122	
SEPARATED,148	
SFGate,40	
SLAMS,16	
SPIRITS,148	
SYRIA,26	
SYRIE,44	
Sabe,105	
Sach,3	
Salernos,238	
Sand,90	
Sanders,41	
Sarah,41	
Sasha,6	
Sater,58	
Says,171	
Scott,774	
Sealing,104	
Secretary,30	
Sep,971	
September,267	
Shameful,50	
Shows,59	
Signs,135	
Since,36	
Siria,150	
Size,59	
Slo,31	
Someone,210	
Soprano,38	
Souls,67	
Southern,104	
Soweto,105	
Soyabean,38	
Special,58	
Speed,6	
Spigner,54	
Sport,6	
Sprinkl,83	
Sprinkler,3	
Sprinklers,83	
Staff,19	
Stalling,31	
Star,91	
State,425	
States,642	
Stephanie,62	
Still,59	
Stormy,82	
Strategies,67	
Studies,48	
Sunday,19	
Suriyeyi,23	
Syri,19	
Syria,4500	
Syrian,383	
Syrias,192	
Syrie,62	
System,3	
TERRORISTS,33	
THOUGHT,19	
THREE,3	
TRUM,83	
TRUMP,1253	
TRUSTS,154	
Taylor,17	
Tennessee,40	
Ter,35	
Thank,56	
TheDailyBe,19	
Theodore,37	
Thomas,1	
Tillerson,28	
Today,718	
Todd,29	
Tomahawk,113	
Tomahawks,33	
Tonights,38	
Tony,19	
Towe,88	
Tower,4453	
Tras,41	
Trent,40	
Trey,44	
Tru,971	
Trudeau,10	
Trum,302	
Trump,29962	
Trumpem,37	
Trumps,1689	
Try,63	
Trying,417	
Tun,25	
Turns,50	
Tweets,174	
Twit,28	
Twitter,280	
Two,1112	
UAE,47	
UPI,23	
Unidos,81	
United,534	
Universe,117	
Upper,18	
Use,67	
Users,36	
Vicente,34	
Video,90	
Vladimir,457	
Vos,84	
Vote,274	
WHCD,38	
Washingto,40	
Washington,405	
Watch,286	
Watching,102	
Weird,105	
Well,20	
Wesley,12	
West,24	
White,127	
Williams,56	
Wolf,41	
Women,119	
Wow,69	
Yes,34	
York,2174	
Yorker,68	
Yorkers,68	
Zayed,29	
Zinke,84	
abandon,54	
able,63	
abo,369	
aby,37	
accusations,27	
accused,174	
accuses,54	
across,900	
act,1163	
acting,8	
actions,3	
actresse,270	
actually,36	
acus,39	
admit,59	
advice,271	
advirti,81	
advisor,58	
affirm,17	
affirmation,66	
afford,18	
afirmou,34	
aggressive,32	
ago,155	
aim,16	
ainda,24	
aircraft,36	
alan,61	
allis,14	
allow,169	
ally,15	
alm,56	
alone,53	
already,23	
also,639	
alto,266	
always,23	
amazing,34	
ambition,116	
amenaza,32	
among,17	
amount,86	
amricaines,40	
amyordman,32	
anchor,40	
animal,217	
anniversary,73	
annonce,39	
announces,386	
ans,23	
answered,42	
antithesis,63	
anythi,13	
apartment,1	
apoyar,217	
appears,60	
approval,114	
approve,27	
aranceles,58	
area,82	
argument,38	
arm,74	
armas,32	
around,50	
article,38	
ask,122	
ass,57	
assassination,73	
assumera,44	
ataqu,20	
ataque,514	
ate,73	
atrium,36	
attack,761	
attacks,78	
attempting,13	
audacity,1260	
authority,57	
autoridades,36	
avoid,4	
away,31	
babies,40	
back,1198	
backing,134	
backs,6	
badly,65	
bank,2	
bankr,7	
base,162	
basically,1261	
basketball,49	
basta,531	
battle,102	
bears,23	
beaucoup,48	
bec,169	
become,95	
becomes,37	
began,23	
behind,101	
believe,45	
believes,894	
ben,711	
bene,62	
benefit,91	
berserk,71	
best,27	
big,337	
biggest,76	
billboard,13	
billboards,386	
billion,40	
billionaire,88	
bin,29	
bit,17	
black,85	
blackmail,71	
blame,1260	
blamed,511	
blames,64	
blesss,23	
bloody,18	
bloviates,138	
blue,41	
boarder,138	
boarders,24	
bogus,86	
bomb,149	
bombalayaca,23	
bombed,56	
border,371	
bottom,36	
brag,41	
bragging,60	
brags,190	
breakfast,2	
breaks,18	
bringing,54	
broke,115	
buck,62	
buil,137	
build,184	
building,562	
buildings,46	
built,1118	
burn,404	
burned,31	
burning,83	
burnt,1327	
bus,10	
business,105	
businessman,40	
cabinet,252	
calific,20	
call,103	
called,207	
calling,75	
calls,10	
came,22	
candidate,17	
candor,174	
cannot,72	
cant,72	
capital,68	
caravan,289	
card,34	
care,1883	
cases,360	
casino,72	
catches,71	
cause,34	
causing,8	
central,2	
certainly,19	
ces,35	
chain,40	
chairman,54	
chances,59	
charge,894	
check,103	
cheek,57	
chegar,127	
chemical,441	
chief,123	
children,52	
chimique,88	
chimiques,14	
chinesas,127	
chtl,37	
circus,12	
cities,24	
citizens,24	
civilia,73	
civilians,36	
claims,1093	
clear,176	
clients,40	
clinging,274	
clinton,8	
closer,57	
clown,55	
coalition,67	
cocaine,40	
collusion,124	
color,114	
column,54	
com,34	
combative,40	
comercial,66	
comment,63	
commercial,36	
commissioner,592	
como,24	
completely,48	
complot,39	
compris,48	
con,251	
concern,83	
concrete,238	
condemns,9	
conden,158	
condolences,10	
conference,40	
confined,31	
confirmed,30	
confirms,760	
consider,59	
consideration,13	
conspiracy,62	
constant,624	
contacted,49	
continued,81	
continues,34	
contra,32	
contractors,32	
contre,27	
control,1300	
controlled,238	
cool,48	
copy,21	
corners,115	
corrupts,60	
cost,43	
cough,68	
couldnt,18	
countries,11	
country,59	
courage,81	
course,47	
crack,40	
crap,369	
crash,10	
crazed,28	
crazy,25	
credible,12	
crime,802	
criminal,624	
criminals,9	
crisis,38	
criticism,10	
criticized,86	
crocodi,60	
crossed,90	
crystal,174	
cualquiera,58	
culpado,20	
culpou,66	
cut,115	
dAncona,287	
daily,75	
danger,115	
dangerous,27	
dare,253	
day,1728	
days,42	
daytrader,59	
dead,1007	
deadly,448	
death,1027	
debate,5	
debates,104	
debatimos,66	
decided,317	
declared,25	
deep,158	
defend,1	
defender,36	
defends,80	
definitely,17	
deja,53	
del,20	
demand,21	
demanding,386	
demands,13	
demonstrably,27	
deploy,299	
deployment,23	
deported,399	
derechos,36	
des,167	
describing,66	
deserve,54	
deserving,34	
despite,100	
developers,571	
developments,29	
dice,64	
die,235	
died,936	
dies,177	
difference,15	
diplomat,55	
direct,57	
directly,24	
dirt,342	
disapprove,27	
disaster,27	
disclosed,33	
discuss,29	
disgu,40	
dismissed,21	
disse,66	
district,40	
dnonce,88	
document,21	
doesnt,970	
dollars,86	
domingo,139	
donald,126	
donations,34	
dont,941	
dos,100	
dossier,17	
dozens,65	
drained,60	
draining,67	
driving,34	
dropped,27	
duas,127	
due,404	
dumbest,51	
easy,32	
eating,69	
economy,116	
edge,158	
edification,13	
educate,27	
effigy,31	
effrayent,35	
ego,1327	
either,25	
elecciones,105	
elected,51	
elephant,13	
ella,63	
else,4	
embarrassed,45	
embarrasses,9	
embarrassment,28	
embodies,55	
embroiled,62	
end,176	
enduring,162	
ene,81	
enem,32	
enemig,55	
enemy,1	
enfants,48	
enfermo,20	
enhancing,57	
enmeshed,25	
ennuyeuse,40	
enough,59	
entire,17	
era,195	
esta,41	
establishing,165	
estadounidenses,36	
este,127	
estrella,41	
ethically,116	
evaluate,69	
even,100	
everyone,1346	
everything,91	
evidence,58	
example,711	
exclusive,65	
executive,113	
exhortan,36	
exists,38	
exp,119	
expanded,57	
expe,570	
expect,192	
experience,14	
expressed,43	
extent,43	
extrao,55	
extrmement,44	
fabriqus,22	
facts,3	
failing,80	
fait,67	
faith,165	
fake,80	
false,62	
families,802	
family,934	
fanpag,24	
farmers,18	
fascist,35	
father,86	
faudra,39	
fault,154	
federal,725	
feed,64	
femmes,48	
feud,53	
fight,66	
fighters,1327	
figure,28	
figured,32	
finally,694	
finalmente,41	
find,80	
fine,86	
fines,40	
fingers,25	
fire,4356	
fired,62	
firefighter,29	
firefighters,73	
first,139	
fix,53	
flag,35	
flash,5	
flew,47	
flip,63	
floor,626	
floors,275	
following,40	
food,54	
fooled,35	
fools,66	
forced,114	
forces,213	
former,56	
fort,14	
founder,171	
fraud,27	
free,73	
freeing,49	
fronteira,34	
fuck,932	
fucked,65	
fucking,43	
function,101	
furious,17	
garbage,174	
garde,27	
gas,330	
gave,191	
get,269	
gettin,17	
getting,42	
ggreenwald,22	
gift,59	
give,528	
giving,31	
glamour,900	
goes,387	
going,851	
gold,5	
golf,306	
gone,95	
good,729	
got,201	
governing,67	
governmentis,101	
grab,24	
graduation,810	
granted,57	
grapple,42	
grassroots,38	
great,152	
greed,404	
gro,32	
group,17	
gsterdi,61	
guerra,66	
guerrilla,43	
guns,34	
guy,1492	
guys,259	
hands,24	
happens,101	
hardball,18	
hate,17	
hates,91	
haunted,40	
hav,114	
heading,138	
heavy,10	
hedef,61	
helicopters,36	
hell,93	
helmets,40	
help,40	
helped,51	
hide,64	
hidi,54	
high,146	
higher,59	
hillary,8	
history,7	
hit,67	
hoax,62	
hobo,69	
hold,63	
holds,38	
homme,23	
honor,73	
honored,262	
horrific,141	
horrifying,40	
horror,192	
hourly,66	
housed,564	
htt,66	
http,80	
https,65	
human,40	
humanitarian,27	
humiliated,45	
hundreds,65	
hunting,13	
hurts,38	
husban,56	
hysteriatha,25	
idea,59	
ideologically,66	
ignore,253	
iguana,63	
iin,71	
ike,59	
image,60	
imagine,69	
immediately,493	
immigra,16	
immigrant,40	
immigrants,138	
impending,41	
incendie,23	
incite,41	
including,28	
indicate,3	
indication,711	
informed,55	
iniciada,66	
initiated,21	
injured,458	
innocent,1327	
insane,40	
install,173	
installation,43	
installin,248	
installing,106	
institutions,19	
insufferable,162	
international,62	
intervention,49	
interview,215	
invents,49	
investigati,624	
investigation,21	
invoking,114	
involved,398	
ire,40	
irony,66	
isnt,99	
jail,40	
jerk,75	
job,150	
jokes,31	
journalism,38	
journalists,136	
journey,40	
judge,69	
jump,386	
keeps,114	
key,42	
kids,32	
kill,40	
killed,2477	
kimyasal,132	
kind,12	
kindly,900	
kne,23	
know,632	
konala,37	
labeled,32	
lack,214	
lan,68	
language,68	
las,141	
late,1900	
later,2	
latest,206	
lattaque,48	
law,147	
lawyer,302	
layup,60	
lead,83	
leader,11	
leaders,19	
leadership,34	
leading,66	
least,46	
left,57	
legal,360	
legislation,1940	
less,475	
lets,174	
liar,8	
liberals,24	
lider,71	
lie,129	
lies,92	
life,40	
line,2	
listed,36	
listen,25	
literally,372	
litigation,1	
liv,185	
live,369	
lives,115	
lobbied,2816	
local,38	
longer,55	
longtime,58	
look,992	
looks,38	
looms,40	
los,163	
lose,170	
loses,57	
lots,262	
love,68	
loved,56	
lynching,31	
lyrics,127	
made,590	
madness,4	
mainstream,32	
mainstreaming,59	
make,17	
makes,32	
making,341	
man,1104	
manage,27	
managed,54	
managers,41	
manter,34	
many,1233	
market,902	
masiosare,55	
masqueraded,861	
mass,25	
match,102	
may,63	
maybe,56	
mayfly,95	
medical,40	
meet,67	
meeting,768	
meets,40	
mega,60	
men,228	
menace,41	
menos,53	
mentality,20	
mention,66	
mesajnda,71	
meses,41	
mess,711	
message,274	
met,27	
method,4	
mexicanas,36	
middle,573	
might,24	
migrantes,36	
migrants,35	
migration,40	
mikko,34	
mil,105	
militaire,22	
military,213	
million,86	
minado,127	
mindless,56	
ministre,22	
misbehavior,453	
misled,49	
miss,9	
missiles,113	
mistachrish,24	
mistake,51	
mme,40	
mob,446	
moment,208	
money,396	
month,82	
moral,32	
morall,66	
morning,793	
mortified,810	
morts,48	
mother,5	
mouths,3	
mov,208	
much,148	
muertos,53	
myth,114	
name,149	
named,1120	
narrative,62	
nation,62	
nationw,38	
nationwide,25	
natural,62	
near,13	
nearly,86	
nee,34	
need,140	
needs,45	
neglected,66	
negotiations,57	
nerd,37	
nerve,36	
neutral,81	
never,24	
news,396	
nice,27	
nihilism,162	
nine,23	
note,232	
nothing,48	
notice,4	
novo,66	
nuevo,66	
number,101	
observation,81	
obsolete,32	
obvious,59	
offer,10	
oil,130	
onald,53	
ones,99	
onto,63	
openly,153	
opportunities,29	
order,113	
outcome,40	
overcome,5	
overtly,38	
owned,208	
owns,66	
package,17	
pagar,266	
parent,34	
parle,39	
part,103	
participated,38	
partners,47	
party,453	
pas,105	
passed,40	
past,36	
pathological,8	
pay,128	
payer,53	
pen,67	
penso,127	
people,2473	
peoples,115	
perfect,57	
performance,27	
person,984	
photos,810	
pickup,35	
picture,4	
pillow,40	
pix,14	
place,294	
placed,34	
players,49	
plays,18	
plot,55	
plunge,8	
pointed,25	
points,40	
polarizado,105	
police,57	
politic,31	
political,971	
ponto,127	
por,880	
porn,270	
porno,41	
post,252	
posted,124	
posts,28	
potent,130	
pour,49	
power,40	
powered,38	
powerful,44	
pra,24	
praise,66	
pray,81	
precio,200	
predators,114	
predictably,2	
predicte,654	
prefere,24	
pregunta,41	
preo,66	
preparing,51	
presidency,34	
president,400	
presidente,294	
presidents,28	
press,152	
pressured,61	
presunto,140	
pretende,34	
pretended,29	
pretty,109	
price,90	
private,69	
prix,53	
problems,43	
proccupation,44	
process,3	
proclamation,113	
produ,40	
program,91	
programa,66	
promise,67	
promoting,59	
promptly,57	
propensity,62	
prostitutes,270	
prot,81	
protect,101	
proud,34	
proven,26	
provokes,81	
prtextes,49	
public,311	
publicist,861	
puedo,31	
pull,24	
pushed,453	
put,115	
putting,40	
que,447	
questions,42	
qui,35	
quicker,86	
quiet,65	
quit,28	
qumic,81	
qumicas,32	
qumico,416	
rabbit,40	
racism,38	
racist,96	
rant,12	
rape,12	
rate,894	
rating,59	
rea,217	
real,274	
realDonaldTrump,240	
realize,810	
realized,55	
reason,687	
reasons,165	
reclusive,34	
records,3	
red,2	
refilled,60	
refugees,40	
regional,29	
regulations,294	
rejimi,71	
rejiminin,61	
related,165	
release,54	
released,49	
rem,34	
remained,900	
reme,23	
remember,169	
remind,564	
reminder,48	
rencores,105	
rengaine,40	
report,598	
reportedly,248	
reports,538	
represalias,32	
requested,31	
required,6	
requiring,1900	
residential,5	
residents,244	
respectful,17	
respetar,36	
respondi,41	
responsa,44	
responsables,197	
responsible,19	
rest,24	
retrofi,5	
returns,151	
retweeted,24	
reverse,19	
review,40	
rhetoric,32	
right,78	
rips,75	
rise,5	
rises,66	
risk,971	
risking,62	
rolled,294	
rompe,63	
rose,59	
rump,13	
running,3	
russe,22	
safe,24	
saldr,71	
saldrsna,61	
sanctions,2	
sarcastic,12	
saved,270	
savior,282	
saw,86	
saying,150	
says,426	
scaring,18	
scary,43	
schmucks,68	
schzka,37	
screaming,71	
screwing,62	
seal,20	
seats,63	
secretly,67	
see,138	
seeks,165	
seems,116	
sees,23	
selfie,900	
semana,41	
send,274	
sentences,40	
series,63	
seriously,125	
sert,61	
serve,81	
ses,58	
sex,37	
sexist,73	
sexo,63	
sexual,114	
shadow,40	
shame,40	
shes,28	
shift,62	
ship,386	
shirt,13	
shit,94	
shoot,169	
shots,33	
show,308	
shut,900	
sick,24	
side,7	
sides,10	
sight,18	
sign,113	
significa,105	
significant,294	
silencio,41	
silent,929	
simple,63	
since,54	
sink,274	
sivilleri,61	
skill,81	
skills,34	
skipping,65	
skirt,13	
skyscraper,34	
slams,58	
sobr,41	
sobre,107	
socialism,48	
soil,25	
solution,119	
somebody,832	
somehow,25	
someone,948	
son,241	
soon,17	
sorry,63	
sort,69	
source,294	
sources,861	
soy,62	
speeches,61	
spelt,2	
spend,270	
splitt,24	
spo,40	
spoke,102	
sprinkler,40	
sprinklers,4855	
stage,5	
stair,102	
stances,81	
stand,573	
standards,67	
star,5	
start,121	
started,86	
starts,8	
state,311	
stated,90	
stating,54	
step,57	
stick,900	
stiff,32	
stil,274	
still,1822	
stock,8	
stocks,49	
stood,5	
stop,153	
stops,31	
story,130	
strength,81	
strong,166	
strongly,31	
structure,66	
stuck,624	
stupid,1327	
suffer,18	
suffering,14	
sulad,71	
summit,155	
support,104	
supported,66	
supporters,151	
supporting,54	
supuesto,54	
sure,18	
surrendering,42	
survivor,40	
suspected,65	
suspicious,17	
swamp,147	
swarms,38	
swing,40	
systems,40	
tage,23	
taken,16	
takes,138	
taking,94	
talk,42	
talking,86	
talks,85	
tant,35	
tax,118	
teachers,74	
television,262	
tell,45	
tener,63	
tepki,61	
ter,24	
territory,43	
tha,4	
thank,22	
thanking,73	
theres,36	
theyd,63	
thing,148	
things,125	
think,117	
thinks,97	
thought,38	
thu,238	
thus,51	
ties,238	
time,395	
tired,24	
today,1565	
tol,19	
tolerance,473	
tomar,32	
tomorrow,95	
tonight,54	
took,362	
top,55	
touch,19	
tournament,259	
toutes,44	
tower,36	
toy,49	
trade,199	
tragic,114	
train,40	
traito,8	
traitors,9	
trangres,22	
trap,4	
tras,54	
trat,63	
travelling,12	
travs,20	
treason,253	
treasurer,17	
trekked,900	
trend,17	
trevo,24	
tried,37	
tries,38	
trigger,24	
trist,127	
troops,23	
truly,894	
trump,423	
truth,42	
try,102	
trying,103	
turn,6	
turned,1368	
turning,4	
tweet,193	
tweeted,27	
tweeting,23	
tweets,778	
una,41	
unclear,30	
unconstrained,116	
une,49	
uneducated,66	
unified,67	
unions,238	
unir,105	
unnecessary,570	
unpredictable,2	
unredacted,52	
uphold,24	
upper,185	
urge,971	
urgency,40	
use,68	
useless,48	
usted,105	
vacuou,63	
vast,62	
verification,40	
via,1152	
vilest,60	
vilify,51	
violence,41	
viral,31	
visit,2	
voc,24	
voluntarily,23	
volunteers,38	
vote,677	
voted,647	
voter,27	
voters,186	
votes,40	
wait,54	
waive,2	
wake,41	
walk,102	
wall,138	
want,144	
wanted,17	
wants,183	
war,205	
warns,52	
wasnt,86	
wasted,810	
watch,404	
watched,31	
watching,332	
wave,564	
way,1344	
wealth,41	
wealthy,69	
weapon,130	
weapons,116	
wedding,47	
week,213	
welfare,1285	
well,693	
went,61	
west,192	
whatsoever,27	
whether,5	
white,154	
whole,114	
whose,25	
widespread,27	
wikyo,35	
wil,14	
willing,43	
wind,113	
windows,12	
winning,40	
wisdom,81	
wit,40	
within,453	
withou,65	
without,7	
wits,102	
wives,40	
woke,55	
woman,38	
women,18	
words,205	
world,40	
worry,19	
writes,54	
wrong,328	
year,213	
years,1711	
yes,35	
yesterday,54	
yet,345	
youre,51	
zero,20	
zinged,41	
