word,count	
abd-bakan,132	
accused-lack,174	
across-alaska,647	
act-assad,828	
actions-due,3	
actually-democrats,190	
actually-floors,36	
admit-part,59	
advice-donald,4	
affirm-entire,17	
affirmation-republican,66	
afirmou-que,34	
ago-donald,42	
agree-donald,25	
alan-kimyasal,61	
alaska-selfie,647	
alec-donald,192	
alicia-machado,63	
allis-payer,14	
alone-fix,53	
also-criticized,46	
also-doesnt,185	
also-moment,24	
also-way,57	
alto-por,66	
alto-precio,64	
amazing-people,9	
amenaza-con,32	
america-donald,54	
america-doomed,57	
america-fans,31	
american-donald,67	
american-jobs,131	
american-people,101	
among-group,17	
animal-assad,193	
anniversary-assassination,36	
announces-billboards,182	
another-reason,182	
ans-fait,23	
antithesis-christopher,63	
apache-debatimos,3	
apartment-buildings,1	
apparently-donald,25	
appears-donald,60	
approval-rating,59	
approval-ratings,59	
area-putin,42	
argument-says,38	
arm-teachers,40	
armas-qumicas,32	
armes-chimiques,14	
around-making,50	
article-looks,38	
ass-cheek,57	
assad-ira,63	
assad-lan,48	
assad-reports,128	
assad-russia,41	
assad-sep,828	
assad-syria,24	
assassination-earlier,36	
ataque-con,32	
ataque-qumico,183	
ate-donald,2	
ate-john,64	
atlantic-city,72	
atrium-commercial,36	
attack-syria,291	
attacks-hillary,134	
attacks-washington,134	
audacity-blame,673	
autoridades-mexicanas,36	
avenue-donald,470	
avenue-today,532	
avoid-trap,4	
backing-animal,24	
bad-parent,7	
badly-michael,65	
bags-trump,22	
bakan-donald,132	
baltic-states,81	
bankruptcy-courts,329	
banks-kentucky,6	
barack-obama,267	
barr-posts,28	
barret-man,50	
barron-john,545	
barry-soweto,24	
bashar-assad,63	
basically-turned,673	
basketball-players,49	
basketball-sport,6	
battle-wits,102	
beaucoup-morts,48	
behind-promise,67	
believes-market,523	
ben-carson,41	
berserk-trump,71	
bet-founder,262	
betsy-vos,41	
big-donald,61	
biggest-political,59	
billboard-demands,13	
billboards-demanding,182	
billionaire-openly,54	
bin-zayed,29	
bit-suspicious,17	
black-american,131	
black-bet,131	
black-billionaire,54	
blame-amazon,54	
blame-chicago,54	
blame-china,54	
blame-hillary,54	
blame-hollywood,54	
blame-journalists,54	
blame-kaepernick,54	
blame-mexico,54	
blame-obama,673	
blamed-obama,154	
blamed-russia,128	
blamed-russian,63	
blames-vladimir,24	
blesss-donald,23	
bloviates-caravan,54	
blue-check,41	
bob-mueller,107	
bogus-reports,60	
border-bogus,60	
border-cant,72	
border-watching,144	
bot-leader,63	
bottom-trump,36	
brag-well,41	
bragging-trump,25	
bragging-well,60	
brags-tweet,53	
brags-well,47	
brian-white,19	
broke-law,77	
build-casino,72	
build-wall,112	
building-despite,41	
buildings-http,40	
buildings-landlords,1	
built-buil,47	
built-building,94	
built-donald,22	
built-genovese,353	
burning-russia,17	
bus-crash,10	
business-partners,47	
businesses-involved,329	
cabinet-post,123	
calipari-donald,6	
call-blue,41	
call-justice,28	
called-donald,24	
calling-trying,41	
calls-justin,10	
came-caravan,12	
candidate-state,17	
candor-lets,174	
cant-even,72	
caravan-hit,1	
caravan-immigrants,54	
caravan-kind,12	
caravan-made,54	
care-america,128	
care-enough,59	
care-people,185	
carson-still,41	
cases-federal,329	
casino-atlantic,72	
catches-fire,71	
causing-stock,8	
certainly-make,19	
chances-taking,59	
charge-trump,523	
cheap-basta,175	
cheap-put,31	
check-wealth,41	
cheek-also,57	
chemical-attack,283	
children-amazing,9	
children-mindless,1	
chimique-syrie,48	
chimiques-syrie,14	
china-says,18	
china-tries,38	
christopher-hitchens,63	
circus-many,12	
city-late,1352	
city-withou,65	
city-without,7	
claiming-supported,63	
claims-doesnt,22	
claims-sources,545	
classroom-kids,61	
clear-spelt,2	
clinging-scott,274	
clinton-stuck,418	
clinton-thus,51	
closer-direct,57	
coalition-behind,67	
cohen-badly,65	
cohen-gave,65	
cohen-quiet,65	
colbert-needs,45	
cold-open,81	
color-sexual,114	
com-que,34	
comercial-iniciada,3	
comment-sorry,63	
commercial-floors,36	
commissioner-confirms,309	
compared-size,59	
comparing-bad,7	
compris-des,48	
con-armas,32	
con-ella,63	
con-tomar,32	
condemns-chemical,9	
condolences-humboldt,10	
confirms-blackmail,71	
confirms-donald,17	
confirms-miss,34	
confirms-trump,309	
constant-federal,418	
contacted-released,49	
continued-strength,69	
contra-siria,32	
contractors-via,32	
control-syria,673	
copy-document,21	
corners-broke,77	
corrupts-mega,60	
costly-trade,119	
couldnt-afford,18	
country-around,50	
country-presidents,28	
courage-wisdom,69	
courageous-president,18	
crap-abo,185	
crazed-tweet,28	
crazy-shit,25	
credible-reports,12	
crime-families,353	
criminal-president,418	
criticized-obama,46	
crossed-stated,63	
crown-prince,29	
crystal-clear,174	
cut-corners,77	
daily-hourly,66	
danger-name,77	
dare-gop,26	
dark-souls,67	
data-misuse,36	
day-donald,80	
day-remind,353	
days-ago,42	
dead-including,1	
dead-trump,470	
deadly-chemical,154	
deadly-gas,128	
dear-trump,59	
deaths-manhatt,22	
debates-decided,24	
debatimos-sobre,3	
decided-deploy,144	
decided-support,24	
decider-donald,19	
declared-war,25	
deep-end,158	
defender-respetar,36	
defends-swamp,80	
definitely-donald,17	
deja-menos,53	
demand-unredacted,21	
demanding-djt,182	
demands-newsweek,13	
democrats-hate,46	
democrats-immediately,190	
democrats-way,190	
dems-jump,182	
department-fbi,28	
deploy-military,144	
deploy-national,60	
deport-https,25	
deported-hunting,13	
derechos-migrantes,36	
deregulation-cut,77	
des-enfants,48	
des-femmes,48	
describing-donald,29	
deserving-dumpster,34	
despite-donald,59	
despite-someone,41	
developers-donald,289	
developments-opportunities,29	
devin-nunes,21	
dice-que,64	
died-fire,208	
died-people,63	
dies-trump,78	
diplomat-informed,40	
direct-negotiations,57	
directly-blames,24	
dirt-donald,34	
discuss-regional,29	
dismissed-rep,21	
disse-que,66	
dividing-nationality,25	
djt-deported,182	
dnonce-lattaque,48	
doctorkropotkin-left,57	
document-initiated,21	
doesnt-care,185	
doesnt-give,185	
doesnt-sprinklers,22	
doj-dismissed,21	
donald-advice,267	
donald-argument,38	
donald-claims,22	
donald-day,47	
donald-higher,59	
donald-predicte,470	
donald-presidency,34	
donald-reme,23	
donald-tru,828	
donald-trum,213	
donald-trump,8574	
donald-trumps,590	
donald-tweet,19	
donald-tweets,49	
donald-want,4	
dont-find,17	
dont-lie,4	
dont-many,545	
dont-think,63	
dont-worry,19	
doomed-donald,57	
dos-donald,100	
dossier-confirms,17	
dou-kimyasal,71	
dou-sivilleri,61	
drained-refilled,60	
draining-swamp,67	
dreamt-went,61	
drops-donald,31	
due-process,3	
dumpster-fire,34	
earlier-week,144	
earlier-year,36	
easy-donald,32	
economy-bringing,54	
economy-trying,62	
edge-via,20	
elecciones-por,105	
elected-donald,51	
elephant-peta,13	
elizabeth-muslim,25	
ella-iguana,63	
else-notice,4	
embarrassed-humiliated,45	
end-donald,158	
end-sight,18	
ending-policy,58	
enfants-assad,48	
enough-residents,59	
entire-trump,17	
epa-chief,123	
eric-trump,47	
esed-rejiminin,61	
establishment-hates,46	
estadounidenses-defender,36	
euael-presidente,25	
evaluate-things,69	
even-build,72	
even-figure,28	
every-woman,38	
everyone-pray,18	
everyone-pressured,61	
exclusive-fox,65	
executive-order,68	
exhortan-las,36	
experiment-biggest,59	
extent-trump,43	
facebook-data,36	
facts-running,3	
failing-meet,67	
fait-blesss,23	
faith-reasons,107	
fake-bloody,18	
families-housed,353	
family-charge,523	
fbi-embarrassment,28	
fbis-investigation,21	
federal-governmentis,101	
federal-investigati,418	
federal-state,329	
femmes-des,48	
fifth-avenue,532	
fight-installing,29	
figure-shes,28	
finally-killed,470	
finally-well,38	
find-least,17	
fines-votes,40	
fire-commissioner,309	
fire-death,238	
fire-donald,53	
fire-name,34	
fire-person,60	
fire-sprinklers,669	
fire-trump,266	
fire-via,63	
first-black,54	
fix-donald,53	
flew-uae,47	
floor-someone,309	
floors-bottom,36	
floors-since,36	
floors-trump,18	
florida-passed,40	
following-great,343	
forces-border,144	
forgotten-men,119	
fort-apache,3	
founder-robert,131	
founder-says,131	
fox-friends,65	
fox-news,60	
free-advice,4	
freeing-basketball,49	
fronteira-com,34	
fucked-michael,65	
fully-agree,25	
function-federal,101	
gambino-crime,353	
gas-attack,128	
gave-donald,40	
gave-michael,65	
genovese-ate,64	
genovese-gambino,353	
germanys-top,40	
get-facts,3	
getting-syria,42	
ghazala-khan,5	
gift-daytrader,59	
give-crap,185	
give-donald,69	
give-wall,25	
glamour-trekked,647	
god-give,69	
goes-berserk,71	
goes-deep,158	
goes-edge,158	
going-bankr,7	
gold-star,5	
golf-course,47	
good-day,353	
good-faith,107	
good-morning,69	
good-news,8	
gop-ignore,26	
gop-irony,66	
got-idea,4	
got-trump,118	
governing-coalition,67	
governmentis-protect,101	
great-black,131	
great-job,123	
great-president,343	
greatest-president,31	
guard-border,60	
guarda-nacional,34	
gublin-donald,65	
gueorgui-makharadze,45	
guerra-comercial,3	
guy-fifth,532	
hand-decider,19	
hanging-hopes,19	
hardball-china,18	
hate-donald,92	
hates-donald,92	
haunted-rabbit,64	
heading-boarder,54	
hedef-alan,61	
hell-gift,59	
helped-vilify,51	
hes-openly,58	
hey-remember,64	
high-rises,29	
higher-approval,59	
hillary-clinton,486	
hillary-fbi,134	
history-america,31	
hit-donald,38	
hit-users,36	
hit-wall,1	
hit-washington,28	
hitchens-claiming,63	
homme-ans,23	
honest-courageous,18	
honor-martin,36	
honorable-president,54	
hopes-john,19	
horrific-obama,141	
hourly-affirmation,66	
house-dinner,65	
house-rose,59	
house-staff,19	
housed-wave,353	
huge-rich,119	
humboldt-bus,10	
hunting-elephant,13	
hurts-via,38	
idea-donald,4	
ideologically-morall,66	
ignore-donald,26	
ignores-trump,238	
ignoring-civilia,25	
iii-failing,67	
iin-rusya,71	
ike-donald,59	
immediately-pushed,190	
immigrants-heading,54	
important-note,22	
inactive-twitter,12	
incendie-tage,23	
incite-violence,41	
including-women,1	
informed-united,40	
iniciada-por,3	
initiated-fbis,21	
injured-donald,60	
install-sprinklers,59	
installing-sprinkler,40	
installing-sprinklers,29	
interview-donald,107	
interview-rona,50	
invoking-myth,114	
involved-legal,329	
involved-participated,38	
iran-animal,128	
irony-lies,66	
jail-years,40	
january-donald,40	
jesus-says,69	
jesus-thank,22	
job-epa,123	
john-barron,545	
john-calipari,6	
john-gotti,64	
john-kelly,276	
johnson-first,54	
judge-people,69	
jump-ship,182	
justice-department,28	
justin-trudeau,10	
keeps-invoking,114	
kelly-goes,158	
kelly-hit,28	
kelly-overplayed,19	
kelly-screaming,71	
kennedy-drops,31	
kentucky-basketball,6	
khan-gold,5	
kids-classroom,61	
kids-pretty,18	
kids-scared,61	
killed-guy,532	
killed-man,470	
kim-step,57	
kimyasal-saldr,71	
kimyasal-saldrsna,61	
kind-travelling,12	
kindly-shut,647	
kindred-spirits,148	
king-anniversary,36	
know-children,9	
know-scott,80	
lack-candor,174	
landlords-developers,289	
las-autoridades,36	
las-elecciones,105	
lattaque-chimique,48	
law-makes,32	
law-put,77	
leading-fight,29	
least-bit,17	
left-ass,57	
legal-cases,329	
legislation-requiring,1352	
legislation-train,40	
less-tolerance,190	
lets-crystal,174	
lets-start,59	
liar-traito,8	
lie-talk,4	
lie-white,114	
lies-uneducated,66	
line-breakfast,2	
line-sand,63	
listen-mike,25	
literally-catches,63	
literally-fire,71	
little-kids,61	
live-hes,58	
live-trump,185	
lives-danger,77	
lobbied-installin,208	
lobbied-installing,40	
lobbied-legislation,1352	
lobbied-sprinkl,31	
lobbied-sprinklers,306	
longer-see,40	
look-rea,68	
los-rencores,105	
loses-via,57	
lost-many,329	
lot-vote,71	
love-windows,12	
luther-king,36	
machado-rompe,63	
made-garbage,134	
made-made,134	
madness-madness,2	
madness-method,2	
make-donald,19	
make-president,343	
makes-easy,32	
makharadze-georgian,45	
making-americ,50	
making-donald,38	
making-look,68	
man-avenue,470	
man-died,208	
man-dies,31	
man-turned,50	
managers-nyc,41	
managing-sexist,25	
manter-guarda,34	
many-credible,12	
many-dead,1	
many-years,545	
market-plunge,8	
market-rate,523	
martin-luther,36	
mary-colbert,45	
masqueraded-publicist,545	
match-battle,102	
may-hit,36	
maybe-got,4	
maybe-wrong,63	
media-hates,46	
meet-standards,67	
meeting-donald,57	
mega-crocodi,60	
memo-ending,58	
men-color,114	
men-hav,114	
men-women,119	
menace-ses,14	
menos-muertos,53	
mesajnda-dou,71	
message-president,71	
method-clear,2	
method-madness,2	
mexicanas-estadounidenses,36	
michael-cohen,195	
michelle-bizarre,343	
michelle-comparing,7	
mike-pence,25	
mikko-donald,34	
military-forces,144	
mindless-chemical,1	
misbehavior-within,190	
misled-public,49	
miss-universe,34	
misuse-may,36	
mohammed-bin,29	
moment-rea,24	
moment-republican,24	
month-day,80	
morning-candidate,17	
morning-today,69	
morts-compris,48	
mother-stood,5	
mouths-taking,3	
mueller-ate,2	
mueller-seeks,107	
mueller-tha,4	
mueller-took,64	
muslim-refugees,25	
mxico-exhortan,36	
myth-men,114	
nacional-fronteira,34	
name-dumpster,34	
named-john,545	
national-guard,60	
nationality-fully,25	
near-rump,13	
neutral-observation,43	
news-causing,8	
news-source,128	
note-trump,22	
notice-picture,4	
nov-peta,182	
novo-ataque,66	
nuevo-programa,3	
number-function,101	
nunes-demand,21	
nyc-openly,41	
nyt-report,288	
obama-act,828	
obama-crossed,63	
obama-deadly,154	
obama-era,141	
obama-glamour,647	
obama-promptly,57	
obama-syria,673	
obama-took,267	
obamas-fault,154	
obispos-mxico,36	
observation-donald,43	
obvious-got,59	
offer-condolences,10	
onald-trump,28	
ones-provokes,43	
oopsies-donald,63	
openly-calling,41	
openly-racist,58	
openly-supporting,54	
order-sign,68	
organization-golf,47	
overplayed-hand,19	
owns-trump,66	
package-wanted,17	
pagar-alto,64	
pagar-preo,66	
paid-month,80	
parent-know,9	
part-got,59	
participated-making,38	
partners-wedding,47	
party-ideologically,66	
pas-polarizado,105	
passed-legislation,40	
pathological-liar,8	
paul-wesley,12	
pay-syria,41	
payer-prix,14	
pelotazo-gublin,65	
pence-either,25	
penis-listen,59	
people-called,24	
people-evaluate,69	
people-helped,51	
people-injured,63	
people-live,185	
people-pierson,9	
people-president,101	
people-stil,71	
peoples-lives,77	
perfect-president,57	
person-dead,470	
person-seriously,60	
peta-announces,182	
peta-billboard,13	
picture-donald,4	
pierson-rem,9	
players-time,49	
plays-hardball,18	
please-send,71	
polarizado-por,105	
political-failure,59	
political-risk,828	
poll-shows,59	
por-ataque,96	
por-donald,3	
por-las,105	
por-los,105	
por-mil,105	
por-novo,66	
post-betsy,41	
post-report,28	
post-ryan,41	
post-story,29	
posted-tweet,60	
posts-crazed,28	
potus-thank,22	
pray-god,69	
pray-honest,18	
precio-por,64	
predators-lie,114	
predictably-unpredictable,2	
preo-alto,66	
presidency-report,57	
presidency-thing,34	
president-bashar,63	
president-constant,418	
president-donald,268	
president-done,343	
president-history,31	
president-obama,948	
president-trump,468	
president-united,54	
president-vladimir,63	
president-vote,71	
presidente-dos,100	
presidents-call,28	
press-conference,64	
pressured-jefferso,61	
pretende-manter,34	
pretty-sure,18	
price-pay,41	
prince-mohammed,29	
prix-fort,14	
proclamation-executive,68	
programa-fort,3	
promise-draining,67	
promptly-loses,57	
protect-american,168	
proud-parent,9	
provokes-ene,43	
pruitt-great,123	
pruitt-hanging,19	
pruitt-sink,274	
public-freeing,49	
publicist-named,545	
punching-bags,22	
pushed-franke,190	
put-peoples,77	
put-sprinklers,31	
putin-backing,24	
putin-owns,66	
putin-pay,9	
putin-president,63	
putin-rusia,46	
que-donald,63	
que-pagar,66	
que-pretende,34	
que-significa,105	
que-siria,64	
queen-elizabeth,25	
quicker-deploy,60	
qumico-culpou,66	
qumico-siria,53	
rabbit-press,64	
rant-twitter,12	
rape-circus,12	
rasmussen-poll,59	
rate-family,523	
ratings-percent,59	
reagan-savior,141	
real-reason,274	
realdonaldtrump-alone,53	
reason-dems,182	
reason-donald,274	
reasons-related,107	
recession-america,57	
red-line,65	
red-nov,182	
refilled-vilest,60	
refugees-dividing,25	
regional-developments,29	
rejimi-lider,71	
rejiminin-dou,61	
related-establishing,107	
remained-silent,647	
remember-days,42	
remember-time,64	
remind-trump,353	
reminder-extent,43	
reminder-trump,550	
rencores-por,105	
rep-devin,21	
report-john,28	
report-landlords,288	
reportedly-lobbied,208	
reports-deadly,128	
reports-saw,60	
reports-syrian,78	
represalias-contra,32	
republican-debates,24	
republican-party,66	
republican-voters,17	
republicans-political,828	
required-apartment,1	
requiring-sprinklers,1352	
residents-trump,59	
respetar-derechos,36	
revel-que,63	
rinos-hate,46	
rips-michelle,7	
rises-htt,29	
risk-urge,828	
risking-screwing,62	
robert-john,131	
robert-johnson,54	
robert-kennedy,31	
robert-mueller,66	
rompe-revel,63	
rona-barret,50	
ronald-reagan,141	
rose-despite,59	
roseanne-barr,28	
royal-among,17	
ruhle-trump,62	
running-mouths,3	
running-punching,22	
russia-confirms,105	
russia-dossier,17	
russia-iran,128	
russia-price,41	
russian-president,63	
rusya-sulad,71	
ryan-zinke,41	
sabe-usted,105	
saldr-iin,71	
saldrsna-sert,61	
sasha-banks,6	
saved-man,208	
saved-potus,22	
savior-horrific,141	
saw-fox,60	
saying-couldnt,18	
says-came,12	
says-end,18	
says-judge,69	
says-scott,123	
says-trump,131	
says-vladimir,9	
scared-little,61	
scared-trum,61	
scaring-kids,18	
scott-paid,80	
scott-pruitt,496	
screwing-economy,62	
sealing-southern,104	
secretly-dark,67	
see-look,69	
see-united,40	
seeks-interview,107	
selfie-stick,647	
send-message,71	
sep-donald,828	
separated-birth,148	
september-barack,267	
seriously-injured,60	
sert-tepki,61	
serve-prot,69	
ses-allis,14	
sexist-thanking,25	
sexo-con,63	
sexual-predators,114	
shes-talking,28	
ship-vote,182	
show-people,71	
shows-donald,59	
shut-fuck,647	
side-history,7	
sign-stop,68	
significa-unir,105	
signs-memo,58	
silent-syria,647	
simple-donald,63	
since-theres,36	
sink-kindred,148	
siria-deja,53	
siria-pagar,64	
siria-por,32	
sivilleri-hedef,61	
size-penis,59	
skill-stances,43	
skipping-white,65	
slams-donald,58	
sobre-guerra,3	
solution-forgotten,119	
someone-died,372	
someone-dies,47	
someone-hillary,17	
someone-seriously,41	
soon-donald,17	
sorry-someone,63	
souls-iii,67	
sources-dont,545	
southern-via,91	
soweto-weird,24	
soyabean-china,38	
speeches-everyone,61	
spirits-separated,148	
spoke-crown,29	
sprinkler-systems,40	
sprinklers-also,185	
sprinklers-deaths,22	
sprinklers-floor,309	
sprinklers-high,29	
sprinklers-required,1	
sprinklers-saved,208	
sprinklers-saying,18	
sprinklers-unnecessary,288	
sprinklers-york,1352	
staff-certainly,19	
stage-overcome,5	
stances-takes,43	
standards-pen,67	
star-mother,5	
start-obvious,59	
start-trade,62	
state-bankruptcy,329	
state-news,128	
state-treasurer,17	
stated-red,63	
states-america,54	
states-cold,81	
states-longer,40	
states-president,63	
stating-economy,54	
step-closer,57	
stephanie-ruhle,62	
stick-kindly,647	
stiff-contractors,32	
still-cabinet,123	
still-clinging,148	
still-rasmussen,59	
stock-market,8	
stood-stage,5	
stop-wind,68	
story-describing,29	
strategies-protect,67	
strength-courage,69	
stuck-criminal,418	
sulad-rejimi,71	
summit-meeting,57	
support-donald,24	
supported-vacuou,63	
supporting-donald,54	
sure-fake,18	
suriyeyi-bombalayaca,23	
surrendering-area,42	
suspicious-soon,17	
swamp-scott,80	
swamp-washington,67	
syria-chemical,41	
syria-morning,154	
syria-obama,647	
syria-putin,673	
syria-says,9	
syria-surrendering,42	
syria-syrian,128	
syrian-chemical,78	
syrian-state,128	
syrie-beaucoup,48	
syrie-donald,14	
systems-buildings,40	
tage-trump,23	
takes-ones,43	
takes-president,57	
taking-actions,3	
taking-house,59	
talk-mueller,4	
talks-gettin,17	
taylor-royal,17	
teachers-wit,40	
tener-sexo,63	
tepki-gsterdi,61	
thank-donald,22	
thank-jesus,22	
thanking-firefighters,25	
theres-atrium,36	
thing-deserving,34	
things-see,69	
think-donald,63	
thinks-build,72	
thought-article,38	
thought-prayers,19	
thus-elected,51	
time-contacted,49	
time-robert,64	
today-good,353	
today-honor,36	
today-pray,69	
tolerance-misbehavior,190	
tomar-represalias,32	
took-donald,267	
took-genovese,64	
top-diplomat,40	
tower-actually,36	
tower-brag,41	
tower-built,353	
tower-catches,8	
tower-definitely,17	
tower-donald,239	
tower-fire,1387	
tower-homme,23	
tower-install,59	
tower-literally,134	
tower-sprinklers,18	
tower-well,22	
toy-stocks,49	
trade-bene,62	
trade-war,119	
train-arm,40	
trap-dont,4	
trat-tener,63	
travelling-rape,12	
treasurer-taylor,17	
trekked-across,647	
tries-hit,38	
trudeau-offer,10	
truly-believes,523	
trump-admit,59	
trump-afirmou,34	
trump-also,24	
trump-amenaza,32	
trump-antithesis,63	
trump-approval,59	
trump-audacity,673	
trump-baltic,81	
trump-barry,24	
trump-basically,673	
trump-blamed,345	
trump-bloviates,54	
trump-brags,100	
trump-burning,17	
trump-businesses,329	
trump-calls,10	
trump-care,187	
trump-cheap,31	
trump-claims,545	
trump-clinging,126	
trump-comment,63	
trump-con,3	
trump-condemns,9	
trump-continued,69	
trump-daily,66	
trump-declared,25	
trump-defends,80	
trump-deport,25	
trump-deported,13	
trump-deregulation,77	
trump-dice,64	
trump-directly,24	
trump-disse,66	
trump-dnonce,48	
trump-doesnt,185	
trump-drained,60	
trump-esed,61	
trump-even,28	
trump-experiment,59	
trump-family,18	
trump-finally,470	
trump-fire,41	
trump-flew,47	
trump-fucked,65	
trump-getting,42	
trump-ghazala,5	
trump-goes,229	
trump-good,107	
trump-gop,66	
trump-great,131	
trump-greatest,31	
trump-haunted,64	
trump-hell,59	
trump-hurts,38	
trump-internation,523	
trump-interview,50	
trump-keeps,114	
trump-killed,532	
trump-kim,57	
trump-leading,29	
trump-listed,36	
trump-listen,25	
trump-live,58	
trump-lobbied,1729	
trump-mainstreaming,59	
trump-menace,14	
trump-misled,49	
trump-organization,47	
trump-package,17	
trump-pathological,8	
trump-plays,18	
trump-posted,60	
trump-predictably,2	
trump-presi,174	
trump-presidency,57	
trump-quicker,60	
trump-reportedly,208	
trump-risking,62	
trump-sasha,6	
trump-savior,141	
trump-says,135	
trump-scared,61	
trump-scaring,18	
trump-secretly,67	
trump-signs,58	
trump-skipping,65	
trump-speeches,61	
trump-spoke,29	
trump-stating,54	
trump-stiff,32	
trump-still,148	
trump-supporters,59	
trump-suriyeyi,23	
trump-takes,57	
trump-talks,17	
trump-thedailybe,19	
trump-thinks,72	
trump-tomahawks,33	
trump-towe,60	
trump-tower,2301	
trump-trat,63	
trump-truly,523	
trump-turning,4	
trump-turns,22	
trump-tweets,78	
trump-twitter,99	
trump-unified,67	
trump-voted,418	
trump-walk,102	
trump-wants,40	
trump-warns,41	
trump-willing,43	
trumps-day,443	
trumps-red,2	
trumps-solution,119	
trumps-treason,26	
try-match,102	
trying-incite,41	
trying-make,343	
trying-start,62	
turned-control,673	
turned-country,50	
turns-mattis,22	
tweet-bragging,60	
tweet-donald,28	
tweet-thought,19	
tweet-well,53	
tweets-made,134	
tweets-morning,238	
tweets-reports,78	
tweets-toy,49	
twitter-feud,53	
twitter-mesajnda,71	
twitter-twit,28	
two-america,141	
two-republicans,828	
uae-business,47	
uneducated-fools,66	
unified-governing,67	
unir-pas,105	
united-states,197	
universe-dirt,34	
unnecessary-expe,288	
unpredictable-method,2	
unredacted-copy,21	
upper-floors,18	
urge-president,828	
use-strategies,67	
usted-que,105	
vilest-corrupts,60	
vilify-hillary,51	
vladimir-putin,96	
vos-still,41	
vote-affirm,17	
vote-red,182	
vote-show,71	
voted-hillary,418	
voters-vote,17	
votes-gave,40	
wake-call,41	
walk-stair,102	
wall-border,72	
wall-donald,1	
want-avoid,4	
want-donald,13	
want-near,13	
want-shirt,13	
want-skirt,13	
wanted-someone,17	
wants-build,40	
war-china,119	
war-soil,25	
warns-animal,41	
washington-cabi,67	
washington-euael,25	
washington-examiner,28	
washington-post,162	
washington-washington,28	
watching-donald,102	
watching-morning,17	
watching-try,102	
way-less,190	
way-perfect,57	
wealth-managers,41	
wedding-trump,47	
week-decided,144	
well-built,163	
well-thought,38	
well-trump,60	
went-big,61	
white-house,84	
white-men,114	
wind-making,68	
wisdom-serve,69	
within-party,190	
without-going,7	
wits-watching,102	
woman-involved,38	
women-children,1	
words-bob,107	
worry-brian,19	
wrong-dont,63	
wrong-side,7	
year-spoke,36	
years-fines,40	
years-masqueraded,545	
yes-proud,9	
york-city,1352	
york-post,29	
youre-people,51	
zayed-discuss,29	
zinke-still,41	
