word,count	
Abbott,160	
Abiding,8620	
According,80	
Acid,200	
Amber,1021	
America,240	
American,400	
App,600	
Armed,800	
Asking,389	
Assault,904	
Assembly,1021	
Attacks,200	
Austra,1249	
Australia,1449	
BANNED,465	
Ban,200	
Basically,200	
Bernie,40	
Brand,240	
CDC,1446	
CRIME,8620	
Chicago,320	
Communities,400	
Concerned,200	
Control,17240	
Cressida,360	
Crime,4185	
Democratic,400	
Dick,360	
Difference,200	
Educational,200	
Enacted,400	
England,1699	
Every,200	
Fake,304	
Figures,342	
Finally,200	
GUN,240	
Global,2185	
God,231	
Goldberg,240	
Government,400	
Govt,200	
Grassroots,200	
Great,389	
Gun,12837	
IDEA,200	
INCREASES,8620	
Inconvenient,1189	
Islamic,280	
Jeremy,320	
John,40	
Kelly,40	
Khan,920	
Knife,2211	
Knows,1446	
Lammy,160	
Law,8620	
Lee,240	
Left,1446	
Liberty,8620	
Liz,1189	
London,3562	
Londons,160	
Look,200	
Lose,8620	
Lower,1446	
MONKEYS,240	
MPs,1021	
Majority,200	
Makes,200	
Mayor,360	
Media,304	
Mope,200	
Much,1446	
Murder,3019	
Murders,1491	
Muslim,600	
NRA,1269	
NYC,400	
Need,1446	
News,304	
Newspaper,200	
Numbers,1446	
Ottawa,600	
Overtakes,200	
Owners,80	
Please,116	
Police,800	
Politically,360	
Politicians,200	
Present,240	
Prog,200	
Proved,1446	
Publishing,400	
Radio,200	
Rape,200	
Rate,200	
Real,1446	
Reported,200	
Resign,160	
Robbery,200	
Rudd,1021	
Sadiq,920	
Sajid,1699	
September,320	
Sexual,600	
Sign,160	
Simon,240	
States,240	
Stats,1446	
Stn,200	
Study,1446	
Switzerland,200	
Teen,80	
Tell,342	
Terrorism,280	
Test,240	
Thanx,80	
Theft,600	
Theres,800	
Today,80	
Truth,1446	
United,240	
Victor,240	
Violent,80	
Voted,40	
Wakandans,160	
Walk,40	
Weapon,304	
Year,320	
Zealand,1249	
abiding,465	
absolute,200	
abusers,560	
acid,622	
across,1699	
action,160	
agenda,800	
alien,400	
allows,560	
argument,200	
arm,389	
around,200	
asically,200	
assault,80	
associated,2185	
attacks,342	
attention,116	
away,560	
ball,200	
ban,80	
banger,200	
banned,200	
beginning,115	
belief,200	
better,11	
big,160	
blame,280	
blue,200	
breaking,200	
bring,1249	
burn,11	
call,200	
called,1381	
calling,200	
capita,200	
capital,200	
carry,360	
caught,1189	
caus,200	
caused,1189	
charge,280	
charity,116	
check,200	
cities,200	
citizens,465	
city,520	
civilized,200	
clearly,200	
combat,200	
combating,440	
coming,80	
commit,160	
common,560	
communities,200	
compared,200	
comparison,1189	
complacency,2372	
concern,160	
continued,200	
contrary,200	
control,1680	
correct,360	
correlated,200	
council,1021	
created,304	
crim,200	
crime,16707	
criminal,560	
croonies,160	
crying,400	
day,11	
deal,160	
debate,200	
decimating,342	
defense,1269	
defo,800	
difficult,231	
directly,200	
disar,465	
doesnt,400	
done,2372	
drillas,200	
drive,160	
dropped,80	
dropping,200	
economic,200	
effectively,440	
eliminate,231	
end,160	
ending,320	
esp,389	
even,465	
ever,200	
every,589	
example,200	
existing,200	
exp,200	
exposes,1269	
expressing,160	
failed,560	
fallen,2372	
familiar,2372	
far,400	
fees,200	
fight,200	
firearm,400	
focuses,116	
folding,200	
followed,2372	
fools,400	
footb,200	
forget,465	
freaking,400	
front,600	
get,1160	
going,2099	
government,2772	
governments,80	
governor,1669	
gun,12432	
guns,2314	
guy,280	
half,80	
halfwits,360	
happens,200	
harm,1189	
hate,560	
hav,80	
help,360	
helps,389	
hes,200	
hidden,800	
higher,4370	
homicides,160	
horrific,560	
house,200	
http,160	
huge,200	
ignorance,200	
illegal,800	
incite,200	
inclu,400	
increase,200	
increasing,200	
increasingly,160	
inertia,2372	
injustices,200	
interests,304	
investigate,200	
justice,560	
kick,200	
kids,200	
killed,2099	
killing,200	
knife,2662	
lack,200	
law,665	
laws,1040	
leaders,1021	
leadership,400	
liberals,1249	
lied,200	
light,200	
lin,2372	
lives,80	
look,1491	
lost,80	
lot,600	
makes,1349	
managers,200	
many,1249	
massive,200	
mate,160	
mayor,200	
mean,400	
means,200	
media,800	
meeting,1021	
member,600	
members,1021	
militia,600	
million,80	
model,200	
money,200	
much,200	
mugging,200	
municipality,400	
murder,400	
must,2572	
national,400	
near,200	
needs,160	
nife,11	
number,200	
officers,360	
openly,200	
organisation,116	
owne,200	
ownership,2185	
parking,600	
pass,342	
passes,80	
payers,200	
peep,400	
people,2459	
per,200	
pipeline,1269	
place,840	
plan,160	
plastering,800	
point,389	
police,720	
politicians,160	
popular,200	
power,40	
preventing,116	
push,304	
racist,40	
rate,600	
rates,4370	
recommend,116	
record,1491	
reduced,240	
regulated,600	
related,80	
repeal,304	
resign,200	
resource,200	
rest,200	
rise,960	
rising,625	
rode,80	
role,1269	
root,200	
run,11	
salute,200	
says,320	
search,200	
searches,360	
see,600	
seen,200	
sees,200	
serious,200	
shoots,600	
shot,400	
show,2265	
showed,200	
signal,200	
signalling,360	
single,389	
slaughtered,80	
social,200	
someone,116	
something,2372	
speeding,1189	
stabbings,1699	
start,400	
statistics,2585	
stop,1102	
story,560	
strategies,440	
strict,200	
strictest,440	
suburb,80	
system,560	
tackle,760	
tal,1021	
talked,200	
talking,1249	
tax,200	
teams,200	
technology,200	
tell,1249	
term,304	
theblaze,231	
thing,40	
though,40	
three,600	
towards,116	
try,200	
trying,542	
twice,1849	
understand,620	
urgent,600	
using,400	
uttered,400	
via,440	
violence,1031	
violent,2585	
virtually,200	
virtue,360	
voted,40	
wake,200	
wanted,600	
wasting,200	
wave,280	
wealth,200	
weapons,80	
well,1621	
western,200	
whenever,320	
wife,600	
willful,200	
world,280	
years,280	
yet,200	
young,200	
youv,400	
