word,count	
abiding-citizens,465	
absolute-banger,200	
abusers-get,560	
acid-attacks,200	
acid-crime,200	
across-england,1219	
alien-illegal,400	
allows-abusers,560	
amber-rudd,781	
american-peep,400	
app-see,600	
argument-seen,200	
around-killing,200	
asically-gun,200	
asking-gun,389	
assault-theft,600	
assembly-members,781	
attacks-mope,200	
attention-towards,116	
australia-example,200	
australia-talking,200	
ball-around,200	
ban-finally,200	
banned-gun,465	
banned-guns,200	
beginning-nra,115	
belief-continued,200	
bernie-thing,40	
better-gun,11	
blame-guy,200	
blue-check,200	
breaking-mugging,200	
bring-australia,200	
burn-gun,11	
call-blue,200	
called-meeting,781	
called-police,200	
calling-trying,200	
capita-compared,200	
capital-young,200	
carry-stop,200	
caught-speeding,752	
caused-harm,752	
charge-city,200	
charity-organisation,116	
check-wealth,200	
cities-strictest,200	
citizens-disar,465	
civilized-western,200	
clearly-using,200	
combat-gun,200	
combating-gun,200	
common-failed,560	
communities-crying,400	
communities-directly,200	
compared-rest,200	
comparison-crime,752	
complacency-inertia,1600	
concerned-number,200	
continued-rise,200	
contrary-popular,200	
control-lied,200	
control-tell,200	
correct-virtue,200	
correlated-social,200	
council-leaders,781	
cressida-dick,200	
crime-acid,200	
crime-better,11	
crime-capital,200	
crime-contrary,200	
crime-day,11	
crime-going,1219	
crime-government,400	
crime-gun,200	
crime-happens,200	
crime-helps,389	
crime-london,600	
crime-officers,200	
crime-pipeline,1075	
crime-rate,200	
crime-record,1310	
crime-rising,465	
crime-statistics,400	
crime-stop,200	
crime-virtually,200	
crime-wave,200	
criminal-justice,560	
crying-national,400	
day-run,11	
debate-strategies,200	
defense-governor,1075	
democratic-governor,400	
dick-sadiq,200	
difference-crime,200	
directly-correlated,200	
doesnt-mean,400	
done-lin,1600	
drillas-dropping,200	
dropping-absolute,200	
educational-economic,200	
effectively-combating,200	
enacted-gun,400	
ending-september,320	
esp-arm,389	
even-guns,465	
ever-increasing,200	
every-argument,200	
every-prog,200	
every-single,389	
example-banned,200	
existing-gun,200	
exposes-role,1075	
failed-criminal,560	
fallen-familiar,1600	
familiar-complacency,1600	
fees-kick,200	
fight-knife,200	
finally-makes,200	
firearm-shot,400	
focuses-attention,116	
folding-ever,200	
followed-something,1600	
fools-start,400	
forget-even,465	
freaking-doesnt,400	
front-three,600	
get-away,560	
get-ottawa,600	
going-across,1219	
going-guns,400	
government-fallen,1600	
government-going,400	
governor-exposes,1075	
governor-far,400	
govt-sees,200	
grassroots-footb,200	
great-point,389	
gun-acid,200	
gun-ban,200	
gun-control,400	
gun-crime,4981	
gun-every,389	
gun-knife,600	
gun-laws,800	
gun-owne,200	
gun-salute,200	
gun-technology,200	
gun-violence,600	
guns-austra,200	
guns-banned,465	
guns-yet,200	
guns-youv,400	
guy-charge,200	
happens-cities,200	
hate-crime,200	
hate-knife,200	
help-tackle,200	
helps-understand,389	
hes-clearly,200	
horrific-common,560	
house-breaking,200	
huge-increase,200	
idea-murder,200	
ignorance-gun,200	
illegal-alien,400	
illegal-firearm,400	
incite-violence,200	
inconvenient-liz,752	
increase-stop,200	
increasing-fees,200	
inertia-followed,1600	
investigate-serious,200	
islamic-terrorism,200	
john-kelly,40	
justice-system,560	
kelly-racist,40	
khan-called,200	
khan-resign,200	
kick-ball,200	
kids-teams,200	
killed-american,400	
killed-stabbings,1219	
killing-grassroots,200	
knife-crim,200	
knife-crime,2630	
knife-gun,400	
lack-law,200	
law-abiding,465	
law-root,200	
laws-crime,200	
laws-lack,200	
leaders-london,781	
leadership-tackle,400	
liberals-bring,200	
lied-showed,200	
light-signal,200	
liz-caught,752	
london-assembly,781	
london-mayor,400	
london-mps,781	
london-murder,200	
london-police,200	
london-sadiq,200	
look-crime,1310	
look-switzerland,200	
lot-front,600	
majority-idea,200	
makes-comparison,752	
makes-difference,200	
managers-nyc,200	
many-guns,200	
massive-gun,200	
mayor-london,200	
mayor-sadiq,200	
mean-government,400	
means-australia,200	
meeting-amber,781	
member-well,600	
members-tal,781	
militia-shoots,600	
model-near,200	
mps-council,781	
much-hate,200	
mugging-massive,200	
municipality-inclu,400	
murder-gun,200	
murder-rate,200	
murder-sexual,600	
muslim-murder,600	
must-done,1600	
must-investigate,200	
national-leadership,400	
near-gun,200	
newspaper-politicians,200	
nife-crime,11	
nra-defense,1075	
number-kids,200	
nyc-openly,200	
openly-calling,200	
organisation-focuses,116	
ottawa-police,600	
overtakes-nyc,200	
parking-lot,600	
payers-money,200	
peep-uttered,400	
people-killed,1219	
people-wanted,600	
per-capita,200	
place-power,40	
please-someone,116	
point-asking,389	
police-app,600	
police-carry,200	
police-must,200	
police-using,200	
politically-correct,200	
politicians-majority,200	
popular-belief,200	
power-voted,40	
prog-radio,200	
publishing-gun,400	
racist-voted,40	
radio-stn,200	
rate-overtakes,200	
rate-per,200	
recommend-charity,116	
regulated-militia,600	
reported-rape,200	
resign-hes,200	
rest-civilized,200	
rise-exp,200	
rise-gun,200	
rise-violent,400	
rising-law,465	
role-gun,1075	
root-caus,200	
rudd-well,781	
run-burn,11	
sadiq-khan,600	
salute-police,200	
says-year,320	
search-try,200	
searches-help,200	
see-people,600	
seen-gun,200	
sees-light,200	
serious-crime,200	
sexual-assault,600	
shoots-wife,600	
shot-killed,400	
showed-willful,200	
signal-huge,200	
signalling-halfwits,200	
single-crime,389	
social-injustices,200	
someone-recommend,116	
something-must,1600	
speeding-makes,752	
start-freaking,400	
statistics-municipality,400	
stn-newspaper,200	
stop-search,200	
stop-searches,200	
stop-wasting,200	
story-horrific,560	
strategies-effectively,200	
strict-gun,200	
strictest-gun,200	
switzerland-model,200	
system-allows,560	
tackle-rise,600	
talked-strict,200	
talking-gun,200	
tax-payers,200	
teams-folding,200	
technology-existing,200	
terrorism-blame,200	
thing-though,40	
though-walk,40	
towards-preventing,116	
try-combat,200	
trying-incite,200	
twice-many,200	
twice-parking,600	
understand-esp,389	
urgent-debate,200	
using-fight,200	
using-resource,200	
uttered-gun,400	
via-basically,200	
violence-communities,200	
violent-crime,400	
virtually-house,200	
virtue-signalling,200	
voted-john,40	
wake-call,200	
walk-place,40	
wanted-muslim,600	
wasting-tax,200	
wave-islamic,200	
wealth-managers,200	
well-london,781	
well-regulated,600	
western-world,200	
whenever-jeremy,320	
wife-twice,600	
willful-ignorance,200	
year-ending,320	
years-every,200	
yet-gun,200	
young-drillas,200	
zealand-twice,200	
